Tree_Name;Path_ID;Point_Order;Node_ID;X;Y;Label;Type;Is_Node;Samples;Branch_Size;Is_Leaf;Feature;Operator;Threshold;True_Label;False_Label;Samples_Node;Value_Edible;Value_Poisonous;Probability_Edible;Probability_Poisonous;Predicted_Class
Tree 1;Tree 1_TRUNK;0;-1;0.5;-0.92;;Trunk;0;5128;11.0;;;;;;;;;;;;
Tree 1;Tree 1_TRUNK;1;-1;0.5065082560867634;-0.7771428571428571;;Trunk;0;5128;10.714285714285714;;;;;;;;;;;;
Tree 1;Tree 1_TRUNK;2;-1;0.5117274722370204;-0.6342857142857143;;Trunk;0;5128;10.428571428571429;;;;;;;;;;;;
Tree 1;Tree 1_TRUNK;3;-1;0.5146239186827274;-0.4914285714285715;;Trunk;0;5128;10.142857142857142;;;;;;;;;;;;
Tree 1;Tree 1_TRUNK;4;-1;0.5146239186827274;-0.34857142857142864;;Trunk;0;5128;9.857142857142858;;;;;;;;;;;;
Tree 1;Tree 1_TRUNK;5;-1;0.5117274722370204;-0.20571428571428574;;Trunk;0;5128;9.571428571428571;;;;;;;;;;;;
Tree 1;Tree 1_TRUNK;6;-1;0.5065082560867634;-0.06285714285714294;;Trunk;0;5128;9.285714285714286;;;;;;;;;;;;
Tree 1;Tree 1_TRUNK;7;-1;0.5;0.07999999999999996;;Trunk;0;5128;9.0;;;;;;;;;;;;
Tree 1;Tree 1_E_0;0;0;0.5;0.08;stalk-surface-above-ring: k;Split;1;3618;10.0;0.0;stalk-surface-above-ring_k;<=;0.5;Yes;No;5128.0;0.5110782865583456;0.48892171344165436;0.5110782865583456;0.48892171344165436;Edible
Tree 1;Tree 1_E_0;1;1;0.4784279512933243;0.1845142225114015;;Edge;0;3618;9.83996322629557;0.0;stalk-root_c;<=;0.5;Yes;No;3618.0;0.7032179083595663;0.29678209164043373;0.7032179083595663;0.29678209164043373;Edible
Tree 1;Tree 1_E_0;2;1;0.4571034186484374;0.289028445022803;;Edge;0;3618;9.679926452591138;0.0;stalk-root_c;<=;0.5;Yes;No;3618.0;0.7032179083595663;0.29678209164043373;0.7032179083595663;0.29678209164043373;Edible
Tree 1;Tree 1_E_0;3;1;0.43624406403712823;0.3935426675342045;;Edge;0;3618;9.519889678886708;0.0;stalk-root_c;<=;0.5;Yes;No;3618.0;0.7032179083595663;0.29678209164043373;0.7032179083595663;0.29678209164043373;Edible
Tree 1;Tree 1_E_0;4;1;0.41601144209503993;0.49805689004560605;;Edge;0;3618;9.359852905182276;0.0;stalk-root_c;<=;0.5;Yes;No;3618.0;0.7032179083595663;0.29678209164043373;0.7032179083595663;0.29678209164043373;Edible
Tree 1;Tree 1_E_0;5;1;0.39649151424831824;0.6025711125570076;;Edge;0;3618;9.199816131477846;0.0;stalk-root_c;<=;0.5;Yes;No;3618.0;0.7032179083595663;0.29678209164043373;0.7032179083595663;0.29678209164043373;Edible
Tree 1;Tree 1_E_0;6;1;0.3776842804969632;0.707085335068409;;Edge;0;3618;9.039779357773414;0.0;stalk-root_c;<=;0.5;Yes;No;3618.0;0.7032179083595663;0.29678209164043373;0.7032179083595663;0.29678209164043373;Edible
Tree 1;Tree 1_E_0;7;1;0.3595037794148289;0.8115995575798104;;Edge;0;3618;8.879742584068984;0.0;stalk-root_c;<=;0.5;Yes;No;3618.0;0.7032179083595663;0.29678209164043373;0.7032179083595663;0.29678209164043373;Edible
Tree 1;Tree 1_E_0;8;1;0.3417884563662724;0.916113780091212;;Edge;0;3618;8.719705810364552;0.0;stalk-root_c;<=;0.5;Yes;No;3618.0;0.7032179083595663;0.29678209164043373;0.7032179083595663;0.29678209164043373;Edible
Tree 1;Tree 1_E_0;9;1;0.3243206493795047;1.0206280026026135;stalk-root: c;Split;1;3618;8.559669036660122;0.0;stalk-root_c;<=;0.5;Yes;No;3618.0;0.7032179083595663;0.29678209164043373;0.7032179083595663;0.29678209164043373;Edible
Tree 1;Tree 1_E_1;0;1;0.3243206493795047;1.0206280026026135;stalk-root: c;Split;1;3295;8.559669036660122;0.0;stalk-root_c;<=;0.5;Yes;No;3618.0;0.7032179083595663;0.29678209164043373;0.7032179083595663;0.29678209164043373;Edible
Tree 1;Tree 1_E_1;1;2;0.29546448573083955;1.121740209233916;;Edge;0;3295;8.521298413890857;0.0;odor_p;<=;0.5;Yes;No;3295.0;0.674633770239013;0.3253662297609869;0.674633770239013;0.3253662297609869;Edible
Tree 1;Tree 1_E_1;2;2;0.26685583814396313;1.2228524158652185;;Edge;0;3295;8.482927791121595;0.0;odor_p;<=;0.5;Yes;No;3295.0;0.674633770239013;0.3253662297609869;0.674633770239013;0.3253662297609869;Edible
Tree 1;Tree 1_E_1;3;2;0.23871236859066455;1.323964622496521;;Edge;0;3295;8.44455716835233;0.0;odor_p;<=;0.5;Yes;No;3295.0;0.674633770239013;0.3253662297609869;0.674633770239013;0.3253662297609869;Edible
Tree 1;Tree 1_E_1;4;2;0.21119563170658676;1.4250768291278235;;Edge;0;3295;8.406186545583068;0.0;odor_p;<=;0.5;Yes;No;3295.0;0.674633770239013;0.3253662297609869;0.674633770239013;0.3253662297609869;Edible
Tree 1;Tree 1_E_1;5;2;0.18439158891787558;1.526189035759126;;Edge;0;3295;8.367815922813804;0.0;odor_p;<=;0.5;Yes;No;3295.0;0.674633770239013;0.3253662297609869;0.674633770239013;0.3253662297609869;Edible
Tree 1;Tree 1_E_1;6;2;0.158300240224531;1.6273012423904283;;Edge;0;3295;8.329445300044542;0.0;odor_p;<=;0.5;Yes;No;3295.0;0.674633770239013;0.3253662297609869;0.674633770239013;0.3253662297609869;Edible
Tree 1;Tree 1_E_1;7;2;0.13283562420040726;1.7284134490217307;;Edge;0;3295;8.291074677275278;0.0;odor_p;<=;0.5;Yes;No;3295.0;0.674633770239013;0.3253662297609869;0.674633770239013;0.3253662297609869;Edible
Tree 1;Tree 1_E_1;8;2;0.10783618620986127;1.8295256556530335;;Edge;0;3295;8.252704054506015;0.0;odor_p;<=;0.5;Yes;No;3295.0;0.674633770239013;0.3253662297609869;0.674633770239013;0.3253662297609869;Edible
Tree 1;Tree 1_E_1;9;2;0.0830842642811041;1.9306378622843359;odor: p;Split;1;3295;8.214333431736751;0.0;odor_p;<=;0.5;Yes;No;3295.0;0.674633770239013;0.3253662297609869;0.674633770239013;0.3253662297609869;Edible
Tree 1;Tree 1_E_2;0;2;0.08308426428110409;1.9306378622843359;odor: p;Split;1;3139;8.214333431736751;0.0;odor_p;<=;0.5;Yes;No;3295.0;0.674633770239013;0.3253662297609869;0.674633770239013;0.3253662297609869;Edible
Tree 1;Tree 1_E_2;1;3;0.07930719030965068;2.043189426304337;;Edge;0;3139;8.195127871290408;0.0;stalk-root_r;<=;0.5;Yes;No;3139.0;0.7074994946432182;0.2925005053567819;0.7074994946432182;0.2925005053567819;Edible
Tree 1;Tree 1_E_2;2;3;0.07577763239998607;2.1557409903243383;;Edge;0;3139;8.175922310844065;0.0;stalk-root_r;<=;0.5;Yes;No;3139.0;0.7074994946432182;0.2925005053567819;0.7074994946432182;0.2925005053567819;Edible
Tree 1;Tree 1_E_2;3;3;0.07271325252389926;2.2682925543443395;;Edge;0;3139;8.156716750397722;0.0;stalk-root_r;<=;0.5;Yes;No;3139.0;0.7074994946432182;0.2925005053567819;0.7074994946432182;0.2925005053567819;Edible
Tree 1;Tree 1_E_2;4;3;0.07027560531703325;2.3808441183643407;;Edge;0;3139;8.137511189951379;0.0;stalk-root_r;<=;0.5;Yes;No;3139.0;0.7074994946432182;0.2925005053567819;0.7074994946432182;0.2925005053567819;Edible
Tree 1;Tree 1_E_2;5;3;0.06855065220553386;2.4933956823843424;;Edge;0;3139;8.118305629505034;0.0;stalk-root_r;<=;0.5;Yes;No;3139.0;0.7074994946432182;0.2925005053567819;0.7074994946432182;0.2925005053567819;Edible
Tree 1;Tree 1_E_2;6;3;0.06753839318940108;2.6059472464043436;;Edge;0;3139;8.099100069058691;0.0;stalk-root_r;<=;0.5;Yes;No;3139.0;0.7074994946432182;0.2925005053567819;0.7074994946432182;0.2925005053567819;Edible
Tree 1;Tree 1_E_2;7;3;0.06715286684248908;2.718498810424345;;Edge;0;3139;8.079894508612348;0.0;stalk-root_r;<=;0.5;Yes;No;3139.0;0.7074994946432182;0.2925005053567819;0.7074994946432182;0.2925005053567819;Edible
Tree 1;Tree 1_E_2;8;3;0.06723251852915489;2.831050374444346;;Edge;0;3139;8.060688948166005;0.0;stalk-root_r;<=;0.5;Yes;No;3139.0;0.7074994946432182;0.2925005053567819;0.7074994946432182;0.2925005053567819;Edible
Tree 1;Tree 1_E_2;9;3;0.06755968627760951;2.9436019384643473;stalk-root: r;Split;1;3139;8.041483387719662;0.0;stalk-root_r;<=;0.5;Yes;No;3139.0;0.7074994946432182;0.2925005053567819;0.7074994946432182;0.2925005053567819;Edible
Tree 1;Tree 1_E_3;0;3;0.06755968627760951;2.9436019384643473;stalk-root: r;Split;1;3024;8.041483387719662;0.0;stalk-root_r;<=;0.5;Yes;No;3139.0;0.7074994946432182;0.2925005053567819;0.7074994946432182;0.2925005053567819;Edible
Tree 1;Tree 1_E_3;1;4;0.06232041655049479;3.065454795714105;;Edge;0;3024;8.0270179475026;1.0;;;;;;3024.0;0.6966457023060797;0.30335429769392036;0.6966457023060797;0.30335429769392036;Edible
Tree 1;Tree 1_E_3;2;4;0.05732866288516888;3.187307652963863;;Edge;0;3024;8.012552507285537;1.0;;;;;;3024.0;0.6966457023060797;0.30335429769392036;0.6966457023060797;0.30335429769392036;Edible
Tree 1;Tree 1_E_3;3;4;0.05280208725342079;3.3091605102136215;;Edge;0;3024;7.998087067068475;1.0;;;;;;3024.0;0.6966457023060797;0.30335429769392036;0.6966457023060797;0.30335429769392036;Edible
Tree 1;Tree 1_E_3;4;4;0.04890224429089347;3.4310133674633794;;Edge;0;3024;7.983621626851413;1.0;;;;;;3024.0;0.6966457023060797;0.30335429769392036;0.6966457023060797;0.30335429769392036;Edible
Tree 1;Tree 1_E_3;5;4;0.04571509542373277;3.5528662247131373;;Edge;0;3024;7.9691561866343505;1.0;;;;;;3024.0;0.6966457023060797;0.30335429769392036;0.6966457023060797;0.30335429769392036;Edible
Tree 1;Tree 1_E_3;6;4;0.043240640651938694;3.674719081962895;;Edge;0;3024;7.954690746417288;1.0;;;;;;3024.0;0.6966457023060797;0.30335429769392036;0.6966457023060797;0.30335429769392036;Edible
Tree 1;Tree 1_E_3;7;4;0.04139291854936538;3.796571939212653;;Edge;0;3024;7.940225306200226;1.0;;;;;;3024.0;0.6966457023060797;0.30335429769392036;0.6966457023060797;0.30335429769392036;Edible
Tree 1;Tree 1_E_3;8;4;0.04001037448036991;3.9184247964624115;;Edge;0;3024;7.925759865983164;1.0;;;;;;3024.0;0.6966457023060797;0.30335429769392036;0.6966457023060797;0.30335429769392036;Edible
Tree 1;Tree 1_E_3;9;4;0.03887534647316322;4.040277653712169;YES;YES;1;3024;7.911294425766101;1.0;;;;;;3024.0;0.6966457023060797;0.30335429769392036;0.6966457023060797;0.30335429769392036;Edible
Tree 1;Tree 1_E_4;0;3;0.06755968627760951;2.9436019384643473;stalk-root: r;Split;1;115;8.041483387719662;0.0;stalk-root_r;<=;0.5;Yes;No;3139.0;0.7074994946432182;0.2925005053567819;0.7074994946432182;0.2925005053567819;Edible
Tree 1;Tree 1_E_4;1;5;0.07128506354248335;3.0695538619878304;;Edge;0;115;7.408849131044098;1.0;;;;;;115.0;1.0;0.0;1.0;0.0;Edible
Tree 1;Tree 1_E_4;2;5;0.0747629247455684;3.195505785511314;;Edge;0;115;6.776214874368534;1.0;;;;;;115.0;1.0;0.0;1.0;0.0;Edible
Tree 1;Tree 1_E_4;3;5;0.07777560791507561;3.321457709034797;;Edge;0;115;6.143580617692971;1.0;;;;;;115.0;1.0;0.0;1.0;0.0;Edible
Tree 1;Tree 1_E_4;4;5;0.08016155841536206;3.447409632558281;;Edge;0;115;5.510946361017407;1.0;;;;;;115.0;1.0;0.0;1.0;0.0;Edible
Tree 1;Tree 1_E_4;5;5;0.08183481482028188;3.573361556081764;;Edge;0;115;4.878312104341843;1.0;;;;;;115.0;1.0;0.0;1.0;0.0;Edible
Tree 1;Tree 1_E_4;6;5;0.08279537712983509;3.699313479605247;;Edge;0;115;4.245677847666279;1.0;;;;;;115.0;1.0;0.0;1.0;0.0;Edible
Tree 1;Tree 1_E_4;7;5;0.08312920677016751;3.8252654031287308;;Edge;0;115;3.613043590990716;1.0;;;;;;115.0;1.0;0.0;1.0;0.0;Edible
Tree 1;Tree 1_E_4;8;5;0.08299785837692211;3.9512173266522144;;Edge;0;115;2.9804093343151514;1.0;;;;;;115.0;1.0;0.0;1.0;0.0;Edible
Tree 1;Tree 1_E_4;9;5;0.08261899392188793;4.0771692501756975;YES;YES;1;115;2.3477750776395876;1.0;;;;;;115.0;1.0;0.0;1.0;0.0;Edible
Tree 1;Tree 1_E_5;0;2;0.08308426428110409;1.9306378622843359;odor: p;Split;1;156;8.214333431736751;0.0;odor_p;<=;0.5;Yes;No;3295.0;0.674633770239013;0.3253662297609869;0.674633770239013;0.3253662297609869;Edible
Tree 1;Tree 1_E_5;1;6;0.09783371038413004;2.04940238132213;;Edge;0;156;7.587157618826126;1.0;;;;;;156.0;0.0;1.0;0.0;1.0;Poisonous
Tree 1;Tree 1_E_5;2;6;0.11233564042536719;2.1681669003599238;;Edge;0;156;6.9599818059155;1.0;;;;;;156.0;0.0;1.0;0.0;1.0;Poisonous
Tree 1;Tree 1_E_5;3;6;0.12637239243302653;2.286931419397718;;Edge;0;156;6.332805993004874;1.0;;;;;;156.0;0.0;1.0;0.0;1.0;Poisonous
Tree 1;Tree 1_E_5;4;6;0.13978241177146508;2.4056959384355117;;Edge;0;156;5.705630180094248;1.0;;;;;;156.0;0.0;1.0;0.0;1.0;Poisonous
Tree 1;Tree 1_E_5;5;6;0.15247973701453701;2.524460457473306;;Edge;0;156;5.078454367183623;1.0;;;;;;156.0;0.0;1.0;0.0;1.0;Poisonous
Tree 1;Tree 1_E_5;6;6;0.16446436816224233;2.6432249765110996;;Edge;0;156;4.451278554272998;1.0;;;;;;156.0;0.0;1.0;0.0;1.0;Poisonous
Tree 1;Tree 1_E_5;7;6;0.17582226664072687;2.7619894955488937;;Edge;0;156;3.8241027413623723;1.0;;;;;;156.0;0.0;1.0;0.0;1.0;Poisonous
Tree 1;Tree 1_E_5;8;6;0.18671498708563358;2.8807540145866875;;Edge;0;156;3.196926928451746;1.0;;;;;;156.0;0.0;1.0;0.0;1.0;Poisonous
Tree 1;Tree 1_E_5;9;6;0.1973601914687515;2.9995185336244816;NO;NO;1;156;2.56975111554112;1.0;;;;;;156.0;0.0;1.0;0.0;1.0;Poisonous
Tree 1;Tree 1_E_6;0;1;0.3243206493795047;1.0206280026026135;stalk-root: c;Split;1;323;8.559669036660122;0.0;stalk-root_c;<=;0.5;Yes;No;3618.0;0.7032179083595663;0.29678209164043373;0.7032179083595663;0.29678209164043373;Edible
Tree 1;Tree 1_E_6;1;7;0.33447936716394167;1.1208451642671144;;Edge;0;323;7.9706789553438115;0.0;ring-type_p;<=;0.5;Yes;No;323.0;0.9830188679245283;0.016981132075471698;0.9830188679245283;0.016981132075471698;Edible
Tree 1;Tree 1_E_6;2;7;0.34439056888658987;1.2210623259316151;;Edge;0;323;7.3816888740275015;0.0;ring-type_p;<=;0.5;Yes;No;323.0;0.9830188679245283;0.016981132075471698;0.9830188679245283;0.016981132075471698;Edible
Tree 1;Tree 1_E_6;3;7;0.35383659257566025;1.321279487596116;;Edge;0;323;6.792698792711191;0.0;ring-type_p;<=;0.5;Yes;No;323.0;0.9830188679245283;0.016981132075471698;0.9830188679245283;0.016981132075471698;Edible
Tree 1;Tree 1_E_6;4;7;0.3626558835955098;1.4214966492606167;;Edge;0;323;6.203708711394881;0.0;ring-type_p;<=;0.5;Yes;No;323.0;0.9830188679245283;0.016981132075471698;0.9830188679245283;0.016981132075471698;Edible
Tree 1;Tree 1_E_6;5;7;0.37076248051999283;1.5217138109251178;;Edge;0;323;5.61471863007857;0.0;ring-type_p;<=;0.5;Yes;No;323.0;0.9830188679245283;0.016981132075471698;0.9830188679245283;0.016981132075471698;Edible
Tree 1;Tree 1_E_6;6;7;0.37815638334910917;1.6219309725896185;;Edge;0;323;5.02572854876226;0.0;ring-type_p;<=;0.5;Yes;No;323.0;0.9830188679245283;0.016981132075471698;0.9830188679245283;0.016981132075471698;Edible
Tree 1;Tree 1_E_6;7;7;0.3849235535090047;1.7221481342541192;;Edge;0;323;4.43673846744595;0.0;ring-type_p;<=;0.5;Yes;No;323.0;0.9830188679245283;0.016981132075471698;0.9830188679245283;0.016981132075471698;Edible
Tree 1;Tree 1_E_6;8;7;0.3912255456353224;1.82236529591862;;Edge;0;323;3.8477483861296395;0.0;ring-type_p;<=;0.5;Yes;No;323.0;0.9830188679245283;0.016981132075471698;0.9830188679245283;0.016981132075471698;Edible
Tree 1;Tree 1_E_6;9;7;0.3972800216998514;1.922582457583121;ring-type: p;Split;1;323;3.2587583048133286;0.0;ring-type_p;<=;0.5;Yes;No;323.0;0.9830188679245283;0.016981132075471698;0.9830188679245283;0.016981132075471698;Edible
Tree 1;Tree 1_E_7;0;7;0.3972800216998514;1.922582457583121;ring-type: p;Split;1;6;3.258758304813329;0.0;ring-type_p;<=;0.5;Yes;No;323.0;0.9830188679245283;0.016981132075471698;0.9830188679245283;0.016981132075471698;Edible
Tree 1;Tree 1_E_7;1;8;0.3833161438966039;2.037912988375434;;Edge;0;6;3.0419911067128234;1.0;;;;;;6.0;0.0;1.0;0.0;1.0;Poisonous
Tree 1;Tree 1_E_7;2;8;0.3695997821551452;2.1532435191677464;;Edge;0;6;2.8252239086123176;1.0;;;;;;6.0;0.0;1.0;0.0;1.0;Poisonous
Tree 1;Tree 1_E_7;3;8;0.3563485984472643;2.2685740499600593;;Edge;0;6;2.608456710511812;1.0;;;;;;6.0;0.0;1.0;0.0;1.0;Poisonous
Tree 1;Tree 1_E_7;4;8;0.3437241474086042;2.3839045807523718;;Edge;0;6;2.3916895124113062;1.0;;;;;;6.0;0.0;1.0;0.0;1.0;Poisonous
Tree 1;Tree 1_E_7;5;8;0.33181239046531075;2.4992351115446847;;Edge;0;6;2.1749223143108;1.0;;;;;;6.0;0.0;1.0;0.0;1.0;Poisonous
Tree 1;Tree 1_E_7;6;8;0.32061332761738387;2.614565642336997;;Edge;0;6;1.9581551162102948;1.0;;;;;;6.0;0.0;1.0;0.0;1.0;Poisonous
Tree 1;Tree 1_E_7;7;8;0.31004099743867786;2.72989617312931;;Edge;0;6;1.741387918109789;1.0;;;;;;6.0;0.0;1.0;0.0;1.0;Poisonous
Tree 1;Tree 1_E_7;8;8;0.2999338452935496;2.8452267039216226;;Edge;0;6;1.5246207200092834;1.0;;;;;;6.0;0.0;1.0;0.0;1.0;Poisonous
Tree 1;Tree 1_E_7;9;8;0.2900742092102101;2.9605572347139355;NO;NO;1;6;1.3078535219087775;1.0;;;;;;6.0;0.0;1.0;0.0;1.0;Poisonous
Tree 1;Tree 1_E_8;0;7;0.3972800216998514;1.922582457583121;ring-type: p;Split;1;317;3.258758304813329;0.0;ring-type_p;<=;0.5;Yes;No;323.0;0.9830188679245283;0.016981132075471698;0.9830188679245283;0.016981132075471698;Edible
Tree 1;Tree 1_E_8;1;9;0.4053738747008566;2.048637396273052;;Edge;0;317;3.2564163579949366;1.0;;;;;;317.0;1.0;0.0;1.0;0.0;Edible
Tree 1;Tree 1_E_8;2;9;0.4132202116400731;2.1746923349629825;;Edge;0;317;3.254074411176544;1.0;;;;;;317.0;1.0;0.0;1.0;0.0;Edible
Tree 1;Tree 1_E_8;3;9;0.42060137054571184;2.3007472736529135;;Edge;0;317;3.2517324643581516;1.0;;;;;;317.0;1.0;0.0;1.0;0.0;Edible
Tree 1;Tree 1_E_8;4;9;0.4273557967821297;2.426802212342844;;Edge;0;317;3.249390517539759;1.0;;;;;;317.0;1.0;0.0;1.0;0.0;Edible
Tree 1;Tree 1_E_8;5;9;0.43339752892318095;2.552857151032775;;Edge;0;317;3.2470485707213665;1.0;;;;;;317.0;1.0;0.0;1.0;0.0;Edible
Tree 1;Tree 1_E_8;6;9;0.4387265669688656;2.678912089722706;;Edge;0;317;3.244706623902974;1.0;;;;;;317.0;1.0;0.0;1.0;0.0;Edible
Tree 1;Tree 1_E_8;7;9;0.44342887234532946;2.804967028412637;;Edge;0;317;3.2423646770845815;1.0;;;;;;317.0;1.0;0.0;1.0;0.0;Edible
Tree 1;Tree 1_E_8;8;9;0.44766599968821547;2.9310219671025677;;Edge;0;317;3.240022730266189;1.0;;;;;;317.0;1.0;0.0;1.0;0.0;Edible
Tree 1;Tree 1_E_8;9;9;0.4516556109693127;3.0570769057924987;YES;YES;1;317;3.2376807834477965;1.0;;;;;;317.0;1.0;0.0;1.0;0.0;Edible
Tree 1;Tree 1_E_9;0;0;0.5;0.08;stalk-surface-above-ring: k;Split;1;1510;10.0;0.0;stalk-surface-above-ring_k;<=;0.5;Yes;No;5128.0;0.5110782865583456;0.48892171344165436;0.5110782865583456;0.48892171344165436;Edible
Tree 1;Tree 1_E_9;1;10;0.532700425151009;0.18987525881299827;;Edge;0;1510;9.542643325280187;0.0;stalk-root_?;<=;0.5;Yes;No;1510.0;0.054447215295095594;0.9455527847049044;0.054447215295095594;0.9455527847049044;Poisonous
Tree 1;Tree 1_E_9;2;10;0.5651533342402294;0.2997505176259965;;Edge;0;1510;9.085286650560374;0.0;stalk-root_?;<=;0.5;Yes;No;1510.0;0.054447215295095594;0.9455527847049044;0.054447215295095594;0.9455527847049044;Poisonous
Tree 1;Tree 1_E_9;3;10;0.5971410652958719;0.40962577643899484;;Edge;0;1510;8.62792997584056;0.0;stalk-root_?;<=;0.5;Yes;No;1510.0;0.054447215295095594;0.9455527847049044;0.054447215295095594;0.9455527847049044;Poisonous
Tree 1;Tree 1_E_9;4;10;0.6285020636822934;0.5195010352519931;;Edge;0;1510;8.170573301120747;0.0;stalk-root_?;<=;0.5;Yes;No;1510.0;0.054447215295095594;0.9455527847049044;0.054447215295095594;0.9455527847049044;Poisonous
Tree 1;Tree 1_E_9;5;10;0.6591503679733486;0.6293762940649914;;Edge;0;1510;7.713216626400935;0.0;stalk-root_?;<=;0.5;Yes;No;1510.0;0.054447215295095594;0.9455527847049044;0.054447215295095594;0.9455527847049044;Poisonous
Tree 1;Tree 1_E_9;6;10;0.689085978169037;0.7392515528779896;;Edge;0;1510;7.255859951681122;0.0;stalk-root_?;<=;0.5;Yes;No;1510.0;0.054447215295095594;0.9455527847049044;0.054447215295095594;0.9455527847049044;Poisonous
Tree 1;Tree 1_E_9;7;10;0.7183948556955047;0.8491268116909878;;Edge;0;1510;6.798503276961309;0.0;stalk-root_?;<=;0.5;Yes;No;1510.0;0.054447215295095594;0.9455527847049044;0.054447215295095594;0.9455527847049044;Poisonous
Tree 1;Tree 1_E_9;8;10;0.7472385551883944;0.9590020705039861;;Edge;0;1510;6.341146602241496;0.0;stalk-root_?;<=;0.5;Yes;No;1510.0;0.054447215295095594;0.9455527847049044;0.054447215295095594;0.9455527847049044;Poisonous
Tree 1;Tree 1_E_9;9;10;0.7758347386194956;1.0688773293169844;stalk-root: ?;Split;1;1510;5.883789927521683;0.0;stalk-root_?;<=;0.5;Yes;No;1510.0;0.054447215295095594;0.9455527847049044;0.054447215295095594;0.9455527847049044;Poisonous
Tree 1;Tree 1_E_10;0;10;0.7758347386194956;1.0688773293169844;stalk-root: ?;Split;1;842;5.883789927521683;0.0;stalk-root_?;<=;0.5;Yes;No;1510.0;0.054447215295095594;0.9455527847049044;0.054447215295095594;0.9455527847049044;Poisonous
Tree 1;Tree 1_E_10;1;11;0.7522585769700163;1.1699401968837413;;Edge;0;842;5.7463583590584895;1.0;;;;;;842.0;0.0;1.0;0.0;1.0;Poisonous
Tree 1;Tree 1_E_10;2;11;0.7289299313823258;1.2710030644504984;;Edge;0;842;5.608926790595296;1.0;;;;;;842.0;0.0;1.0;0.0;1.0;Poisonous
Tree 1;Tree 1_E_10;3;11;0.7060664638282129;1.3720659320172552;;Edge;0;842;5.471495222132103;1.0;;;;;;842.0;0.0;1.0;0.0;1.0;Poisonous
Tree 1;Tree 1_E_10;4;11;0.6838297289433211;1.4731287995840123;;Edge;0;842;5.33406365366891;1.0;;;;;;842.0;0.0;1.0;0.0;1.0;Poisonous
Tree 1;Tree 1_E_10;5;11;0.6623056881537958;1.5741916671507692;;Edge;0;842;5.196632085205717;1.0;;;;;;842.0;0.0;1.0;0.0;1.0;Poisonous
Tree 1;Tree 1_E_10;6;11;0.641494341459637;1.675254534717526;;Edge;0;842;5.059200516742524;1.0;;;;;;842.0;0.0;1.0;0.0;1.0;Poisonous
Tree 1;Tree 1_E_10;7;11;0.621309727434699;1.776317402284283;;Edge;0;842;4.921768948279331;1.0;;;;;;842.0;0.0;1.0;0.0;1.0;Poisonous
Tree 1;Tree 1_E_10;8;11;0.601590291443339;1.8773802698510402;;Edge;0;842;4.7843373798161375;1.0;;;;;;842.0;0.0;1.0;0.0;1.0;Poisonous
Tree 1;Tree 1_E_10;9;11;0.5821183715137677;1.978443137417797;NO;NO;1;842;4.646905811352944;1.0;;;;;;842.0;0.0;1.0;0.0;1.0;Poisonous
Tree 1;Tree 1_E_11;0;10;0.7758347386194956;1.0688773293169844;stalk-root: ?;Split;1;668;5.883789927521683;0.0;stalk-root_?;<=;0.5;Yes;No;1510.0;0.054447215295095594;0.9455527847049044;0.054447215295095594;0.9455527847049044;Poisonous
Tree 1;Tree 1_E_11;1;12;0.7928443136451954;1.1634471588647382;;Edge;0;668;5.702069323344538;0.0;gill-size_n;<=;0.5;Yes;No;668.0;0.12208760484622554;0.8779123951537745;0.12208760484622554;0.8779123951537745;Poisonous
Tree 1;Tree 1_E_11;2;12;0.8096063726091064;1.258016988412492;;Edge;0;668;5.5203487191673934;0.0;gill-size_n;<=;0.5;Yes;No;668.0;0.12208760484622554;0.8779123951537745;0.12208760484622554;0.8779123951537745;Poisonous
Tree 1;Tree 1_E_11;3;12;0.8259032535394396;1.3525868179602458;;Edge;0;668;5.338628114990248;0.0;gill-size_n;<=;0.5;Yes;No;668.0;0.12208760484622554;0.8779123951537745;0.12208760484622554;0.8779123951537745;Poisonous
Tree 1;Tree 1_E_11;4;12;0.841573401800552;1.4471566475079998;;Edge;0;668;5.156907510813103;0.0;gill-size_n;<=;0.5;Yes;No;668.0;0.12208760484622554;0.8779123951537745;0.12208760484622554;0.8779123951537745;Poisonous
Tree 1;Tree 1_E_11;5;12;0.8565308559662979;1.5417264770557535;;Edge;0;668;4.975186906635959;0.0;gill-size_n;<=;0.5;Yes;No;668.0;0.12208760484622554;0.8779123951537745;0.12208760484622554;0.8779123951537745;Poisonous
Tree 1;Tree 1_E_11;6;12;0.8707756160366771;1.6362963066035072;;Edge;0;668;4.793466302458814;0.0;gill-size_n;<=;0.5;Yes;No;668.0;0.12208760484622554;0.8779123951537745;0.12208760484622554;0.8779123951537745;Poisonous
Tree 1;Tree 1_E_11;7;12;0.8843936434378354;1.7308661361512612;;Edge;0;668;4.61174569828167;0.0;gill-size_n;<=;0.5;Yes;No;668.0;0.12208760484622554;0.8779123951537745;0.12208760484622554;0.8779123951537745;Poisonous
Tree 1;Tree 1_E_11;8;12;0.897546492805416;1.8254359656990151;;Edge;0;668;4.430025094104525;0.0;gill-size_n;<=;0.5;Yes;No;668.0;0.12208760484622554;0.8779123951537745;0.12208760484622554;0.8779123951537745;Poisonous
Tree 1;Tree 1_E_11;9;12;0.9104518261112078;1.9200057952467688;gill-size: n;Split;1;668;4.24830448992738;0.0;gill-size_n;<=;0.5;Yes;No;668.0;0.12208760484622554;0.8779123951537745;0.12208760484622554;0.8779123951537745;Poisonous
Tree 1;Tree 1_E_12;0;12;0.9104518261112078;1.9200057952467688;gill-size: n;Split;1;85;4.24830448992738;0.0;gill-size_n;<=;0.5;Yes;No;668.0;0.12208760484622554;0.8779123951537745;0.12208760484622554;0.8779123951537745;Poisonous
Tree 1;Tree 1_E_12;1;13;0.8976768928003247;2.0378166897733623;;Edge;0;85;4.016128275676062;1.0;;;;;;85.0;1.0;0.0;1.0;0.0;Edible
Tree 1;Tree 1_E_12;2;13;0.8851494755512304;2.155627584299956;;Edge;0;85;3.7839520614247437;1.0;;;;;;85.0;1.0;0.0;1.0;0.0;Edible
Tree 1;Tree 1_E_12;3;13;0.8730872363357138;2.2734384788265496;;Edge;0;85;3.5517758471734258;1.0;;;;;;85.0;1.0;0.0;1.0;0.0;Edible
Tree 1;Tree 1_E_12;4;13;0.8616517297894182;2.3912493733531432;;Edge;0;85;3.319599632922108;1.0;;;;;;85.0;1.0;0.0;1.0;0.0;Edible
Tree 1;Tree 1_E_12;5;13;0.8509289173384891;2.509060267879737;;Edge;0;85;3.08742341867079;1.0;;;;;;85.0;1.0;0.0;1.0;0.0;Edible
Tree 1;Tree 1_E_12;6;13;0.8409187989829265;2.6268711624063306;;Edge;0;85;2.855247204419472;1.0;;;;;;85.0;1.0;0.0;1.0;0.0;Edible
Tree 1;Tree 1_E_12;7;13;0.8315354132965849;2.744682056932924;;Edge;0;85;2.623070990168154;1.0;;;;;;85.0;1.0;0.0;1.0;0.0;Edible
Tree 1;Tree 1_E_12;8;13;0.822617205643821;2.862492951459518;;Edge;0;85;2.390894775916836;1.0;;;;;;85.0;1.0;0.0;1.0;0.0;Edible
Tree 1;Tree 1_E_12;9;13;0.8139465140528459;2.9803038459861115;YES;YES;1;85;2.1587185616655176;1.0;;;;;;85.0;1.0;0.0;1.0;0.0;Edible
Tree 1;Tree 1_E_13;0;12;0.9104518261112078;1.9200057952467688;gill-size: n;Split;1;583;4.24830448992738;0.0;gill-size_n;<=;0.5;Yes;No;668.0;0.12208760484622554;0.8779123951537745;0.12208760484622554;0.8779123951537745;Poisonous
Tree 1;Tree 1_E_13;1;14;0.9133584621056562;2.0477648065356537;;Edge;0;583;4.224560575367547;1.0;;;;;;583.0;0.0;1.0;0.0;1.0;Poisonous
Tree 1;Tree 1_E_13;2;14;0.9160175820383158;2.1755238178245384;;Edge;0;583;4.200816660807715;1.0;;;;;;583.0;0.0;1.0;0.0;1.0;Poisonous
Tree 1;Tree 1_E_13;3;14;0.9182115239373977;2.303282829113423;;Edge;0;583;4.177072746247882;1.0;;;;;;583.0;0.0;1.0;0.0;1.0;Poisonous
Tree 1;Tree 1_E_13;4;14;0.9197787331672587;2.431041840402308;;Edge;0;583;4.15332883168805;1.0;;;;;;583.0;0.0;1.0;0.0;1.0;Poisonous
Tree 1;Tree 1_E_13;5;14;0.9206332483017532;2.558800851691193;;Edge;0;583;4.129584917128217;1.0;;;;;;583.0;0.0;1.0;0.0;1.0;Poisonous
Tree 1;Tree 1_E_13;6;14;0.920775069340881;2.6865598629800775;;Edge;0;583;4.105841002568385;1.0;;;;;;583.0;0.0;1.0;0.0;1.0;Poisonous
Tree 1;Tree 1_E_13;7;14;0.920290157710788;2.814318874268962;;Edge;0;583;4.0820970880085525;1.0;;;;;;583.0;0.0;1.0;0.0;1.0;Poisonous
Tree 1;Tree 1_E_13;8;14;0.9193400680471172;2.942077885557847;;Edge;0;583;4.058353173448721;1.0;;;;;;583.0;0.0;1.0;0.0;1.0;Poisonous
Tree 1;Tree 1_E_13;9;14;0.9181424623216576;3.069836896846732;NO;NO;1;583;4.034609258888888;1.0;;;;;;583.0;0.0;1.0;0.0;1.0;Poisonous
Tree 2;Tree 2_TRUNK;0;-1;0.5;-0.92;;Trunk;0;5156;11.0;;;;;;;;;;;;
Tree 2;Tree 2_TRUNK;1;-1;0.5065082560867634;-0.7771428571428571;;Trunk;0;5156;10.714285714285714;;;;;;;;;;;;
Tree 2;Tree 2_TRUNK;2;-1;0.5117274722370204;-0.6342857142857143;;Trunk;0;5156;10.428571428571429;;;;;;;;;;;;
Tree 2;Tree 2_TRUNK;3;-1;0.5146239186827274;-0.4914285714285715;;Trunk;0;5156;10.142857142857142;;;;;;;;;;;;
Tree 2;Tree 2_TRUNK;4;-1;0.5146239186827274;-0.34857142857142864;;Trunk;0;5156;9.857142857142858;;;;;;;;;;;;
Tree 2;Tree 2_TRUNK;5;-1;0.5117274722370204;-0.20571428571428574;;Trunk;0;5156;9.571428571428571;;;;;;;;;;;;
Tree 2;Tree 2_TRUNK;6;-1;0.5065082560867634;-0.06285714285714294;;Trunk;0;5156;9.285714285714286;;;;;;;;;;;;
Tree 2;Tree 2_TRUNK;7;-1;0.5;0.07999999999999996;;Trunk;0;5156;9.0;;;;;;;;;;;;
Tree 2;Tree 2_E_0;0;0;0.5;0.08;odor: f;Split;1;3800;10.0;0.0;odor_f;<=;0.5;Yes;No;5156.0;0.5193254554406697;0.4806745445593304;0.5193254554406697;0.4806745445593304;Edible
Tree 2;Tree 2_E_0;1;1;0.4784279512933243;0.1845142225114015;;Edge;0;3800;9.858490204117864;0.0;gill-size_n;<=;0.5;Yes;No;3800.0;0.7061087866108786;0.29389121338912133;0.7061087866108786;0.29389121338912133;Edible
Tree 2;Tree 2_E_0;2;1;0.4571034186484374;0.289028445022803;;Edge;0;3800;9.716980408235727;0.0;gill-size_n;<=;0.5;Yes;No;3800.0;0.7061087866108786;0.29389121338912133;0.7061087866108786;0.29389121338912133;Edible
Tree 2;Tree 2_E_0;3;1;0.43624406403712823;0.3935426675342045;;Edge;0;3800;9.57547061235359;0.0;gill-size_n;<=;0.5;Yes;No;3800.0;0.7061087866108786;0.29389121338912133;0.7061087866108786;0.29389121338912133;Edible
Tree 2;Tree 2_E_0;4;1;0.41601144209503993;0.49805689004560605;;Edge;0;3800;9.433960816471453;0.0;gill-size_n;<=;0.5;Yes;No;3800.0;0.7061087866108786;0.29389121338912133;0.7061087866108786;0.29389121338912133;Edible
Tree 2;Tree 2_E_0;5;1;0.39649151424831824;0.6025711125570076;;Edge;0;3800;9.292451020589317;0.0;gill-size_n;<=;0.5;Yes;No;3800.0;0.7061087866108786;0.29389121338912133;0.7061087866108786;0.29389121338912133;Edible
Tree 2;Tree 2_E_0;6;1;0.3776842804969632;0.707085335068409;;Edge;0;3800;9.15094122470718;0.0;gill-size_n;<=;0.5;Yes;No;3800.0;0.7061087866108786;0.29389121338912133;0.7061087866108786;0.29389121338912133;Edible
Tree 2;Tree 2_E_0;7;1;0.3595037794148289;0.8115995575798104;;Edge;0;3800;9.009431428825042;0.0;gill-size_n;<=;0.5;Yes;No;3800.0;0.7061087866108786;0.29389121338912133;0.7061087866108786;0.29389121338912133;Edible
Tree 2;Tree 2_E_0;8;1;0.3417884563662724;0.916113780091212;;Edge;0;3800;8.867921632942906;0.0;gill-size_n;<=;0.5;Yes;No;3800.0;0.7061087866108786;0.29389121338912133;0.7061087866108786;0.29389121338912133;Edible
Tree 2;Tree 2_E_0;9;1;0.3243206493795047;1.0206280026026135;gill-size: n;Split;1;3800;8.72641183706077;0.0;gill-size_n;<=;0.5;Yes;No;3800.0;0.7061087866108786;0.29389121338912133;0.7061087866108786;0.29389121338912133;Edible
Tree 2;Tree 2_E_1;0;1;0.3243206493795047;1.0206280026026135;gill-size: n;Split;1;2573;8.72641183706077;0.0;gill-size_n;<=;0.5;Yes;No;3800.0;0.7061087866108786;0.29389121338912133;0.7061087866108786;0.29389121338912133;Edible
Tree 2;Tree 2_E_1;1;2;0.29546448573083955;1.121740209233916;;Edge;0;2573;8.57434236877419;0.0;ring-number_t;<=;0.5;Yes;No;2573.0;0.974308300395257;0.025691699604743084;0.974308300395257;0.025691699604743084;Edible
Tree 2;Tree 2_E_1;2;2;0.26685583814396313;1.2228524158652185;;Edge;0;2573;8.422272900487611;0.0;ring-number_t;<=;0.5;Yes;No;2573.0;0.974308300395257;0.025691699604743084;0.974308300395257;0.025691699604743084;Edible
Tree 2;Tree 2_E_1;3;2;0.23871236859066455;1.323964622496521;;Edge;0;2573;8.270203432201031;0.0;ring-number_t;<=;0.5;Yes;No;2573.0;0.974308300395257;0.025691699604743084;0.974308300395257;0.025691699604743084;Edible
Tree 2;Tree 2_E_1;4;2;0.21119563170658676;1.4250768291278235;;Edge;0;2573;8.118133963914453;0.0;ring-number_t;<=;0.5;Yes;No;2573.0;0.974308300395257;0.025691699604743084;0.974308300395257;0.025691699604743084;Edible
Tree 2;Tree 2_E_1;5;2;0.18439158891787558;1.526189035759126;;Edge;0;2573;7.966064495627872;0.0;ring-number_t;<=;0.5;Yes;No;2573.0;0.974308300395257;0.025691699604743084;0.974308300395257;0.025691699604743084;Edible
Tree 2;Tree 2_E_1;6;2;0.158300240224531;1.6273012423904283;;Edge;0;2573;7.813995027341293;0.0;ring-number_t;<=;0.5;Yes;No;2573.0;0.974308300395257;0.025691699604743084;0.974308300395257;0.025691699604743084;Edible
Tree 2;Tree 2_E_1;7;2;0.13283562420040726;1.7284134490217307;;Edge;0;2573;7.661925559054714;0.0;ring-number_t;<=;0.5;Yes;No;2573.0;0.974308300395257;0.025691699604743084;0.974308300395257;0.025691699604743084;Edible
Tree 2;Tree 2_E_1;8;2;0.10783618620986127;1.8295256556530335;;Edge;0;2573;7.509856090768134;0.0;ring-number_t;<=;0.5;Yes;No;2573.0;0.974308300395257;0.025691699604743084;0.974308300395257;0.025691699604743084;Edible
Tree 2;Tree 2_E_1;9;2;0.0830842642811041;1.9306378622843359;ring-number: t;Split;1;2573;7.357786622481555;0.0;ring-number_t;<=;0.5;Yes;No;2573.0;0.974308300395257;0.025691699604743084;0.974308300395257;0.025691699604743084;Edible
Tree 2;Tree 2_E_2;0;2;0.08308426428110409;1.9306378622843359;ring-number: t;Split;1;2205;7.357786622481555;0.0;ring-number_t;<=;0.5;Yes;No;2573.0;0.974308300395257;0.025691699604743084;0.974308300395257;0.025691699604743084;Edible
Tree 2;Tree 2_E_2;1;3;0.07930719030965068;2.043189426304337;;Edge;0;2205;7.305320853391858;0.0;odor_m;<=;0.5;Yes;No;2205.0;0.9865136298421808;0.013486370157819226;0.9865136298421808;0.013486370157819226;Edible
Tree 2;Tree 2_E_2;2;3;0.07577763239998607;2.1557409903243383;;Edge;0;2205;7.25285508430216;0.0;odor_m;<=;0.5;Yes;No;2205.0;0.9865136298421808;0.013486370157819226;0.9865136298421808;0.013486370157819226;Edible
Tree 2;Tree 2_E_2;3;3;0.07271325252389926;2.2682925543443395;;Edge;0;2205;7.200389315212462;0.0;odor_m;<=;0.5;Yes;No;2205.0;0.9865136298421808;0.013486370157819226;0.9865136298421808;0.013486370157819226;Edible
Tree 2;Tree 2_E_2;4;3;0.07027560531703325;2.3808441183643407;;Edge;0;2205;7.147923546122764;0.0;odor_m;<=;0.5;Yes;No;2205.0;0.9865136298421808;0.013486370157819226;0.9865136298421808;0.013486370157819226;Edible
Tree 2;Tree 2_E_2;5;3;0.06855065220553386;2.4933956823843424;;Edge;0;2205;7.095457777033067;0.0;odor_m;<=;0.5;Yes;No;2205.0;0.9865136298421808;0.013486370157819226;0.9865136298421808;0.013486370157819226;Edible
Tree 2;Tree 2_E_2;6;3;0.06753839318940108;2.6059472464043436;;Edge;0;2205;7.042992007943369;0.0;odor_m;<=;0.5;Yes;No;2205.0;0.9865136298421808;0.013486370157819226;0.9865136298421808;0.013486370157819226;Edible
Tree 2;Tree 2_E_2;7;3;0.06715286684248908;2.718498810424345;;Edge;0;2205;6.990526238853672;0.0;odor_m;<=;0.5;Yes;No;2205.0;0.9865136298421808;0.013486370157819226;0.9865136298421808;0.013486370157819226;Edible
Tree 2;Tree 2_E_2;8;3;0.06723251852915489;2.831050374444346;;Edge;0;2205;6.938060469763974;0.0;odor_m;<=;0.5;Yes;No;2205.0;0.9865136298421808;0.013486370157819226;0.9865136298421808;0.013486370157819226;Edible
Tree 2;Tree 2_E_2;9;3;0.06755968627760951;2.9436019384643473;odor: m;Split;1;2205;6.885594700674276;0.0;odor_m;<=;0.5;Yes;No;2205.0;0.9865136298421808;0.013486370157819226;0.9865136298421808;0.013486370157819226;Edible
Tree 2;Tree 2_E_3;0;3;0.06755968627760951;2.9436019384643473;odor: m;Split;1;2180;6.885594700674276;0.0;odor_m;<=;0.5;Yes;No;2205.0;0.9865136298421808;0.013486370157819226;0.9865136298421808;0.013486370157819226;Edible
Tree 2;Tree 2_E_3;1;4;0.06232041655049479;3.065454795714105;;Edge;0;2180;6.881876904961887;1.0;;;;;;2180.0;1.0;0.0;1.0;0.0;Edible
Tree 2;Tree 2_E_3;2;4;0.05732866288516888;3.187307652963863;;Edge;0;2180;6.878159109249497;1.0;;;;;;2180.0;1.0;0.0;1.0;0.0;Edible
Tree 2;Tree 2_E_3;3;4;0.05280208725342079;3.3091605102136215;;Edge;0;2180;6.874441313537107;1.0;;;;;;2180.0;1.0;0.0;1.0;0.0;Edible
Tree 2;Tree 2_E_3;4;4;0.04890224429089347;3.4310133674633794;;Edge;0;2180;6.870723517824718;1.0;;;;;;2180.0;1.0;0.0;1.0;0.0;Edible
Tree 2;Tree 2_E_3;5;4;0.04571509542373277;3.5528662247131373;;Edge;0;2180;6.867005722112328;1.0;;;;;;2180.0;1.0;0.0;1.0;0.0;Edible
Tree 2;Tree 2_E_3;6;4;0.043240640651938694;3.674719081962895;;Edge;0;2180;6.863287926399939;1.0;;;;;;2180.0;1.0;0.0;1.0;0.0;Edible
Tree 2;Tree 2_E_3;7;4;0.04139291854936538;3.796571939212653;;Edge;0;2180;6.859570130687549;1.0;;;;;;2180.0;1.0;0.0;1.0;0.0;Edible
Tree 2;Tree 2_E_3;8;4;0.04001037448036991;3.9184247964624115;;Edge;0;2180;6.855852334975159;1.0;;;;;;2180.0;1.0;0.0;1.0;0.0;Edible
Tree 2;Tree 2_E_3;9;4;0.03887534647316322;4.040277653712169;YES;YES;1;2180;6.85213453926277;1.0;;;;;;2180.0;1.0;0.0;1.0;0.0;Edible
Tree 2;Tree 2_E_4;0;3;0.06755968627760951;2.9436019384643473;odor: m;Split;1;25;6.885594700674276;0.0;odor_m;<=;0.5;Yes;No;2205.0;0.9865136298421808;0.013486370157819226;0.9865136298421808;0.013486370157819226;Edible
Tree 2;Tree 2_E_4;1;5;0.07128506354248335;3.0695538619878304;;Edge;0;25;6.301272484402109;1.0;;;;;;25.0;0.0;1.0;0.0;1.0;Poisonous
Tree 2;Tree 2_E_4;2;5;0.0747629247455684;3.195505785511314;;Edge;0;25;5.716950268129942;1.0;;;;;;25.0;0.0;1.0;0.0;1.0;Poisonous
Tree 2;Tree 2_E_4;3;5;0.07777560791507561;3.321457709034797;;Edge;0;25;5.132628051857775;1.0;;;;;;25.0;0.0;1.0;0.0;1.0;Poisonous
Tree 2;Tree 2_E_4;4;5;0.08016155841536206;3.447409632558281;;Edge;0;25;4.548305835585608;1.0;;;;;;25.0;0.0;1.0;0.0;1.0;Poisonous
Tree 2;Tree 2_E_4;5;5;0.08183481482028188;3.573361556081764;;Edge;0;25;3.9639836193134403;1.0;;;;;;25.0;0.0;1.0;0.0;1.0;Poisonous
Tree 2;Tree 2_E_4;6;5;0.08279537712983509;3.699313479605247;;Edge;0;25;3.3796614030412737;1.0;;;;;;25.0;0.0;1.0;0.0;1.0;Poisonous
Tree 2;Tree 2_E_4;7;5;0.08312920677016751;3.8252654031287308;;Edge;0;25;2.795339186769107;1.0;;;;;;25.0;0.0;1.0;0.0;1.0;Poisonous
Tree 2;Tree 2_E_4;8;5;0.08299785837692211;3.9512173266522144;;Edge;0;25;2.2110169704969396;1.0;;;;;;25.0;0.0;1.0;0.0;1.0;Poisonous
Tree 2;Tree 2_E_4;9;5;0.08261899392188793;4.0771692501756975;NO;NO;1;25;1.626694754224772;1.0;;;;;;25.0;0.0;1.0;0.0;1.0;Poisonous
Tree 2;Tree 2_E_5;0;2;0.08308426428110409;1.9306378622843359;ring-number: t;Split;1;368;7.357786622481555;0.0;ring-number_t;<=;0.5;Yes;No;2573.0;0.974308300395257;0.025691699604743084;0.974308300395257;0.025691699604743084;Edible
Tree 2;Tree 2_E_5;1;6;0.09783371038413004;2.04940238132213;;Edge;0;368;6.918523438455238;0.0;stalk-surface-above-ring_s;<=;0.5;Yes;No;368.0;0.8987566607460036;0.10124333925399645;0.8987566607460036;0.10124333925399645;Edible
Tree 2;Tree 2_E_5;2;6;0.11233564042536719;2.1681669003599238;;Edge;0;368;6.4792602544289215;0.0;stalk-surface-above-ring_s;<=;0.5;Yes;No;368.0;0.8987566607460036;0.10124333925399645;0.8987566607460036;0.10124333925399645;Edible
Tree 2;Tree 2_E_5;3;6;0.12637239243302653;2.286931419397718;;Edge;0;368;6.039997070402604;0.0;stalk-surface-above-ring_s;<=;0.5;Yes;No;368.0;0.8987566607460036;0.10124333925399645;0.8987566607460036;0.10124333925399645;Edible
Tree 2;Tree 2_E_5;4;6;0.13978241177146508;2.4056959384355117;;Edge;0;368;5.600733886376288;0.0;stalk-surface-above-ring_s;<=;0.5;Yes;No;368.0;0.8987566607460036;0.10124333925399645;0.8987566607460036;0.10124333925399645;Edible
Tree 2;Tree 2_E_5;5;6;0.15247973701453701;2.524460457473306;;Edge;0;368;5.16147070234997;0.0;stalk-surface-above-ring_s;<=;0.5;Yes;No;368.0;0.8987566607460036;0.10124333925399645;0.8987566607460036;0.10124333925399645;Edible
Tree 2;Tree 2_E_5;6;6;0.16446436816224233;2.6432249765110996;;Edge;0;368;4.722207518323653;0.0;stalk-surface-above-ring_s;<=;0.5;Yes;No;368.0;0.8987566607460036;0.10124333925399645;0.8987566607460036;0.10124333925399645;Edible
Tree 2;Tree 2_E_5;7;6;0.17582226664072687;2.7619894955488937;;Edge;0;368;4.282944334297337;0.0;stalk-surface-above-ring_s;<=;0.5;Yes;No;368.0;0.8987566607460036;0.10124333925399645;0.8987566607460036;0.10124333925399645;Edible
Tree 2;Tree 2_E_5;8;6;0.18671498708563358;2.8807540145866875;;Edge;0;368;3.8436811502710198;0.0;stalk-surface-above-ring_s;<=;0.5;Yes;No;368.0;0.8987566607460036;0.10124333925399645;0.8987566607460036;0.10124333925399645;Edible
Tree 2;Tree 2_E_5;9;6;0.1973601914687515;2.9995185336244816;stalk-surface-above-ring: s;Split;1;368;3.4044179662447025;0.0;stalk-surface-above-ring_s;<=;0.5;Yes;No;368.0;0.8987566607460036;0.10124333925399645;0.8987566607460036;0.10124333925399645;Edible
Tree 2;Tree 2_E_6;0;6;0.1973601914687515;2.9995185336244816;stalk-surface-above-ring: s;Split;1;96;3.4044179662447025;0.0;stalk-surface-above-ring_s;<=;0.5;Yes;No;368.0;0.8987566607460036;0.10124333925399645;0.8987566607460036;0.10124333925399645;Edible
Tree 2;Tree 2_E_6;1;7;0.19135916104837652;3.102081191842108;;Edge;0;96;3.2737121808690337;1.0;;;;;;96.0;1.0;0.0;1.0;0.0;Edible
Tree 2;Tree 2_E_6;2;7;0.18560564668979035;3.204643850059735;;Edge;0;96;3.143006395493365;1.0;;;;;;96.0;1.0;0.0;1.0;0.0;Edible
Tree 2;Tree 2_E_6;3;7;0.180317310364782;3.3072065082773614;;Edge;0;96;3.012300610117696;1.0;;;;;;96.0;1.0;0.0;1.0;0.0;Edible
Tree 2;Tree 2_E_6;4;7;0.1756557067089944;3.409769166494988;;Edge;0;96;2.8815948247420273;1.0;;;;;;96.0;1.0;0.0;1.0;0.0;Edible
Tree 2;Tree 2_E_6;5;7;0.17170679714857343;3.5123318247126147;;Edge;0;96;2.750889039366358;1.0;;;;;;96.0;1.0;0.0;1.0;0.0;Edible
Tree 2;Tree 2_E_6;6;7;0.16847058168351908;3.614894482930241;;Edge;0;96;2.6201832539906897;1.0;;;;;;96.0;1.0;0.0;1.0;0.0;Edible
Tree 2;Tree 2_E_6;7;7;0.16586109888768552;3.7174571411478676;;Edge;0;96;2.4894774686150205;1.0;;;;;;96.0;1.0;0.0;1.0;0.0;Edible
Tree 2;Tree 2_E_6;8;7;0.16371679412542978;3.820019799365494;;Edge;0;96;2.3587716832393517;1.0;;;;;;96.0;1.0;0.0;1.0;0.0;Edible
Tree 2;Tree 2_E_6;9;7;0.16182000542496283;3.922582457583121;YES;YES;1;96;2.228065897863683;1.0;;;;;;96.0;1.0;0.0;1.0;0.0;Edible
Tree 2;Tree 2_E_7;0;6;0.1973601914687515;2.9995185336244816;stalk-surface-above-ring: s;Split;1;272;3.4044179662447025;0.0;stalk-surface-above-ring_s;<=;0.5;Yes;No;368.0;0.8987566607460036;0.10124333925399645;0.8987566607460036;0.10124333925399645;Edible
Tree 2;Tree 2_E_7;1;8;0.20054308045496702;3.10630061152331;;Edge;0;272;3.36694296258989;1.0;;;;;;272.0;0.8613138686131386;0.1386861313868613;0.8613138686131386;0.1386861313868613;Edible
Tree 2;Tree 2_E_7;2;8;0.20347845337939374;3.213082689422138;;Edge;0;272;3.329467958935077;1.0;;;;;;272.0;0.8613138686131386;0.1386861313868613;0.8613138686131386;0.1386861313868613;Edible
Tree 2;Tree 2_E_7;3;8;0.20594864827024265;3.3198647673209662;;Edge;0;272;3.2919929552802643;1.0;;;;;;272.0;0.8613138686131386;0.1386861313868613;0.8613138686131386;0.1386861313868613;Edible
Tree 2;Tree 2_E_7;4;8;0.20779211049187077;3.4266468452197945;;Edge;0;272;3.254517951625451;1.0;;;;;;272.0;0.8613138686131386;0.1386861313868613;0.8613138686131386;0.1386861313868613;Edible
Tree 2;Tree 2_E_7;5;8;0.20892287861813227;3.5334289231186227;;Edge;0;272;3.2170429479706386;1.0;;;;;;272.0;0.8613138686131386;0.1386861313868613;0.8613138686131386;0.1386861313868613;Edible
Tree 2;Tree 2_E_7;6;8;0.20934095264902716;3.640211001017451;;Edge;0;272;3.1795679443158256;1.0;;;;;;272.0;0.8613138686131386;0.1386861313868613;0.8613138686131386;0.1386861313868613;Edible
Tree 2;Tree 2_E_7;7;8;0.20913229401070127;3.746993078916279;;Edge;0;272;3.142092940661013;1.0;;;;;;272.0;0.8613138686131386;0.1386861313868613;0.8613138686131386;0.1386861313868613;Edible
Tree 2;Tree 2_E_7;8;8;0.20845845733879756;3.8537751568151073;;Edge;0;272;3.1046179370062;1.0;;;;;;272.0;0.8613138686131386;0.1386861313868613;0.8613138686131386;0.1386861313868613;Edible
Tree 2;Tree 2_E_7;9;8;0.20753710460510505;3.9605572347139355;YES;YES;1;272;3.0671429333513873;1.0;;;;;;272.0;0.8613138686131386;0.1386861313868613;0.8613138686131386;0.1386861313868613;Edible
Tree 2;Tree 2_E_8;0;1;0.3243206493795047;1.0206280026026135;gill-size: n;Split;1;1227;8.72641183706077;0.0;gill-size_n;<=;0.5;Yes;No;3800.0;0.7061087866108786;0.29389121338912133;0.7061087866108786;0.29389121338912133;Edible
Tree 2;Tree 2_E_8;1;9;0.3351495005238055;1.135788991845934;;Edge;0;1227;8.35574862538379;0.0;ring-type_f;<=;0.5;Yes;No;1227.0;0.14270887389724962;0.8572911261027504;0.14270887389724962;0.8572911261027504;Poisonous
Tree 2;Tree 2_E_8;2;9;0.34573083560631745;1.2509499810892546;;Edge;0;1227;7.98508541370681;0.0;ring-type_f;<=;0.5;Yes;No;1227.0;0.14270887389724962;0.8572911261027504;0.14270887389724962;0.8572911261027504;Poisonous
Tree 2;Tree 2_E_8;3;9;0.35584699265525166;1.3661109703325751;;Edge;0;1227;7.6144222020298304;0.0;ring-type_f;<=;0.5;Yes;No;1227.0;0.14270887389724962;0.8572911261027504;0.14270887389724962;0.8572911261027504;Poisonous
Tree 2;Tree 2_E_8;4;9;0.365336417034965;1.4812719595758959;;Edge;0;1227;7.24375899035285;0.0;ring-type_f;<=;0.5;Yes;No;1227.0;0.14270887389724962;0.8572911261027504;0.14270887389724962;0.8572911261027504;Poisonous
Tree 2;Tree 2_E_8;5;9;0.3741131473193118;1.5964329488192164;;Edge;0;1227;6.873095778675871;0.0;ring-type_f;<=;0.5;Yes;No;1227.0;0.14270887389724962;0.8572911261027504;0.14270887389724962;0.8572911261027504;Poisonous
Tree 2;Tree 2_E_8;6;9;0.3821771835082919;1.711593938062537;;Edge;0;1227;6.502432566998891;0.0;ring-type_f;<=;0.5;Yes;No;1227.0;0.14270887389724962;0.8572911261027504;0.14270887389724962;0.8572911261027504;Poisonous
Tree 2;Tree 2_E_8;7;9;0.38961448702805124;1.8267549273058574;;Edge;0;1227;6.131769355321911;0.0;ring-type_f;<=;0.5;Yes;No;1227.0;0.14270887389724962;0.8572911261027504;0.14270887389724962;0.8572911261027504;Poisonous
Tree 2;Tree 2_E_8;8;9;0.3965866125142327;1.9419159165491782;;Edge;0;1227;5.7611061436449305;0.0;ring-type_f;<=;0.5;Yes;No;1227.0;0.14270887389724962;0.8572911261027504;0.14270887389724962;0.8572911261027504;Poisonous
Tree 2;Tree 2_E_8;9;9;0.4033112219386255;2.0570769057924987;ring-type: f;Split;1;1227;5.390442931967951;0.0;ring-type_f;<=;0.5;Yes;No;1227.0;0.14270887389724962;0.8572911261027504;0.14270887389724962;0.8572911261027504;Poisonous
Tree 2;Tree 2_E_9;0;9;0.4033112219386255;2.0570769057924987;ring-type: f;Split;1;1193;5.390442931967951;0.0;ring-type_f;<=;0.5;Yes;No;1227.0;0.14270887389724962;0.8572911261027504;0.14270887389724962;0.8572911261027504;Poisonous
Tree 2;Tree 2_E_9;1;10;0.39188659693603245;2.169499175072997;;Edge;0;1193;5.38363664120042;0.0;odor_a;<=;0.5;Yes;No;1193.0;0.11752136752136752;0.8824786324786325;0.11752136752136752;0.8824786324786325;Poisonous
Tree 2;Tree 2_E_9;2;10;0.38070948799522814;2.2819214443534954;;Edge;0;1193;5.376830350432889;0.0;odor_a;<=;0.5;Yes;No;1193.0;0.11752136752136752;0.8824786324786325;0.11752136752136752;0.8824786324786325;Poisonous
Tree 2;Tree 2_E_9;3;10;0.36999755708800164;2.394343713633994;;Edge;0;1193;5.370024059665358;0.0;odor_a;<=;0.5;Yes;No;1193.0;0.11752136752136752;0.8824786324786325;0.11752136752136752;0.8824786324786325;Poisonous
Tree 2;Tree 2_E_9;4;10;0.35991235884999595;2.506765982914492;;Edge;0;1193;5.363217768897827;0.0;odor_a;<=;0.5;Yes;No;1193.0;0.11752136752136752;0.8824786324786325;0.11752136752136752;0.8824786324786325;Poisonous
Tree 2;Tree 2_E_9;5;10;0.3505398547073569;2.6191882521949905;;Edge;0;1193;5.356411478130296;0.0;odor_a;<=;0.5;Yes;No;1193.0;0.11752136752136752;0.8824786324786325;0.11752136752136752;0.8824786324786325;Poisonous
Tree 2;Tree 2_E_9;6;10;0.3418800446600844;2.7316105214754893;;Edge;0;1193;5.349605187362765;0.0;odor_a;<=;0.5;Yes;No;1193.0;0.11752136752136752;0.8824786324786325;0.11752136752136752;0.8824786324786325;Poisonous
Tree 2;Tree 2_E_9;7;10;0.3338469672820328;2.8440327907559873;;Edge;0;1193;5.342798896595234;0.0;odor_a;<=;0.5;Yes;No;1193.0;0.11752136752136752;0.8824786324786325;0.11752136752136752;0.8824786324786325;Poisonous
Tree 2;Tree 2_E_9;8;10;0.32627906793755895;2.956455060036486;;Edge;0;1193;5.335992605827703;0.0;odor_a;<=;0.5;Yes;No;1193.0;0.11752136752136752;0.8824786324786325;0.11752136752136752;0.8824786324786325;Poisonous
Tree 2;Tree 2_E_9;9;10;0.31895868465487387;3.0688773293169844;odor: a;Split;1;1193;5.329186315060172;0.0;odor_a;<=;0.5;Yes;No;1193.0;0.11752136752136752;0.8824786324786325;0.11752136752136752;0.8824786324786325;Poisonous
Tree 2;Tree 2_E_10;0;10;0.31895868465487387;3.0688773293169844;odor: a;Split;1;1166;5.329186315060172;0.0;odor_a;<=;0.5;Yes;No;1193.0;0.11752136752136752;0.8824786324786325;0.11752136752136752;0.8824786324786325;Poisonous
Tree 2;Tree 2_E_10;1;11;0.31152555359753853;3.1699401968837413;;Edge;0;1166;5.323711928592134;1.0;;;;;;1166.0;0.09578544061302682;0.9042145593869731;0.09578544061302682;0.9042145593869731;Poisonous
Tree 2;Tree 2_E_10;2;11;0.304339938601992;3.271003064450498;;Edge;0;1166;5.3182375421240975;1.0;;;;;;1166.0;0.09578544061302682;0.9042145593869731;0.09578544061302682;0.9042145593869731;Poisonous
Tree 2;Tree 2_E_10;3;11;0.2976195016400232;3.3720659320172555;;Edge;0;1166;5.31276315565606;1.0;;;;;;1166.0;0.09578544061302682;0.9042145593869731;0.09578544061302682;0.9042145593869731;Poisonous
Tree 2;Tree 2_E_10;4;11;0.2915257973472753;3.4731287995840123;;Edge;0;1166;5.307288769188023;1.0;;;;;;1166.0;0.09578544061302682;0.9042145593869731;0.09578544061302682;0.9042145593869731;Poisonous
Tree 2;Tree 2_E_10;5;11;0.28614478714989394;3.574191667150769;;Edge;0;1166;5.301814382719986;1.0;;;;;;1166.0;0.09578544061302682;0.9042145593869731;0.09578544061302682;0.9042145593869731;Poisonous
Tree 2;Tree 2_E_10;6;11;0.28147647104787926;3.675254534717526;;Edge;0;1166;5.296339996251949;1.0;;;;;;1166.0;0.09578544061302682;0.9042145593869731;0.09578544061302682;0.9042145593869731;Poisonous
Tree 2;Tree 2_E_10;7;11;0.27743488761508533;3.776317402284283;;Edge;0;1166;5.2908656097839115;1.0;;;;;;1166.0;0.09578544061302682;0.9042145593869731;0.09578544061302682;0.9042145593869731;Poisonous
Tree 2;Tree 2_E_10;8;11;0.2738584822158693;3.8773802698510402;;Edge;0;1166;5.285391223315875;1.0;;;;;;1166.0;0.09578544061302682;0.9042145593869731;0.09578544061302682;0.9042145593869731;Poisonous
Tree 2;Tree 2_E_10;9;11;0.2705295928784419;3.978443137417797;NO;NO;1;1166;5.279916836847837;1.0;;;;;;1166.0;0.09578544061302682;0.9042145593869731;0.09578544061302682;0.9042145593869731;Poisonous
Tree 2;Tree 2_E_11;0;10;0.31895868465487387;3.0688773293169844;odor: a;Split;1;27;5.329186315060172;0.0;odor_a;<=;0.5;Yes;No;1193.0;0.11752136752136752;0.8824786324786325;0.11752136752136752;0.8824786324786325;Poisonous
Tree 2;Tree 2_E_11;1;12;0.3247501690562643;3.1634471588647384;;Edge;0;27;4.920530090397099;1.0;;;;;;27.0;1.0;0.0;1.0;0.0;Edible
Tree 2;Tree 2_E_11;2;12;0.330294137395866;3.2580169884124923;;Edge;0;27;4.511873865734026;1.0;;;;;;27.0;1.0;0.0;1.0;0.0;Edible
Tree 2;Tree 2_E_11;3;12;0.33537292770188987;3.352586817960246;;Edge;0;27;4.1032176410709535;1.0;;;;;;27.0;1.0;0.0;1.0;0.0;Edible
Tree 2;Tree 2_E_11;4;12;0.33982498533869293;3.4471566475079998;;Edge;0;27;3.694561416407881;1.0;;;;;;27.0;1.0;0.0;1.0;0.0;Edible
Tree 2;Tree 2_E_11;5;12;0.34356434888012943;3.5417264770557537;;Edge;0;27;3.285905191744808;1.0;;;;;;27.0;1.0;0.0;1.0;0.0;Edible
Tree 2;Tree 2_E_11;6;12;0.34659101832619926;3.6362963066035077;;Edge;0;27;2.8772489670817354;1.0;;;;;;27.0;1.0;0.0;1.0;0.0;Edible
Tree 2;Tree 2_E_11;7;12;0.3489909551030483;3.730866136151261;;Edge;0;27;2.468592742418663;1.0;;;;;;27.0;1.0;0.0;1.0;0.0;Edible
Tree 2;Tree 2_E_11;8;12;0.3509257138463195;3.825435965699015;;Edge;0;27;2.05993651775559;1.0;;;;;;27.0;1.0;0.0;1.0;0.0;Edible
Tree 2;Tree 2_E_11;9;12;0.35261295652780195;3.920005795246769;YES;YES;1;27;1.6512802930925172;1.0;;;;;;27.0;1.0;0.0;1.0;0.0;Edible
Tree 2;Tree 2_E_12;0;9;0.4033112219386255;2.0570769057924987;ring-type: f;Split;1;34;5.390442931967951;0.0;ring-type_f;<=;0.5;Yes;No;1227.0;0.14270887389724962;0.8572911261027504;0.14270887389724962;0.8572911261027504;Poisonous
Tree 2;Tree 2_E_12;1;13;0.40932281970015955;2.1596576769251223;;Edge;0;34;4.983820983185657;1.0;;;;;;34.0;1.0;0.0;1.0;0.0;Edible
Tree 2;Tree 2_E_12;2;13;0.41508690139990484;2.262238448057746;;Edge;0;34;4.577199034403364;1.0;;;;;;34.0;1.0;0.0;1.0;0.0;Edible
Tree 2;Tree 2_E_12;3;13;0.4203858050660723;2.3648192191903696;;Edge;0;34;4.170577085621071;1.0;;;;;;34.0;1.0;0.0;1.0;0.0;Edible
Tree 2;Tree 2_E_12;4;13;0.425057976063019;2.4673999903229933;;Edge;0;34;3.763955136838777;1.0;;;;;;34.0;1.0;0.0;1.0;0.0;Edible
Tree 2;Tree 2_E_12;5;13;0.429017452964599;2.569980761455617;;Edge;0;34;3.357333188056483;1.0;;;;;;34.0;1.0;0.0;1.0;0.0;Edible
Tree 2;Tree 2_E_12;6;13;0.4322642357708124;2.6725615325882406;;Edge;0;34;2.95071123927419;1.0;;;;;;34.0;1.0;0.0;1.0;0.0;Edible
Tree 2;Tree 2_E_12;7;13;0.43488428590780503;2.7751423037208642;;Edge;0;34;2.5440892904918964;1.0;;;;;;34.0;1.0;0.0;1.0;0.0;Edible
Tree 2;Tree 2_E_12;8;13;0.43703915801121984;2.877723074853488;;Edge;0;34;2.137467341709603;1.0;;;;;;34.0;1.0;0.0;1.0;0.0;Edible
Tree 2;Tree 2_E_12;9;13;0.4389465140528459;2.9803038459861115;YES;YES;1;34;1.7308453929273089;1.0;;;;;;34.0;1.0;0.0;1.0;0.0;Edible
Tree 2;Tree 2_E_13;0;0;0.5;0.08;odor: f;Split;1;1356;10.0;0.0;odor_f;<=;0.5;Yes;No;5156.0;0.5193254554406697;0.4806745445593304;0.5193254554406697;0.4806745445593304;Edible
Tree 2;Tree 2_E_13;1;14;0.5212265485584685;0.18998187742741468;;Edge;0;1356;9.512829961521039;1.0;;;;;;1356.0;0.0;1.0;0.0;1.0;Poisonous
Tree 2;Tree 2_E_13;2;14;0.5422055810551482;0.29996375485482935;;Edge;0;1356;9.025659923042076;1.0;;;;;;1356.0;0.0;1.0;0.0;1.0;Poisonous
Tree 2;Tree 2_E_13;3;14;0.5627194355182501;0.409945632282244;;Edge;0;1356;8.538489884563115;1.0;;;;;;1356.0;0.0;1.0;0.0;1.0;Poisonous
Tree 2;Tree 2_E_13;4;14;0.5826065573121312;0.5199275097096586;;Edge;0;1356;8.051319846084153;1.0;;;;;;1356.0;0.0;1.0;0.0;1.0;Poisonous
Tree 2;Tree 2_E_13;5;14;0.6017809850106456;0.6299093871370733;;Edge;0;1356;7.56414980760519;1.0;;;;;;1356.0;0.0;1.0;0.0;1.0;Poisonous
Tree 2;Tree 2_E_13;6;14;0.6202427186137935;0.739891264564488;;Edge;0;1356;7.076979769126229;1.0;;;;;;1356.0;0.0;1.0;0.0;1.0;Poisonous
Tree 2;Tree 2_E_13;7;14;0.6380777195477205;0.8498731419919026;;Edge;0;1356;6.589809730647268;1.0;;;;;;1356.0;0.0;1.0;0.0;1.0;Poisonous
Tree 2;Tree 2_E_13;8;14;0.6554475424480698;0.9598550194193173;;Edge;0;1356;6.102639692168306;1.0;;;;;;1356.0;0.0;1.0;0.0;1.0;Poisonous
Tree 2;Tree 2_E_13;9;14;0.6725698492866303;1.069836896846732;NO;NO;1;1356;5.615469653689344;1.0;;;;;;1356.0;0.0;1.0;0.0;1.0;Poisonous
Tree 3;Tree 3_TRUNK;0;-1;0.5;-0.92;;Trunk;0;5133;11.0;;;;;;;;;;;;
Tree 3;Tree 3_TRUNK;1;-1;0.5065082560867634;-0.7771428571428571;;Trunk;0;5133;10.714285714285714;;;;;;;;;;;;
Tree 3;Tree 3_TRUNK;2;-1;0.5117274722370204;-0.6342857142857143;;Trunk;0;5133;10.428571428571429;;;;;;;;;;;;
Tree 3;Tree 3_TRUNK;3;-1;0.5146239186827274;-0.4914285714285715;;Trunk;0;5133;10.142857142857142;;;;;;;;;;;;
Tree 3;Tree 3_TRUNK;4;-1;0.5146239186827274;-0.34857142857142864;;Trunk;0;5133;9.857142857142858;;;;;;;;;;;;
Tree 3;Tree 3_TRUNK;5;-1;0.5117274722370204;-0.20571428571428574;;Trunk;0;5133;9.571428571428571;;;;;;;;;;;;
Tree 3;Tree 3_TRUNK;6;-1;0.5065082560867634;-0.06285714285714294;;Trunk;0;5133;9.285714285714286;;;;;;;;;;;;
Tree 3;Tree 3_TRUNK;7;-1;0.5;0.07999999999999996;;Trunk;0;5133;9.0;;;;;;;;;;;;
Tree 3;Tree 3_E_0;0;0;0.5;0.08;stalk-surface-above-ring: s;Split;1;1839;10.0;0.0;stalk-surface-above-ring_s;<=;0.5;Yes;No;5133.0;0.5222796651895618;0.4777203348104382;0.5222796651895618;0.4777203348104382;Edible
Tree 3;Tree 3_E_0;1;1;0.4784279512933243;0.1845142225114015;;Edge;0;1839;9.598556611803433;0.0;stalk-root_e;<=;0.5;Yes;No;1839.0;0.19412381951731375;0.8058761804826863;0.19412381951731375;0.8058761804826863;Poisonous
Tree 3;Tree 3_E_0;2;1;0.4571034186484374;0.289028445022803;;Edge;0;1839;9.197113223606866;0.0;stalk-root_e;<=;0.5;Yes;No;1839.0;0.19412381951731375;0.8058761804826863;0.19412381951731375;0.8058761804826863;Poisonous
Tree 3;Tree 3_E_0;3;1;0.43624406403712823;0.3935426675342045;;Edge;0;1839;8.795669835410301;0.0;stalk-root_e;<=;0.5;Yes;No;1839.0;0.19412381951731375;0.8058761804826863;0.19412381951731375;0.8058761804826863;Poisonous
Tree 3;Tree 3_E_0;4;1;0.41601144209503993;0.49805689004560605;;Edge;0;1839;8.394226447213734;0.0;stalk-root_e;<=;0.5;Yes;No;1839.0;0.19412381951731375;0.8058761804826863;0.19412381951731375;0.8058761804826863;Poisonous
Tree 3;Tree 3_E_0;5;1;0.39649151424831824;0.6025711125570076;;Edge;0;1839;7.992783059017167;0.0;stalk-root_e;<=;0.5;Yes;No;1839.0;0.19412381951731375;0.8058761804826863;0.19412381951731375;0.8058761804826863;Poisonous
Tree 3;Tree 3_E_0;6;1;0.3776842804969632;0.707085335068409;;Edge;0;1839;7.5913396708206005;0.0;stalk-root_e;<=;0.5;Yes;No;1839.0;0.19412381951731375;0.8058761804826863;0.19412381951731375;0.8058761804826863;Poisonous
Tree 3;Tree 3_E_0;7;1;0.3595037794148289;0.8115995575798104;;Edge;0;1839;7.189896282624034;0.0;stalk-root_e;<=;0.5;Yes;No;1839.0;0.19412381951731375;0.8058761804826863;0.19412381951731375;0.8058761804826863;Poisonous
Tree 3;Tree 3_E_0;8;1;0.3417884563662724;0.916113780091212;;Edge;0;1839;6.788452894427468;0.0;stalk-root_e;<=;0.5;Yes;No;1839.0;0.19412381951731375;0.8058761804826863;0.19412381951731375;0.8058761804826863;Poisonous
Tree 3;Tree 3_E_0;9;1;0.3243206493795047;1.0206280026026135;stalk-root: e;Split;1;1839;6.387009506230901;0.0;stalk-root_e;<=;0.5;Yes;No;1839.0;0.19412381951731375;0.8058761804826863;0.19412381951731375;0.8058761804826863;Poisonous
Tree 3;Tree 3_E_1;0;1;0.3243206493795047;1.0206280026026135;stalk-root: e;Split;1;1603;6.387009506230901;0.0;stalk-root_e;<=;0.5;Yes;No;1839.0;0.19412381951731375;0.8058761804826863;0.19412381951731375;0.8058761804826863;Poisonous
Tree 3;Tree 3_E_1;1;2;0.29546448573083955;1.121740209233916;;Edge;0;1603;6.347284717107022;0.0;cap-shape_b;<=;0.5;Yes;No;1603.0;0.07395498392282958;0.9260450160771704;0.07395498392282958;0.9260450160771704;Poisonous
Tree 3;Tree 3_E_1;2;2;0.26685583814396313;1.2228524158652185;;Edge;0;1603;6.307559927983143;0.0;cap-shape_b;<=;0.5;Yes;No;1603.0;0.07395498392282958;0.9260450160771704;0.07395498392282958;0.9260450160771704;Poisonous
Tree 3;Tree 3_E_1;3;2;0.23871236859066455;1.323964622496521;;Edge;0;1603;6.267835138859264;0.0;cap-shape_b;<=;0.5;Yes;No;1603.0;0.07395498392282958;0.9260450160771704;0.07395498392282958;0.9260450160771704;Poisonous
Tree 3;Tree 3_E_1;4;2;0.21119563170658676;1.4250768291278235;;Edge;0;1603;6.228110349735386;0.0;cap-shape_b;<=;0.5;Yes;No;1603.0;0.07395498392282958;0.9260450160771704;0.07395498392282958;0.9260450160771704;Poisonous
Tree 3;Tree 3_E_1;5;2;0.18439158891787558;1.526189035759126;;Edge;0;1603;6.188385560611507;0.0;cap-shape_b;<=;0.5;Yes;No;1603.0;0.07395498392282958;0.9260450160771704;0.07395498392282958;0.9260450160771704;Poisonous
Tree 3;Tree 3_E_1;6;2;0.158300240224531;1.6273012423904283;;Edge;0;1603;6.148660771487628;0.0;cap-shape_b;<=;0.5;Yes;No;1603.0;0.07395498392282958;0.9260450160771704;0.07395498392282958;0.9260450160771704;Poisonous
Tree 3;Tree 3_E_1;7;2;0.13283562420040726;1.7284134490217307;;Edge;0;1603;6.108935982363749;0.0;cap-shape_b;<=;0.5;Yes;No;1603.0;0.07395498392282958;0.9260450160771704;0.07395498392282958;0.9260450160771704;Poisonous
Tree 3;Tree 3_E_1;8;2;0.10783618620986127;1.8295256556530335;;Edge;0;1603;6.0692111932398705;0.0;cap-shape_b;<=;0.5;Yes;No;1603.0;0.07395498392282958;0.9260450160771704;0.07395498392282958;0.9260450160771704;Poisonous
Tree 3;Tree 3_E_1;9;2;0.0830842642811041;1.9306378622843359;cap-shape: b;Split;1;1603;6.029486404115992;0.0;cap-shape_b;<=;0.5;Yes;No;1603.0;0.07395498392282958;0.9260450160771704;0.07395498392282958;0.9260450160771704;Poisonous
Tree 3;Tree 3_E_2;0;2;0.08308426428110409;1.9306378622843359;cap-shape: b;Split;1;1561;6.029486404115992;0.0;cap-shape_b;<=;0.5;Yes;No;1603.0;0.07395498392282958;0.9260450160771704;0.07395498392282958;0.9260450160771704;Poisonous
Tree 3;Tree 3_E_2;1;3;0.07930719030965068;2.043189426304337;;Edge;0;1561;6.022116870751073;0.0;odor_f;<=;0.5;Yes;No;1561.0;0.053909465020576135;0.9460905349794239;0.053909465020576135;0.9460905349794239;Poisonous
Tree 3;Tree 3_E_2;2;3;0.07577763239998607;2.1557409903243383;;Edge;0;1561;6.0147473373861535;0.0;odor_f;<=;0.5;Yes;No;1561.0;0.053909465020576135;0.9460905349794239;0.053909465020576135;0.9460905349794239;Poisonous
Tree 3;Tree 3_E_2;3;3;0.07271325252389926;2.2682925543443395;;Edge;0;1561;6.0073778040212344;0.0;odor_f;<=;0.5;Yes;No;1561.0;0.053909465020576135;0.9460905349794239;0.053909465020576135;0.9460905349794239;Poisonous
Tree 3;Tree 3_E_2;4;3;0.07027560531703325;2.3808441183643407;;Edge;0;1561;6.000008270656315;0.0;odor_f;<=;0.5;Yes;No;1561.0;0.053909465020576135;0.9460905349794239;0.053909465020576135;0.9460905349794239;Poisonous
Tree 3;Tree 3_E_2;5;3;0.06855065220553386;2.4933956823843424;;Edge;0;1561;5.992638737291395;0.0;odor_f;<=;0.5;Yes;No;1561.0;0.053909465020576135;0.9460905349794239;0.053909465020576135;0.9460905349794239;Poisonous
Tree 3;Tree 3_E_2;6;3;0.06753839318940108;2.6059472464043436;;Edge;0;1561;5.985269203926476;0.0;odor_f;<=;0.5;Yes;No;1561.0;0.053909465020576135;0.9460905349794239;0.053909465020576135;0.9460905349794239;Poisonous
Tree 3;Tree 3_E_2;7;3;0.06715286684248908;2.718498810424345;;Edge;0;1561;5.977899670561557;0.0;odor_f;<=;0.5;Yes;No;1561.0;0.053909465020576135;0.9460905349794239;0.053909465020576135;0.9460905349794239;Poisonous
Tree 3;Tree 3_E_2;8;3;0.06723251852915489;2.831050374444346;;Edge;0;1561;5.970530137196638;0.0;odor_f;<=;0.5;Yes;No;1561.0;0.053909465020576135;0.9460905349794239;0.053909465020576135;0.9460905349794239;Poisonous
Tree 3;Tree 3_E_2;9;3;0.06755968627760951;2.9436019384643473;odor: f;Split;1;1561;5.963160603831719;0.0;odor_f;<=;0.5;Yes;No;1561.0;0.053909465020576135;0.9460905349794239;0.053909465020576135;0.9460905349794239;Poisonous
Tree 3;Tree 3_E_3;0;3;0.06755968627760951;2.9436019384643473;odor: f;Split;1;462;5.963160603831719;0.0;odor_f;<=;0.5;Yes;No;1561.0;0.053909465020576135;0.9460905349794239;0.053909465020576135;0.9460905349794239;Poisonous
Tree 3;Tree 3_E_3;1;4;0.06232041655049479;3.065454795714105;;Edge;0;462;5.711708055251213;1.0;;;;;;462.0;0.18245125348189414;0.8175487465181058;0.18245125348189414;0.8175487465181058;Poisonous
Tree 3;Tree 3_E_3;2;4;0.05732866288516888;3.187307652963863;;Edge;0;462;5.460255506670706;1.0;;;;;;462.0;0.18245125348189414;0.8175487465181058;0.18245125348189414;0.8175487465181058;Poisonous
Tree 3;Tree 3_E_3;3;4;0.05280208725342079;3.3091605102136215;;Edge;0;462;5.2088029580902;1.0;;;;;;462.0;0.18245125348189414;0.8175487465181058;0.18245125348189414;0.8175487465181058;Poisonous
Tree 3;Tree 3_E_3;4;4;0.04890224429089347;3.4310133674633794;;Edge;0;462;4.9573504095096945;1.0;;;;;;462.0;0.18245125348189414;0.8175487465181058;0.18245125348189414;0.8175487465181058;Poisonous
Tree 3;Tree 3_E_3;5;4;0.04571509542373277;3.5528662247131373;;Edge;0;462;4.705897860929188;1.0;;;;;;462.0;0.18245125348189414;0.8175487465181058;0.18245125348189414;0.8175487465181058;Poisonous
Tree 3;Tree 3_E_3;6;4;0.043240640651938694;3.674719081962895;;Edge;0;462;4.454445312348682;1.0;;;;;;462.0;0.18245125348189414;0.8175487465181058;0.18245125348189414;0.8175487465181058;Poisonous
Tree 3;Tree 3_E_3;7;4;0.04139291854936538;3.796571939212653;;Edge;0;462;4.202992763768176;1.0;;;;;;462.0;0.18245125348189414;0.8175487465181058;0.18245125348189414;0.8175487465181058;Poisonous
Tree 3;Tree 3_E_3;8;4;0.04001037448036991;3.9184247964624115;;Edge;0;462;3.9515402151876695;1.0;;;;;;462.0;0.18245125348189414;0.8175487465181058;0.18245125348189414;0.8175487465181058;Poisonous
Tree 3;Tree 3_E_3;9;4;0.03887534647316322;4.040277653712169;NO;NO;1;462;3.700087666607163;1.0;;;;;;462.0;0.18245125348189414;0.8175487465181058;0.18245125348189414;0.8175487465181058;Poisonous
Tree 3;Tree 3_E_4;0;3;0.06755968627760951;2.9436019384643473;odor: f;Split;1;1099;5.963160603831719;0.0;odor_f;<=;0.5;Yes;No;1561.0;0.053909465020576135;0.9460905349794239;0.053909465020576135;0.9460905349794239;Poisonous
Tree 3;Tree 3_E_4;1;5;0.07128506354248335;3.0695538619878304;;Edge;0;1099;5.874412926346858;1.0;;;;;;1099.0;0.0;1.0;0.0;1.0;Poisonous
Tree 3;Tree 3_E_4;2;5;0.0747629247455684;3.195505785511314;;Edge;0;1099;5.7856652488619975;1.0;;;;;;1099.0;0.0;1.0;0.0;1.0;Poisonous
Tree 3;Tree 3_E_4;3;5;0.07777560791507561;3.321457709034797;;Edge;0;1099;5.696917571377138;1.0;;;;;;1099.0;0.0;1.0;0.0;1.0;Poisonous
Tree 3;Tree 3_E_4;4;5;0.08016155841536206;3.447409632558281;;Edge;0;1099;5.608169893892277;1.0;;;;;;1099.0;0.0;1.0;0.0;1.0;Poisonous
Tree 3;Tree 3_E_4;5;5;0.08183481482028188;3.573361556081764;;Edge;0;1099;5.519422216407416;1.0;;;;;;1099.0;0.0;1.0;0.0;1.0;Poisonous
Tree 3;Tree 3_E_4;6;5;0.08279537712983509;3.699313479605247;;Edge;0;1099;5.430674538922555;1.0;;;;;;1099.0;0.0;1.0;0.0;1.0;Poisonous
Tree 3;Tree 3_E_4;7;5;0.08312920677016751;3.8252654031287308;;Edge;0;1099;5.341926861437695;1.0;;;;;;1099.0;0.0;1.0;0.0;1.0;Poisonous
Tree 3;Tree 3_E_4;8;5;0.08299785837692211;3.9512173266522144;;Edge;0;1099;5.253179183952835;1.0;;;;;;1099.0;0.0;1.0;0.0;1.0;Poisonous
Tree 3;Tree 3_E_4;9;5;0.08261899392188793;4.0771692501756975;NO;NO;1;1099;5.164431506467974;1.0;;;;;;1099.0;0.0;1.0;0.0;1.0;Poisonous
Tree 3;Tree 3_E_5;0;2;0.08308426428110409;1.9306378622843359;cap-shape: b;Split;1;42;6.029486404115992;0.0;cap-shape_b;<=;0.5;Yes;No;1603.0;0.07395498392282958;0.9260450160771704;0.07395498392282958;0.9260450160771704;Poisonous
Tree 3;Tree 3_E_5;1;6;0.09783371038413004;2.04940238132213;;Edge;0;42;5.56111092175161;0.0;ring-type_e;<=;0.5;Yes;No;42.0;0.9137931034482759;0.08620689655172414;0.9137931034482759;0.08620689655172414;Edible
Tree 3;Tree 3_E_5;2;6;0.11233564042536719;2.1681669003599238;;Edge;0;42;5.09273543938723;0.0;ring-type_e;<=;0.5;Yes;No;42.0;0.9137931034482759;0.08620689655172414;0.9137931034482759;0.08620689655172414;Edible
Tree 3;Tree 3_E_5;3;6;0.12637239243302653;2.286931419397718;;Edge;0;42;4.624359957022849;0.0;ring-type_e;<=;0.5;Yes;No;42.0;0.9137931034482759;0.08620689655172414;0.9137931034482759;0.08620689655172414;Edible
Tree 3;Tree 3_E_5;4;6;0.13978241177146508;2.4056959384355117;;Edge;0;42;4.155984474658467;0.0;ring-type_e;<=;0.5;Yes;No;42.0;0.9137931034482759;0.08620689655172414;0.9137931034482759;0.08620689655172414;Edible
Tree 3;Tree 3_E_5;5;6;0.15247973701453701;2.524460457473306;;Edge;0;42;3.687608992294086;0.0;ring-type_e;<=;0.5;Yes;No;42.0;0.9137931034482759;0.08620689655172414;0.9137931034482759;0.08620689655172414;Edible
Tree 3;Tree 3_E_5;6;6;0.16446436816224233;2.6432249765110996;;Edge;0;42;3.219233509929705;0.0;ring-type_e;<=;0.5;Yes;No;42.0;0.9137931034482759;0.08620689655172414;0.9137931034482759;0.08620689655172414;Edible
Tree 3;Tree 3_E_5;7;6;0.17582226664072687;2.7619894955488937;;Edge;0;42;2.7508580275653243;0.0;ring-type_e;<=;0.5;Yes;No;42.0;0.9137931034482759;0.08620689655172414;0.9137931034482759;0.08620689655172414;Edible
Tree 3;Tree 3_E_5;8;6;0.18671498708563358;2.8807540145866875;;Edge;0;42;2.282482545200943;0.0;ring-type_e;<=;0.5;Yes;No;42.0;0.9137931034482759;0.08620689655172414;0.9137931034482759;0.08620689655172414;Edible
Tree 3;Tree 3_E_5;9;6;0.1973601914687515;2.9995185336244816;ring-type: e;Split;1;42;1.8141070628365616;0.0;ring-type_e;<=;0.5;Yes;No;42.0;0.9137931034482759;0.08620689655172414;0.9137931034482759;0.08620689655172414;Edible
Tree 3;Tree 3_E_6;0;6;0.1973601914687515;2.9995185336244816;ring-type: e;Split;1;38;1.814107062836562;0.0;ring-type_e;<=;0.5;Yes;No;42.0;0.9137931034482759;0.08620689655172414;0.9137931034482759;0.08620689655172414;Edible
Tree 3;Tree 3_E_6;1;7;0.19135916104837652;3.102081191842108;;Edge;0;38;1.80969186455214;1.0;;;;;;38.0;1.0;0.0;1.0;0.0;Edible
Tree 3;Tree 3_E_6;2;7;0.18560564668979035;3.204643850059735;;Edge;0;38;1.8052766662677182;1.0;;;;;;38.0;1.0;0.0;1.0;0.0;Edible
Tree 3;Tree 3_E_6;3;7;0.180317310364782;3.3072065082773614;;Edge;0;38;1.8008614679832962;1.0;;;;;;38.0;1.0;0.0;1.0;0.0;Edible
Tree 3;Tree 3_E_6;4;7;0.1756557067089944;3.409769166494988;;Edge;0;38;1.7964462696988743;1.0;;;;;;38.0;1.0;0.0;1.0;0.0;Edible
Tree 3;Tree 3_E_6;5;7;0.17170679714857343;3.5123318247126147;;Edge;0;38;1.7920310714144523;1.0;;;;;;38.0;1.0;0.0;1.0;0.0;Edible
Tree 3;Tree 3_E_6;6;7;0.16847058168351908;3.614894482930241;;Edge;0;38;1.7876158731300305;1.0;;;;;;38.0;1.0;0.0;1.0;0.0;Edible
Tree 3;Tree 3_E_6;7;7;0.16586109888768552;3.7174571411478676;;Edge;0;38;1.7832006748456084;1.0;;;;;;38.0;1.0;0.0;1.0;0.0;Edible
Tree 3;Tree 3_E_6;8;7;0.16371679412542978;3.820019799365494;;Edge;0;38;1.7787854765611866;1.0;;;;;;38.0;1.0;0.0;1.0;0.0;Edible
Tree 3;Tree 3_E_6;9;7;0.16182000542496283;3.922582457583121;YES;YES;1;38;1.7743702782767645;1.0;;;;;;38.0;1.0;0.0;1.0;0.0;Edible
Tree 3;Tree 3_E_7;0;6;0.1973601914687515;2.9995185336244816;ring-type: e;Split;1;4;1.814107062836562;0.0;ring-type_e;<=;0.5;Yes;No;42.0;0.9137931034482759;0.08620689655172414;0.9137931034482759;0.08620689655172414;Edible
Tree 3;Tree 3_E_7;1;8;0.20054308045496702;3.10630061152331;;Edge;0;4;1.751566155193273;1.0;;;;;;4.0;0.0;1.0;0.0;1.0;Poisonous
Tree 3;Tree 3_E_7;2;8;0.20347845337939374;3.213082689422138;;Edge;0;4;1.6890252475499843;1.0;;;;;;4.0;0.0;1.0;0.0;1.0;Poisonous
Tree 3;Tree 3_E_7;3;8;0.20594864827024265;3.3198647673209662;;Edge;0;4;1.6264843399066953;1.0;;;;;;4.0;0.0;1.0;0.0;1.0;Poisonous
Tree 3;Tree 3_E_7;4;8;0.20779211049187077;3.4266468452197945;;Edge;0;4;1.5639434322634065;1.0;;;;;;4.0;0.0;1.0;0.0;1.0;Poisonous
Tree 3;Tree 3_E_7;5;8;0.20892287861813227;3.5334289231186227;;Edge;0;4;1.5014025246201173;1.0;;;;;;4.0;0.0;1.0;0.0;1.0;Poisonous
Tree 3;Tree 3_E_7;6;8;0.20934095264902716;3.640211001017451;;Edge;0;4;1.4388616169768285;1.0;;;;;;4.0;0.0;1.0;0.0;1.0;Poisonous
Tree 3;Tree 3_E_7;7;8;0.20913229401070127;3.746993078916279;;Edge;0;4;1.3763207093335397;1.0;;;;;;4.0;0.0;1.0;0.0;1.0;Poisonous
Tree 3;Tree 3_E_7;8;8;0.20845845733879756;3.8537751568151073;;Edge;0;4;1.3137798016902507;1.0;;;;;;4.0;0.0;1.0;0.0;1.0;Poisonous
Tree 3;Tree 3_E_7;9;8;0.20753710460510505;3.9605572347139355;NO;NO;1;4;1.2512388940469616;1.0;;;;;;4.0;0.0;1.0;0.0;1.0;Poisonous
Tree 3;Tree 3_E_8;0;1;0.3243206493795047;1.0206280026026135;stalk-root: e;Split;1;236;6.387009506230901;0.0;stalk-root_e;<=;0.5;Yes;No;1839.0;0.19412381951731375;0.8058761804826863;0.19412381951731375;0.8058761804826863;Poisonous
Tree 3;Tree 3_E_8;1;9;0.3351495005238055;1.135788991845934;;Edge;0;236;6.002875401395026;1.0;;;;;;236.0;1.0;0.0;1.0;0.0;Edible
Tree 3;Tree 3_E_8;2;9;0.34573083560631745;1.2509499810892546;;Edge;0;236;5.618741296559152;1.0;;;;;;236.0;1.0;0.0;1.0;0.0;Edible
Tree 3;Tree 3_E_8;3;9;0.35584699265525166;1.3661109703325751;;Edge;0;236;5.234607191723278;1.0;;;;;;236.0;1.0;0.0;1.0;0.0;Edible
Tree 3;Tree 3_E_8;4;9;0.365336417034965;1.4812719595758959;;Edge;0;236;4.850473086887403;1.0;;;;;;236.0;1.0;0.0;1.0;0.0;Edible
Tree 3;Tree 3_E_8;5;9;0.3741131473193118;1.5964329488192164;;Edge;0;236;4.4663389820515285;1.0;;;;;;236.0;1.0;0.0;1.0;0.0;Edible
Tree 3;Tree 3_E_8;6;9;0.3821771835082919;1.711593938062537;;Edge;0;236;4.082204877215654;1.0;;;;;;236.0;1.0;0.0;1.0;0.0;Edible
Tree 3;Tree 3_E_8;7;9;0.38961448702805124;1.8267549273058574;;Edge;0;236;3.69807077237978;1.0;;;;;;236.0;1.0;0.0;1.0;0.0;Edible
Tree 3;Tree 3_E_8;8;9;0.3965866125142327;1.9419159165491782;;Edge;0;236;3.3139366675439055;1.0;;;;;;236.0;1.0;0.0;1.0;0.0;Edible
Tree 3;Tree 3_E_8;9;9;0.4033112219386255;2.0570769057924987;YES;YES;1;236;2.929802562708031;1.0;;;;;;236.0;1.0;0.0;1.0;0.0;Edible
Tree 3;Tree 3_E_9;0;0;0.5;0.08;stalk-surface-above-ring: s;Split;1;3294;10.0;0.0;stalk-surface-above-ring_s;<=;0.5;Yes;No;5133.0;0.5222796651895618;0.4777203348104382;0.5222796651895618;0.4777203348104382;Edible
Tree 3;Tree 3_E_9;1;10;0.532700425151009;0.18987525881299827;;Edge;0;3294;9.801080509353707;0.0;bruises_t;<=;0.5;Yes;No;3294.0;0.7004748338081671;0.29952516619183284;0.7004748338081671;0.29952516619183284;Edible
Tree 3;Tree 3_E_9;2;10;0.5651533342402294;0.2997505176259965;;Edge;0;3294;9.602161018707413;0.0;bruises_t;<=;0.5;Yes;No;3294.0;0.7004748338081671;0.29952516619183284;0.7004748338081671;0.29952516619183284;Edible
Tree 3;Tree 3_E_9;3;10;0.5971410652958719;0.40962577643899484;;Edge;0;3294;9.40324152806112;0.0;bruises_t;<=;0.5;Yes;No;3294.0;0.7004748338081671;0.29952516619183284;0.7004748338081671;0.29952516619183284;Edible
Tree 3;Tree 3_E_9;4;10;0.6285020636822934;0.5195010352519931;;Edge;0;3294;9.204322037414826;0.0;bruises_t;<=;0.5;Yes;No;3294.0;0.7004748338081671;0.29952516619183284;0.7004748338081671;0.29952516619183284;Edible
Tree 3;Tree 3_E_9;5;10;0.6591503679733486;0.6293762940649914;;Edge;0;3294;9.005402546768533;0.0;bruises_t;<=;0.5;Yes;No;3294.0;0.7004748338081671;0.29952516619183284;0.7004748338081671;0.29952516619183284;Edible
Tree 3;Tree 3_E_9;6;10;0.689085978169037;0.7392515528779896;;Edge;0;3294;8.80648305612224;0.0;bruises_t;<=;0.5;Yes;No;3294.0;0.7004748338081671;0.29952516619183284;0.7004748338081671;0.29952516619183284;Edible
Tree 3;Tree 3_E_9;7;10;0.7183948556955047;0.8491268116909878;;Edge;0;3294;8.607563565475946;0.0;bruises_t;<=;0.5;Yes;No;3294.0;0.7004748338081671;0.29952516619183284;0.7004748338081671;0.29952516619183284;Edible
Tree 3;Tree 3_E_9;8;10;0.7472385551883944;0.9590020705039861;;Edge;0;3294;8.408644074829652;0.0;bruises_t;<=;0.5;Yes;No;3294.0;0.7004748338081671;0.29952516619183284;0.7004748338081671;0.29952516619183284;Edible
Tree 3;Tree 3_E_9;9;10;0.7758347386194956;1.0688773293169844;bruises: t;Split;1;3294;8.209724584183359;0.0;bruises_t;<=;0.5;Yes;No;3294.0;0.7004748338081671;0.29952516619183284;0.7004748338081671;0.29952516619183284;Edible
Tree 3;Tree 3_E_10;0;10;0.7758347386194956;1.0688773293169844;bruises: t;Split;1;1245;8.209724584183359;0.0;bruises_t;<=;0.5;Yes;No;3294.0;0.7004748338081671;0.29952516619183284;0.7004748338081671;0.29952516619183284;Edible
Tree 3;Tree 3_E_10;1;11;0.7522585769700163;1.1699401968837413;;Edge;0;1245;7.901135919855248;0.0;veil-color_w;<=;0.5;Yes;No;1245.0;0.4445559458103362;0.5554440541896638;0.4445559458103362;0.5554440541896638;Poisonous
Tree 3;Tree 3_E_10;2;11;0.7289299313823258;1.2710030644504984;;Edge;0;1245;7.592547255527137;0.0;veil-color_w;<=;0.5;Yes;No;1245.0;0.4445559458103362;0.5554440541896638;0.4445559458103362;0.5554440541896638;Poisonous
Tree 3;Tree 3_E_10;3;11;0.7060664638282129;1.3720659320172552;;Edge;0;1245;7.283958591199027;0.0;veil-color_w;<=;0.5;Yes;No;1245.0;0.4445559458103362;0.5554440541896638;0.4445559458103362;0.5554440541896638;Poisonous
Tree 3;Tree 3_E_10;4;11;0.6838297289433211;1.4731287995840123;;Edge;0;1245;6.975369926870916;0.0;veil-color_w;<=;0.5;Yes;No;1245.0;0.4445559458103362;0.5554440541896638;0.4445559458103362;0.5554440541896638;Poisonous
Tree 3;Tree 3_E_10;5;11;0.6623056881537958;1.5741916671507692;;Edge;0;1245;6.666781262542805;0.0;veil-color_w;<=;0.5;Yes;No;1245.0;0.4445559458103362;0.5554440541896638;0.4445559458103362;0.5554440541896638;Poisonous
Tree 3;Tree 3_E_10;6;11;0.641494341459637;1.675254534717526;;Edge;0;1245;6.3581925982146945;0.0;veil-color_w;<=;0.5;Yes;No;1245.0;0.4445559458103362;0.5554440541896638;0.4445559458103362;0.5554440541896638;Poisonous
Tree 3;Tree 3_E_10;7;11;0.621309727434699;1.776317402284283;;Edge;0;1245;6.0496039338865835;0.0;veil-color_w;<=;0.5;Yes;No;1245.0;0.4445559458103362;0.5554440541896638;0.4445559458103362;0.5554440541896638;Poisonous
Tree 3;Tree 3_E_10;8;11;0.601590291443339;1.8773802698510402;;Edge;0;1245;5.741015269558472;0.0;veil-color_w;<=;0.5;Yes;No;1245.0;0.4445559458103362;0.5554440541896638;0.4445559458103362;0.5554440541896638;Poisonous
Tree 3;Tree 3_E_10;9;11;0.5821183715137677;1.978443137417797;veil-color: w;Split;1;1245;5.432426605230361;0.0;veil-color_w;<=;0.5;Yes;No;1245.0;0.4445559458103362;0.5554440541896638;0.4445559458103362;0.5554440541896638;Poisonous
Tree 3;Tree 3_E_11;0;11;0.5821183715137677;1.978443137417797;veil-color: w;Split;1;125;5.432426605230361;0.0;veil-color_w;<=;0.5;Yes;No;1245.0;0.4445559458103362;0.5554440541896638;0.4445559458103362;0.5554440541896638;Poisonous
Tree 3;Tree 3_E_11;1;12;0.5798559774917955;2.083061210509905;;Edge;0;125;5.095986772893897;1.0;;;;;;125.0;1.0;0.0;1.0;0.0;Edible
Tree 3;Tree 3_E_11;2;12;0.577841099531612;2.187679283602013;;Edge;0;125;4.759546940557433;1.0;;;;;;125.0;1.0;0.0;1.0;0.0;Edible
Tree 3;Tree 3_E_11;3;12;0.5762913996050064;2.292297356694121;;Edge;0;125;4.423107108220969;1.0;;;;;;125.0;1.0;0.0;1.0;0.0;Edible
Tree 3;Tree 3_E_11;4;12;0.5753684323476217;2.396915429786229;;Edge;0;125;4.086667275884505;1.0;;;;;;125.0;1.0;0.0;1.0;0.0;Edible
Tree 3;Tree 3_E_11;5;12;0.5751581591856034;2.501533502878337;;Edge;0;125;3.75022744354804;1.0;;;;;;125.0;1.0;0.0;1.0;0.0;Edible
Tree 3;Tree 3_E_11;6;12;0.5756605801189518;2.6061515759704452;;Edge;0;125;3.413787611211576;1.0;;;;;;125.0;1.0;0.0;1.0;0.0;Edible
Tree 3;Tree 3_E_11;7;12;0.5767897337215211;2.710769649062553;;Edge;0;125;3.077347778875112;1.0;;;;;;125.0;1.0;0.0;1.0;0.0;Edible
Tree 3;Tree 3_E_11;8;12;0.5783840653576681;2.815387722154661;;Edge;0;125;2.740907946538648;1.0;;;;;;125.0;1.0;0.0;1.0;0.0;Edible
Tree 3;Tree 3_E_11;9;12;0.5802259130556039;2.920005795246769;YES;YES;1;125;2.4044681142021833;1.0;;;;;;125.0;1.0;0.0;1.0;0.0;Edible
Tree 3;Tree 3_E_12;0;11;0.5821183715137677;1.978443137417797;veil-color: w;Split;1;1120;5.432426605230361;0.0;veil-color_w;<=;0.5;Yes;No;1245.0;0.4445559458103362;0.5554440541896638;0.4445559458103362;0.5554440541896638;Poisonous
Tree 3;Tree 3_E_12;1;13;0.5960402859891748;2.0897609939253874;;Edge;0;1120;5.40704929300415;0.0;ring-number_t;<=;0.5;Yes;No;1120.0;0.38568257491675917;0.6143174250832408;0.38568257491675917;0.6143174250832408;Poisonous
Tree 3;Tree 3_E_12;2;13;0.6097146844027932;2.201078850432978;;Edge;0;1120;5.381671980777937;0.0;ring-number_t;<=;0.5;Yes;No;1120.0;0.38568257491675917;0.6143174250832408;0.38568257491675917;0.6143174250832408;Poisonous
Tree 3;Tree 3_E_12;3;13;0.6229239047828338;2.3123967069405684;;Edge;0;1120;5.356294668551725;0.0;ring-number_t;<=;0.5;Yes;No;1120.0;0.38568257491675917;0.6143174250832408;0.38568257491675917;0.6143174250832408;Poisonous
Tree 3;Tree 3_E_12;4;13;0.6355063924936535;2.423714563448159;;Edge;0;1120;5.3309173563255134;0.0;ring-number_t;<=;0.5;Yes;No;1120.0;0.38568257491675917;0.6143174250832408;0.38568257491675917;0.6143174250832408;Poisonous
Tree 3;Tree 3_E_12;5;13;0.6473761861091065;2.5350324199557495;;Edge;0;1120;5.305540044099301;0.0;ring-number_t;<=;0.5;Yes;No;1120.0;0.38568257491675917;0.6143174250832408;0.38568257491675917;0.6143174250832408;Poisonous
Tree 3;Tree 3_E_12;6;13;0.6585332856291931;2.64635027646334;;Edge;0;1120;5.280162731873089;0.0;ring-number_t;<=;0.5;Yes;No;1120.0;0.38568257491675917;0.6143174250832408;0.38568257491675917;0.6143174250832408;Poisonous
Tree 3;Tree 3_E_12;7;13;0.6690636524800588;2.7576681329709305;;Edge;0;1120;5.254785419646877;0.0;ring-number_t;<=;0.5;Yes;No;1120.0;0.38568257491675917;0.6143174250832408;0.38568257491675917;0.6143174250832408;Poisonous
Tree 3;Tree 3_E_12;8;13;0.6791288412973467;2.868985989478521;;Edge;0;1120;5.229408107420665;0.0;ring-number_t;<=;0.5;Yes;No;1120.0;0.38568257491675917;0.6143174250832408;0.38568257491675917;0.6143174250832408;Poisonous
Tree 3;Tree 3_E_12;9;13;0.6889465140528459;2.9803038459861115;ring-number: t;Split;1;1120;5.204030795194453;0.0;ring-number_t;<=;0.5;Yes;No;1120.0;0.38568257491675917;0.6143174250832408;0.38568257491675917;0.6143174250832408;Poisonous
Tree 3;Tree 3_E_13;0;13;0.6889465140528459;2.9803038459861115;ring-number: t;Split;1;1029;5.204030795194453;0.0;ring-number_t;<=;0.5;Yes;No;1120.0;0.38568257491675917;0.6143174250832408;0.38568257491675917;0.6143174250832408;Poisonous
Tree 3;Tree 3_E_13;1;14;0.6821860284271123;3.1013630738595137;;Edge;0;1029;5.18465230386231;1.0;;;;;;1029.0;0.33393501805054154;0.6660649819494585;0.33393501805054154;0.6660649819494585;Poisonous
Tree 3;Tree 3_E_13;2;14;0.6756730588631673;3.222422301732916;;Edge;0;1029;5.165273812530168;1.0;;;;;;1029.0;0.33393501805054154;0.6660649819494585;0.33393501805054154;0.6660649819494585;Poisonous
Tree 3;Tree 3_E_13;3;14;0.6696252673328003;3.343481529606318;;Edge;0;1029;5.145895321198026;1.0;;;;;;1029.0;0.33393501805054154;0.6660649819494585;0.33393501805054154;0.6660649819494585;Poisonous
Tree 3;Tree 3_E_13;4;14;0.664204208471654;3.4645407574797202;;Edge;0;1029;5.126516829865883;1.0;;;;;;1029.0;0.33393501805054154;0.6660649819494585;0.33393501805054154;0.6660649819494585;Poisonous
Tree 3;Tree 3_E_13;5;14;0.6594958437058743;3.585599985353123;;Edge;0;1029;5.1071383385337406;1.0;;;;;;1029.0;0.33393501805054154;0.6660649819494585;0.33393501805054154;0.6660649819494585;Poisonous
Tree 3;Tree 3_E_13;6;14;0.6555001730354612;3.7066592132265246;;Edge;0;1029;5.087759847201598;1.0;;;;;;1029.0;0.33393501805054154;0.6660649819494585;0.33393501805054154;0.6660649819494585;Poisonous
Tree 3;Tree 3_E_13;7;14;0.652131235034269;3.827718441099927;;Edge;0;1029;5.068381355869456;1.0;;;;;;1029.0;0.33393501805054154;0.6660649819494585;0.33393501805054154;0.6660649819494585;Poisonous
Tree 3;Tree 3_E_13;8;14;0.6492274750666545;3.9487776689733294;;Edge;0;1029;5.0490028645373135;1.0;;;;;;1029.0;0.33393501805054154;0.6660649819494585;0.33393501805054154;0.6660649819494585;Poisonous
Tree 3;Tree 3_E_13;9;14;0.6465712311608288;4.0698368968467316;NO;NO;1;1029;5.029624373205171;1.0;;;;;;1029.0;0.33393501805054154;0.6660649819494585;0.33393501805054154;0.6660649819494585;Poisonous
Tree 3;Tree 3_E_14;0;13;0.6889465140528459;2.9803038459861115;ring-number: t;Split;1;91;5.204030795194453;0.0;ring-number_t;<=;0.5;Yes;No;1120.0;0.38568257491675917;0.6143174250832408;0.38568257491675917;0.6143174250832408;Poisonous
Tree 3;Tree 3_E_14;1;15;0.6954428116819835;3.0997935349056225;;Edge;0;91;4.8700643901462;1.0;;;;;;91.0;1.0;0.0;1.0;0.0;Edible
Tree 3;Tree 3_E_14;2;15;0.7016915932493325;3.2192832238251334;;Edge;0;91;4.536097985097947;1.0;;;;;;91.0;1.0;0.0;1.0;0.0;Edible
Tree 3;Tree 3_E_14;3;15;0.7074751967831036;3.3387729127446444;;Edge;0;91;4.202131580049694;1.0;;;;;;91.0;1.0;0.0;1.0;0.0;Edible
Tree 3;Tree 3_E_14;4;15;0.7126320676476539;3.4582626016641553;;Edge;0;91;3.868165175001441;1.0;;;;;;91.0;1.0;0.0;1.0;0.0;Edible
Tree 3;Tree 3_E_14;5;15;0.7170762444168375;3.577752290583666;;Edge;0;91;3.5341987699531874;1.0;;;;;;91.0;1.0;0.0;1.0;0.0;Edible
Tree 3;Tree 3_E_14;6;15;0.7208077270906547;3.697241979503177;;Edge;0;91;3.200232364904935;1.0;;;;;;91.0;1.0;0.0;1.0;0.0;Edible
Tree 3;Tree 3_E_14;7;15;0.7239124770952509;3.8167316684226877;;Edge;0;91;2.866265959856682;1.0;;;;;;91.0;1.0;0.0;1.0;0.0;Edible
Tree 3;Tree 3_E_14;8;15;0.7265520490662694;3.9362213573421987;;Edge;0;91;2.532299554808429;1.0;;;;;;91.0;1.0;0.0;1.0;0.0;Edible
Tree 3;Tree 3_E_14;9;15;0.728944104975499;4.05571104626171;YES;YES;1;91;2.1983331497601757;1.0;;;;;;91.0;1.0;0.0;1.0;0.0;Edible
Tree 3;Tree 3_E_15;0;10;0.7758347386194956;1.0688773293169844;bruises: t;Split;1;2049;8.209724584183359;0.0;bruises_t;<=;0.5;Yes;No;3294.0;0.7004748338081671;0.29952516619183284;0.7004748338081671;0.29952516619183284;Edible
Tree 3;Tree 3_E_15;1;16;0.7880963876667146;1.167767991985685;;Edge;0;2049;8.040452404190447;0.0;odor_n;<=;0.5;Yes;No;2049.0;0.8563569682151589;0.14364303178484109;0.8563569682151589;0.14364303178484109;Edible
Tree 3;Tree 3_E_15;2;16;0.800110520652145;1.2666586546543857;;Edge;0;2049;7.871180224197536;0.0;odor_n;<=;0.5;Yes;No;2049.0;0.8563569682151589;0.14364303178484109;0.8563569682151589;0.14364303178484109;Edible
Tree 3;Tree 3_E_15;3;16;0.8116594756039975;1.3655493173230862;;Edge;0;2049;7.7019080442046235;0.0;odor_n;<=;0.5;Yes;No;2049.0;0.8563569682151589;0.14364303178484109;0.8563569682151589;0.14364303178484109;Edible
Tree 3;Tree 3_E_15;4;16;0.8225816978866292;1.4644399799917869;;Edge;0;2049;7.532635864211712;0.0;odor_n;<=;0.5;Yes;No;2049.0;0.8563569682151589;0.14364303178484109;0.8563569682151589;0.14364303178484109;Edible
Tree 3;Tree 3_E_15;5;16;0.8327912260738943;1.5633306426604874;;Edge;0;2049;7.3633636842188;0.0;odor_n;<=;0.5;Yes;No;2049.0;0.8563569682151589;0.14364303178484109;0.8563569682151589;0.14364303178484109;Edible
Tree 3;Tree 3_E_15;6;16;0.8422880601657928;1.6622213053291879;;Edge;0;2049;7.194091504225889;0.0;odor_n;<=;0.5;Yes;No;2049.0;0.8563569682151589;0.14364303178484109;0.8563569682151589;0.14364303178484109;Edible
Tree 3;Tree 3_E_15;7;16;0.8511581615884705;1.7611119679978886;;Edge;0;2049;7.024819324232977;0.0;odor_n;<=;0.5;Yes;No;2049.0;0.8563569682151589;0.14364303178484109;0.8563569682151589;0.14364303178484109;Edible
Tree 3;Tree 3_E_15;8;16;0.8595630849775704;1.8600026306665893;;Edge;0;2049;6.855547144240065;0.0;odor_n;<=;0.5;Yes;No;2049.0;0.8563569682151589;0.14364303178484109;0.8563569682151589;0.14364303178484109;Edible
Tree 3;Tree 3_E_15;9;16;0.8677204923048815;1.9588932933352898;odor: n;Split;1;2049;6.686274964247153;0.0;odor_n;<=;0.5;Yes;No;2049.0;0.8563569682151589;0.14364303178484109;0.8563569682151589;0.14364303178484109;Edible
Tree 3;Tree 3_E_16;0;16;0.8677204923048815;1.9588932933352898;odor: n;Split;1;758;6.686274964247153;0.0;odor_n;<=;0.5;Yes;No;2049.0;0.8563569682151589;0.14364303178484109;0.8563569682151589;0.14364303178484109;Edible
Tree 3;Tree 3_E_16;1;17;0.8577235749238863;2.0660262854576663;;Edge;0;758;6.4387476866551;0.0;spore-print-color_h;<=;0.5;Yes;No;758.0;0.6730290456431536;0.3269709543568465;0.6730290456431536;0.3269709543568465;Edible
Tree 3;Tree 3_E_16;2;17;0.8479741736046797;2.1731592775800426;;Edge;0;758;6.191220409063047;0.0;spore-print-color_h;<=;0.5;Yes;No;758.0;0.6730290456431536;0.3269709543568465;0.6730290456431536;0.3269709543568465;Edible
Tree 3;Tree 3_E_16;3;17;0.8386899503190511;2.2802922697024193;;Edge;0;758;5.943693131470993;0.0;spore-print-color_h;<=;0.5;Yes;No;758.0;0.6730290456431536;0.3269709543568465;0.6730290456431536;0.3269709543568465;Edible
Tree 3;Tree 3_E_16;4;17;0.8300324597026433;2.3874252618247955;;Edge;0;758;5.69616585387894;0.0;spore-print-color_h;<=;0.5;Yes;No;758.0;0.6730290456431536;0.3269709543568465;0.6730290456431536;0.3269709543568465;Edible
Tree 3;Tree 3_E_16;5;17;0.8220876631816021;2.4945582539471722;;Edge;0;758;5.4486385762868865;0.0;spore-print-color_h;<=;0.5;Yes;No;758.0;0.6730290456431536;0.3269709543568465;0.6730290456431536;0.3269709543568465;Edible
Tree 3;Tree 3_E_16;6;17;0.8148555607559274;2.6016912460695485;;Edge;0;758;5.201111298694833;0.0;spore-print-color_h;<=;0.5;Yes;No;758.0;0.6730290456431536;0.3269709543568465;0.6730290456431536;0.3269709543568465;Edible
Tree 3;Tree 3_E_16;7;17;0.8082501909994736;2.7088242381919247;;Edge;0;758;4.95358402110278;0.0;spore-print-color_h;<=;0.5;Yes;No;758.0;0.6730290456431536;0.3269709543568465;0.6730290456431536;0.3269709543568465;Edible
Tree 3;Tree 3_E_16;8;17;0.8021099992765977;2.815957230314301;;Edge;0;758;4.706056743510726;0.0;spore-print-color_h;<=;0.5;Yes;No;758.0;0.6730290456431536;0.3269709543568465;0.6730290456431536;0.3269709543568465;Edible
Tree 3;Tree 3_E_16;9;17;0.7962173236155103;2.9230902224366777;spore-print-color: h;Split;1;758;4.458529465918673;0.0;spore-print-color_h;<=;0.5;Yes;No;758.0;0.6730290456431536;0.3269709543568465;0.6730290456431536;0.3269709543568465;Edible
Tree 3;Tree 3_E_17;0;17;0.7962173236155103;2.9230902224366777;spore-print-color: h;Split;1;662;4.458529465918673;0.0;spore-print-color_h;<=;0.5;Yes;No;758.0;0.6730290456431536;0.3269709543568465;0.6730290456431536;0.3269709543568465;Edible
Tree 3;Tree 3_E_17;1;18;0.7937247293651519;3.0429073454293962;;Edge;0;662;4.433371531754863;1.0;;;;;;662.0;0.7679924242424242;0.23200757575757575;0.7679924242424242;0.23200757575757575;Edible
Tree 3;Tree 3_E_17;2;18;0.7914796511765821;3.1627244684221147;;Edge;0;662;4.408213597591054;1.0;;;;;;662.0;0.7679924242424242;0.23200757575757575;0.7679924242424242;0.23200757575757575;Edible
Tree 3;Tree 3_E_17;3;18;0.7896997510215903;3.2825415914148333;;Edge;0;662;4.3830556634272435;1.0;;;;;;662.0;0.7679924242424242;0.23200757575757575;0.7679924242424242;0.23200757575757575;Edible
Tree 3;Tree 3_E_17;4;18;0.7885465835358193;3.4023587144075513;;Edge;0;662;4.357897729263434;1.0;;;;;;662.0;0.7679924242424242;0.23200757575757575;0.7679924242424242;0.23200757575757575;Edible
Tree 3;Tree 3_E_17;5;18;0.7881061101454148;3.52217583740027;;Edge;0;662;4.3327397950996245;1.0;;;;;;662.0;0.7679924242424242;0.23200757575757575;0.7679924242424242;0.23200757575757575;Edible
Tree 3;Tree 3_E_17;6;18;0.7883783308503769;3.6419929603929884;;Edge;0;662;4.307581860935815;1.0;;;;;;662.0;0.7679924242424242;0.23200757575757575;0.7679924242424242;0.23200757575757575;Edible
Tree 3;Tree 3_E_17;7;18;0.7892772842245599;3.761810083385707;;Edge;0;662;4.282423926772005;1.0;;;;;;662.0;0.7679924242424242;0.23200757575757575;0.7679924242424242;0.23200757575757575;Edible
Tree 3;Tree 3_E_17;8;18;0.7906414156323206;3.8816272063784254;;Edge;0;662;4.257265992608195;1.0;;;;;;662.0;0.7679924242424242;0.23200757575757575;0.7679924242424242;0.23200757575757575;Edible
Tree 3;Tree 3_E_17;9;18;0.7922530631018702;4.001444329371144;YES;YES;1;662;4.2321080584443855;1.0;;;;;;662.0;0.7679924242424242;0.23200757575757575;0.7679924242424242;0.23200757575757575;Edible
Tree 3;Tree 3_E_18;0;17;0.7962173236155103;2.9230902224366777;spore-print-color: h;Split;1;96;4.458529465918673;0.0;spore-print-color_h;<=;0.5;Yes;No;758.0;0.6730290456431536;0.3269709543568465;0.6730290456431536;0.3269709543568465;Edible
Tree 3;Tree 3_E_18;1;19;0.8030764320557797;3.0513751553119355;;Edge;0;96;4.211005546140203;1.0;;;;;;96.0;0.0;1.0;0.0;1.0;Poisonous
Tree 3;Tree 3_E_18;2;19;0.8096880244342604;3.1796600881871933;;Edge;0;96;3.9634816263617334;1.0;;;;;;96.0;0.0;1.0;0.0;1.0;Poisonous
Tree 3;Tree 3_E_18;3;19;0.8158344387791632;3.307945021062451;;Edge;0;96;3.7159577065832634;1.0;;;;;;96.0;0.0;1.0;0.0;1.0;Poisonous
Tree 3;Tree 3_E_18;4;19;0.8213541204548451;3.4362299539377084;;Edge;0;96;3.468433786804794;1.0;;;;;;96.0;0.0;1.0;0.0;1.0;Poisonous
Tree 3;Tree 3_E_18;5;19;0.8261611080351604;3.564514886812966;;Edge;0;96;3.2209098670263234;1.0;;;;;;96.0;0.0;1.0;0.0;1.0;Poisonous
Tree 3;Tree 3_E_18;6;19;0.8302554015201092;3.692799819688224;;Edge;0;96;2.973385947247854;1.0;;;;;;96.0;0.0;1.0;0.0;1.0;Poisonous
Tree 3;Tree 3_E_18;7;19;0.8337229623358372;3.8210847525634817;;Edge;0;96;2.7258620274693843;1.0;;;;;;96.0;0.0;1.0;0.0;1.0;Poisonous
Tree 3;Tree 3_E_18;8;19;0.8367253451179874;3.9493696854387395;;Edge;0;96;2.4783381076909143;1.0;;;;;;96.0;0.0;1.0;0.0;1.0;Poisonous
Tree 3;Tree 3_E_18;9;19;0.8394802118383488;4.077654618313997;NO;NO;1;96;2.2308141879124443;1.0;;;;;;96.0;0.0;1.0;0.0;1.0;Poisonous
Tree 3;Tree 3_E_19;0;16;0.8677204923048815;1.9588932933352898;odor: n;Split;1;1291;6.686274964247153;0.0;odor_n;<=;0.5;Yes;No;2049.0;0.8563569682151589;0.14364303178484109;0.8563569682151589;0.14364303178484109;Edible
Tree 3;Tree 3_E_19;1;20;0.8761510318737256;2.078860945447592;;Edge;0;1291;6.555974200433667;0.0;spore-print-color_r;<=;0.5;Yes;No;1291.0;0.9632317368166424;0.036768263183357526;0.9632317368166424;0.036768263183357526;Edible
Tree 3;Tree 3_E_19;2;20;0.8843340553807809;2.198828597559894;;Edge;0;1291;6.4256734366201815;0.0;spore-print-color_r;<=;0.5;Yes;No;1291.0;0.9632317368166424;0.036768263183357526;0.9632317368166424;0.036768263183357526;Edible
Tree 3;Tree 3_E_19;3;20;0.8920519008542583;2.318796249672196;;Edge;0;1291;6.295372672806695;0.0;spore-print-color_r;<=;0.5;Yes;No;1291.0;0.9632317368166424;0.036768263183357526;0.9632317368166424;0.036768263183357526;Edible
Tree 3;Tree 3_E_19;4;20;0.899143013658515;2.438763901784498;;Edge;0;1291;6.16507190899321;0.0;spore-print-color_r;<=;0.5;Yes;No;1291.0;0.9632317368166424;0.036768263183357526;0.9632317368166424;0.036768263183357526;Edible
Tree 3;Tree 3_E_19;5;20;0.9055214323674051;2.5587315538968003;;Edge;0;1291;6.0347711451797235;0.0;spore-print-color_r;<=;0.5;Yes;No;1291.0;0.9632317368166424;0.036768263183357526;0.9632317368166424;0.036768263183357526;Edible
Tree 3;Tree 3_E_19;6;20;0.9111871569809287;2.678699206009102;;Edge;0;1291;5.904470381366238;0.0;spore-print-color_r;<=;0.5;Yes;No;1291.0;0.9632317368166424;0.036768263183357526;0.9632317368166424;0.036768263183357526;Edible
Tree 3;Tree 3_E_19;7;20;0.9162261489252312;2.798666858121404;;Edge;0;1291;5.774169617552752;0.0;spore-print-color_r;<=;0.5;Yes;No;1291.0;0.9632317368166424;0.036768263183357526;0.9632317368166424;0.036768263183357526;Edible
Tree 3;Tree 3_E_19;8;20;0.9207999628359561;2.918634510233706;;Edge;0;1291;5.643868853739265;0.0;spore-print-color_r;<=;0.5;Yes;No;1291.0;0.9632317368166424;0.036768263183357526;0.9632317368166424;0.036768263183357526;Edible
Tree 3;Tree 3_E_19;9;20;0.9251262606848922;3.038602162346008;spore-print-color: r;Split;1;1291;5.51356808992578;0.0;spore-print-color_r;<=;0.5;Yes;No;1291.0;0.9632317368166424;0.036768263183357526;0.9632317368166424;0.036768263183357526;Edible
Tree 3;Tree 3_E_20;0;20;0.9251262606848922;3.038602162346008;spore-print-color: r;Split;1;1247;5.51356808992578;0.0;spore-print-color_r;<=;0.5;Yes;No;1291.0;0.9632317368166424;0.036768263183357526;0.9632317368166424;0.036768263183357526;Edible
Tree 3;Tree 3_E_20;1;21;0.9222265988867981;3.1390077575652855;;Edge;0;1247;5.504947786444904;1.0;;;;;;1247.0;0.9964964964964965;0.0035035035035035035;0.9964964964964965;0.0035035035035035035;Edible
Tree 3;Tree 3_E_20;2;21;0.9195744531504928;3.2394133527845623;;Edge;0;1247;5.496327482964028;1.0;;;;;;1247.0;0.9964964964964965;0.0035035035035035035;0.9964964964964965;0.0035035035035035035;Edible
Tree 3;Tree 3_E_20;3;21;0.9173874854477653;3.3398189480038396;;Edge;0;1247;5.487707179483152;1.0;;;;;;1247.0;0.9964964964964965;0.0035035035035035035;0.9964964964964965;0.0035035035035035035;Edible
Tree 3;Tree 3_E_20;4;21;0.9158272504142586;3.4402245432231164;;Edge;0;1247;5.479086876002277;1.0;;;;;;1247.0;0.9964964964964965;0.0035035035035035035;0.9964964964964965;0.0035035035035035035;Edible
Tree 3;Tree 3_E_20;5;21;0.9149797094761184;3.5406301384423937;;Edge;0;1247;5.4704665725214;1.0;;;;;;1247.0;0.9964964964964965;0.0035035035035035035;0.9964964964964965;0.0035035035035035035;Edible
Tree 3;Tree 3_E_20;6;21;0.9148448626333449;3.6410357336616705;;Edge;0;1247;5.4618462690405245;1.0;;;;;;1247.0;0.9964964964964965;0.0035035035035035035;0.9964964964964965;0.0035035035035035035;Edible
Tree 3;Tree 3_E_20;7;21;0.9153367484597922;3.741441328880948;;Edge;0;1247;5.453225965559649;1.0;;;;;;1247.0;0.9964964964964965;0.0035035035035035035;0.9964964964964965;0.0035035035035035035;Edible
Tree 3;Tree 3_E_20;8;21;0.9162938123198173;3.8418469241002247;;Edge;0;1247;5.444605662078772;1.0;;;;;;1247.0;0.9964964964964965;0.0035035035035035035;0.9964964964964965;0.0035035035035035035;Edible
Tree 3;Tree 3_E_20;9;21;0.9174983922416312;3.942252519319502;YES;YES;1;1247;5.435985358597897;1.0;;;;;;1247.0;0.9964964964964965;0.0035035035035035035;0.9964964964964965;0.0035035035035035035;Edible
Tree 3;Tree 3_E_21;0;20;0.9251262606848922;3.038602162346008;spore-print-color: r;Split;1;44;5.51356808992578;0.0;spore-print-color_r;<=;0.5;Yes;No;1291.0;0.9632317368166424;0.036768263183357526;0.9632317368166424;0.036768263183357526;Edible
Tree 3;Tree 3_E_21;1;22;0.9313031325093731;3.1378260840975294;;Edge;0;44;5.104645540411541;1.0;;;;;;44.0;0.0;1.0;0.0;1.0;Poisonous
Tree 3;Tree 3_E_21;2;22;0.9372324882720653;3.2370500058490506;;Edge;0;44;4.695722990897301;1.0;;;;;;44.0;0.0;1.0;0.0;1.0;Poisonous
Tree 3;Tree 3_E_21;3;22;0.9426966660011796;3.336273927600572;;Edge;0;44;4.286800441383062;1.0;;;;;;44.0;0.0;1.0;0.0;1.0;Poisonous
Tree 3;Tree 3_E_21;4;22;0.9475341110610731;3.4354978493520933;;Edge;0;44;3.877877891868823;1.0;;;;;;44.0;0.0;1.0;0.0;1.0;Poisonous
Tree 3;Tree 3_E_21;5;22;0.9516588620256001;3.5347217711036145;;Edge;0;44;3.468955342354583;1.0;;;;;;44.0;0.0;1.0;0.0;1.0;Poisonous
Tree 3;Tree 3_E_21;6;22;0.9550709188947605;3.6339456928551357;;Edge;0;44;3.060032792840344;1.0;;;;;;44.0;0.0;1.0;0.0;1.0;Poisonous
Tree 3;Tree 3_E_21;7;22;0.9578562430947;3.733169614606657;;Edge;0;44;2.651110243326105;1.0;;;;;;44.0;0.0;1.0;0.0;1.0;Poisonous
Tree 3;Tree 3_E_21;8;22;0.9601763892610616;3.8323935363581785;;Edge;0;44;2.2421876938118657;1.0;;;;;;44.0;0.0;1.0;0.0;1.0;Poisonous
Tree 3;Tree 3_E_21;9;22;0.9622490193656346;3.9316174581096996;NO;NO;1;44;1.8332651442976262;1.0;;;;;;44.0;0.0;1.0;0.0;1.0;Poisonous
Tree 4;Tree 4_TRUNK;0;-1;0.5;-0.92;;Trunk;0;5167;11.0;;;;;;;;;;;;
Tree 4;Tree 4_TRUNK;1;-1;0.5065082560867634;-0.7771428571428571;;Trunk;0;5167;10.714285714285714;;;;;;;;;;;;
Tree 4;Tree 4_TRUNK;2;-1;0.5117274722370204;-0.6342857142857143;;Trunk;0;5167;10.428571428571429;;;;;;;;;;;;
Tree 4;Tree 4_TRUNK;3;-1;0.5146239186827274;-0.4914285714285715;;Trunk;0;5167;10.142857142857142;;;;;;;;;;;;
Tree 4;Tree 4_TRUNK;4;-1;0.5146239186827274;-0.34857142857142864;;Trunk;0;5167;9.857142857142858;;;;;;;;;;;;
Tree 4;Tree 4_TRUNK;5;-1;0.5117274722370204;-0.20571428571428574;;Trunk;0;5167;9.571428571428571;;;;;;;;;;;;
Tree 4;Tree 4_TRUNK;6;-1;0.5065082560867634;-0.06285714285714294;;Trunk;0;5167;9.285714285714286;;;;;;;;;;;;
Tree 4;Tree 4_TRUNK;7;-1;0.5;0.07999999999999996;;Trunk;0;5167;9.0;;;;;;;;;;;;
Tree 4;Tree 4_E_0;0;0;0.5;0.08;stalk-surface-below-ring: k;Split;1;3704;10.0;0.0;stalk-surface-below-ring_k;<=;0.5;Yes;No;5167.0;0.5129246676514032;0.48707533234859673;0.5129246676514032;0.48707533234859673;Edible
Tree 4;Tree 4_E_0;1;1;0.4784279512933243;0.1845142225114015;;Edge;0;3704;9.846674067731632;0.0;stalk-surface-above-ring_k;<=;0.5;Yes;No;3704.0;0.6953300017232465;0.3046699982767534;0.6953300017232465;0.3046699982767534;Edible
Tree 4;Tree 4_E_0;2;1;0.4571034186484374;0.289028445022803;;Edge;0;3704;9.693348135463264;0.0;stalk-surface-above-ring_k;<=;0.5;Yes;No;3704.0;0.6953300017232465;0.3046699982767534;0.6953300017232465;0.3046699982767534;Edible
Tree 4;Tree 4_E_0;3;1;0.43624406403712823;0.3935426675342045;;Edge;0;3704;9.540022203194896;0.0;stalk-surface-above-ring_k;<=;0.5;Yes;No;3704.0;0.6953300017232465;0.3046699982767534;0.6953300017232465;0.3046699982767534;Edible
Tree 4;Tree 4_E_0;4;1;0.41601144209503993;0.49805689004560605;;Edge;0;3704;9.386696270926528;0.0;stalk-surface-above-ring_k;<=;0.5;Yes;No;3704.0;0.6953300017232465;0.3046699982767534;0.6953300017232465;0.3046699982767534;Edible
Tree 4;Tree 4_E_0;5;1;0.39649151424831824;0.6025711125570076;;Edge;0;3704;9.233370338658158;0.0;stalk-surface-above-ring_k;<=;0.5;Yes;No;3704.0;0.6953300017232465;0.3046699982767534;0.6953300017232465;0.3046699982767534;Edible
Tree 4;Tree 4_E_0;6;1;0.3776842804969632;0.707085335068409;;Edge;0;3704;9.08004440638979;0.0;stalk-surface-above-ring_k;<=;0.5;Yes;No;3704.0;0.6953300017232465;0.3046699982767534;0.6953300017232465;0.3046699982767534;Edible
Tree 4;Tree 4_E_0;7;1;0.3595037794148289;0.8115995575798104;;Edge;0;3704;8.926718474121422;0.0;stalk-surface-above-ring_k;<=;0.5;Yes;No;3704.0;0.6953300017232465;0.3046699982767534;0.6953300017232465;0.3046699982767534;Edible
Tree 4;Tree 4_E_0;8;1;0.3417884563662724;0.916113780091212;;Edge;0;3704;8.773392541853054;0.0;stalk-surface-above-ring_k;<=;0.5;Yes;No;3704.0;0.6953300017232465;0.3046699982767534;0.6953300017232465;0.3046699982767534;Edible
Tree 4;Tree 4_E_0;9;1;0.3243206493795047;1.0206280026026135;stalk-surface-above-ring: k;Split;1;3704;8.620066609584686;0.0;stalk-surface-above-ring_k;<=;0.5;Yes;No;3704.0;0.6953300017232465;0.3046699982767534;0.6953300017232465;0.3046699982767534;Edible
Tree 4;Tree 4_E_1;0;1;0.3243206493795047;1.0206280026026135;stalk-surface-above-ring: k;Split;1;3324;8.620066609584686;0.0;stalk-surface-above-ring_k;<=;0.5;Yes;No;3704.0;0.6953300017232465;0.3046699982767534;0.6953300017232465;0.3046699982767534;Edible
Tree 4;Tree 4_E_1;1;2;0.29546448573083955;1.121740209233916;;Edge;0;3324;8.575460702687016;0.0;population_y;<=;0.5;Yes;No;3324.0;0.7637977614820533;0.23620223851794675;0.7637977614820533;0.23620223851794675;Edible
Tree 4;Tree 4_E_1;2;2;0.26685583814396313;1.2228524158652185;;Edge;0;3324;8.530854795789345;0.0;population_y;<=;0.5;Yes;No;3324.0;0.7637977614820533;0.23620223851794675;0.7637977614820533;0.23620223851794675;Edible
Tree 4;Tree 4_E_1;3;2;0.23871236859066455;1.323964622496521;;Edge;0;3324;8.486248888891673;0.0;population_y;<=;0.5;Yes;No;3324.0;0.7637977614820533;0.23620223851794675;0.7637977614820533;0.23620223851794675;Edible
Tree 4;Tree 4_E_1;4;2;0.21119563170658676;1.4250768291278235;;Edge;0;3324;8.441642981994002;0.0;population_y;<=;0.5;Yes;No;3324.0;0.7637977614820533;0.23620223851794675;0.7637977614820533;0.23620223851794675;Edible
Tree 4;Tree 4_E_1;5;2;0.18439158891787558;1.526189035759126;;Edge;0;3324;8.397037075096332;0.0;population_y;<=;0.5;Yes;No;3324.0;0.7637977614820533;0.23620223851794675;0.7637977614820533;0.23620223851794675;Edible
Tree 4;Tree 4_E_1;6;2;0.158300240224531;1.6273012423904283;;Edge;0;3324;8.352431168198661;0.0;population_y;<=;0.5;Yes;No;3324.0;0.7637977614820533;0.23620223851794675;0.7637977614820533;0.23620223851794675;Edible
Tree 4;Tree 4_E_1;7;2;0.13283562420040726;1.7284134490217307;;Edge;0;3324;8.307825261300989;0.0;population_y;<=;0.5;Yes;No;3324.0;0.7637977614820533;0.23620223851794675;0.7637977614820533;0.23620223851794675;Edible
Tree 4;Tree 4_E_1;8;2;0.10783618620986127;1.8295256556530335;;Edge;0;3324;8.263219354403319;0.0;population_y;<=;0.5;Yes;No;3324.0;0.7637977614820533;0.23620223851794675;0.7637977614820533;0.23620223851794675;Edible
Tree 4;Tree 4_E_1;9;2;0.0830842642811041;1.9306378622843359;population: y;Split;1;3324;8.218613447505648;0.0;population_y;<=;0.5;Yes;No;3324.0;0.7637977614820533;0.23620223851794675;0.7637977614820533;0.23620223851794675;Edible
Tree 4;Tree 4_E_2;0;2;0.08308426428110409;1.9306378622843359;population: y;Split;1;2642;8.218613447505648;0.0;population_y;<=;0.5;Yes;No;3324.0;0.7637977614820533;0.23620223851794675;0.7637977614820533;0.23620223851794675;Edible
Tree 4;Tree 4_E_2;1;3;0.07930719030965068;2.043189426304337;;Edge;0;2642;8.13161301087913;0.0;gill-size_n;<=;0.5;Yes;No;2642.0;0.7037037037037037;0.2962962962962963;0.7037037037037037;0.2962962962962963;Edible
Tree 4;Tree 4_E_2;2;3;0.07577763239998607;2.1557409903243383;;Edge;0;2642;8.044612574252614;0.0;gill-size_n;<=;0.5;Yes;No;2642.0;0.7037037037037037;0.2962962962962963;0.7037037037037037;0.2962962962962963;Edible
Tree 4;Tree 4_E_2;3;3;0.07271325252389926;2.2682925543443395;;Edge;0;2642;7.957612137626096;0.0;gill-size_n;<=;0.5;Yes;No;2642.0;0.7037037037037037;0.2962962962962963;0.7037037037037037;0.2962962962962963;Edible
Tree 4;Tree 4_E_2;4;3;0.07027560531703325;2.3808441183643407;;Edge;0;2642;7.8706117009995795;0.0;gill-size_n;<=;0.5;Yes;No;2642.0;0.7037037037037037;0.2962962962962963;0.7037037037037037;0.2962962962962963;Edible
Tree 4;Tree 4_E_2;5;3;0.06855065220553386;2.4933956823843424;;Edge;0;2642;7.783611264373062;0.0;gill-size_n;<=;0.5;Yes;No;2642.0;0.7037037037037037;0.2962962962962963;0.7037037037037037;0.2962962962962963;Edible
Tree 4;Tree 4_E_2;6;3;0.06753839318940108;2.6059472464043436;;Edge;0;2642;7.696610827746545;0.0;gill-size_n;<=;0.5;Yes;No;2642.0;0.7037037037037037;0.2962962962962963;0.7037037037037037;0.2962962962962963;Edible
Tree 4;Tree 4_E_2;7;3;0.06715286684248908;2.718498810424345;;Edge;0;2642;7.609610391120028;0.0;gill-size_n;<=;0.5;Yes;No;2642.0;0.7037037037037037;0.2962962962962963;0.7037037037037037;0.2962962962962963;Edible
Tree 4;Tree 4_E_2;8;3;0.06723251852915489;2.831050374444346;;Edge;0;2642;7.52260995449351;0.0;gill-size_n;<=;0.5;Yes;No;2642.0;0.7037037037037037;0.2962962962962963;0.7037037037037037;0.2962962962962963;Edible
Tree 4;Tree 4_E_2;9;3;0.06755968627760951;2.9436019384643473;gill-size: n;Split;1;2642;7.435609517866993;0.0;gill-size_n;<=;0.5;Yes;No;2642.0;0.7037037037037037;0.2962962962962963;0.7037037037037037;0.2962962962962963;Edible
Tree 4;Tree 4_E_3;0;3;0.06755968627760951;2.9436019384643473;gill-size: n;Split;1;1925;7.435609517866993;0.0;gill-size_n;<=;0.5;Yes;No;2642.0;0.7037037037037037;0.2962962962962963;0.7037037037037037;0.2962962962962963;Edible
Tree 4;Tree 4_E_3;1;4;0.06232041655049479;3.065454795714105;;Edge;0;1925;7.3309159487898405;1.0;;;;;;1925.0;0.8798297314996726;0.12017026850032744;0.8798297314996726;0.12017026850032744;Edible
Tree 4;Tree 4_E_3;2;4;0.05732866288516888;3.187307652963863;;Edge;0;1925;7.226222379712687;1.0;;;;;;1925.0;0.8798297314996726;0.12017026850032744;0.8798297314996726;0.12017026850032744;Edible
Tree 4;Tree 4_E_3;3;4;0.05280208725342079;3.3091605102136215;;Edge;0;1925;7.121528810635534;1.0;;;;;;1925.0;0.8798297314996726;0.12017026850032744;0.8798297314996726;0.12017026850032744;Edible
Tree 4;Tree 4_E_3;4;4;0.04890224429089347;3.4310133674633794;;Edge;0;1925;7.016835241558381;1.0;;;;;;1925.0;0.8798297314996726;0.12017026850032744;0.8798297314996726;0.12017026850032744;Edible
Tree 4;Tree 4_E_3;5;4;0.04571509542373277;3.5528662247131373;;Edge;0;1925;6.912141672481228;1.0;;;;;;1925.0;0.8798297314996726;0.12017026850032744;0.8798297314996726;0.12017026850032744;Edible
Tree 4;Tree 4_E_3;6;4;0.043240640651938694;3.674719081962895;;Edge;0;1925;6.807448103404075;1.0;;;;;;1925.0;0.8798297314996726;0.12017026850032744;0.8798297314996726;0.12017026850032744;Edible
Tree 4;Tree 4_E_3;7;4;0.04139291854936538;3.796571939212653;;Edge;0;1925;6.702754534326922;1.0;;;;;;1925.0;0.8798297314996726;0.12017026850032744;0.8798297314996726;0.12017026850032744;Edible
Tree 4;Tree 4_E_3;8;4;0.04001037448036991;3.9184247964624115;;Edge;0;1925;6.598060965249768;1.0;;;;;;1925.0;0.8798297314996726;0.12017026850032744;0.8798297314996726;0.12017026850032744;Edible
Tree 4;Tree 4_E_3;9;4;0.03887534647316322;4.040277653712169;YES;YES;1;1925;6.493367396172616;1.0;;;;;;1925.0;0.8798297314996726;0.12017026850032744;0.8798297314996726;0.12017026850032744;Edible
Tree 4;Tree 4_E_4;0;3;0.06755968627760951;2.9436019384643473;gill-size: n;Split;1;717;7.435609517866993;0.0;gill-size_n;<=;0.5;Yes;No;2642.0;0.7037037037037037;0.2962962962962963;0.7037037037037037;0.2962962962962963;Edible
Tree 4;Tree 4_E_4;1;5;0.07128506354248335;3.0695538619878304;;Edge;0;717;7.093053861856268;1.0;;;;;;717.0;0.2042711234911792;0.7957288765088208;0.2042711234911792;0.7957288765088208;Poisonous
Tree 4;Tree 4_E_4;2;5;0.0747629247455684;3.195505785511314;;Edge;0;717;6.750498205845543;1.0;;;;;;717.0;0.2042711234911792;0.7957288765088208;0.2042711234911792;0.7957288765088208;Poisonous
Tree 4;Tree 4_E_4;3;5;0.07777560791507561;3.321457709034797;;Edge;0;717;6.407942549834818;1.0;;;;;;717.0;0.2042711234911792;0.7957288765088208;0.2042711234911792;0.7957288765088208;Poisonous
Tree 4;Tree 4_E_4;4;5;0.08016155841536206;3.447409632558281;;Edge;0;717;6.065386893824092;1.0;;;;;;717.0;0.2042711234911792;0.7957288765088208;0.2042711234911792;0.7957288765088208;Poisonous
Tree 4;Tree 4_E_4;5;5;0.08183481482028188;3.573361556081764;;Edge;0;717;5.7228312378133674;1.0;;;;;;717.0;0.2042711234911792;0.7957288765088208;0.2042711234911792;0.7957288765088208;Poisonous
Tree 4;Tree 4_E_4;6;5;0.08279537712983509;3.699313479605247;;Edge;0;717;5.380275581802643;1.0;;;;;;717.0;0.2042711234911792;0.7957288765088208;0.2042711234911792;0.7957288765088208;Poisonous
Tree 4;Tree 4_E_4;7;5;0.08312920677016751;3.8252654031287308;;Edge;0;717;5.037719925791917;1.0;;;;;;717.0;0.2042711234911792;0.7957288765088208;0.2042711234911792;0.7957288765088208;Poisonous
Tree 4;Tree 4_E_4;8;5;0.08299785837692211;3.9512173266522144;;Edge;0;717;4.695164269781191;1.0;;;;;;717.0;0.2042711234911792;0.7957288765088208;0.2042711234911792;0.7957288765088208;Poisonous
Tree 4;Tree 4_E_4;9;5;0.08261899392188793;4.0771692501756975;NO;NO;1;717;4.3526086137704665;1.0;;;;;;717.0;0.2042711234911792;0.7957288765088208;0.2042711234911792;0.7957288765088208;Poisonous
Tree 4;Tree 4_E_5;0;2;0.08308426428110409;1.9306378622843359;population: y;Split;1;682;8.218613447505648;0.0;population_y;<=;0.5;Yes;No;3324.0;0.7637977614820533;0.23620223851794675;0.7637977614820533;0.23620223851794675;Edible
Tree 4;Tree 4_E_5;1;6;0.09783371038413004;2.04940238132213;;Edge;0;682;7.779851609793595;1.0;;;;;;682.0;1.0;0.0;1.0;0.0;Edible
Tree 4;Tree 4_E_5;2;6;0.11233564042536719;2.1681669003599238;;Edge;0;682;7.341089772081542;1.0;;;;;;682.0;1.0;0.0;1.0;0.0;Edible
Tree 4;Tree 4_E_5;3;6;0.12637239243302653;2.286931419397718;;Edge;0;682;6.902327934369488;1.0;;;;;;682.0;1.0;0.0;1.0;0.0;Edible
Tree 4;Tree 4_E_5;4;6;0.13978241177146508;2.4056959384355117;;Edge;0;682;6.463566096657435;1.0;;;;;;682.0;1.0;0.0;1.0;0.0;Edible
Tree 4;Tree 4_E_5;5;6;0.15247973701453701;2.524460457473306;;Edge;0;682;6.024804258945382;1.0;;;;;;682.0;1.0;0.0;1.0;0.0;Edible
Tree 4;Tree 4_E_5;6;6;0.16446436816224233;2.6432249765110996;;Edge;0;682;5.586042421233329;1.0;;;;;;682.0;1.0;0.0;1.0;0.0;Edible
Tree 4;Tree 4_E_5;7;6;0.17582226664072687;2.7619894955488937;;Edge;0;682;5.147280583521276;1.0;;;;;;682.0;1.0;0.0;1.0;0.0;Edible
Tree 4;Tree 4_E_5;8;6;0.18671498708563358;2.8807540145866875;;Edge;0;682;4.708518745809222;1.0;;;;;;682.0;1.0;0.0;1.0;0.0;Edible
Tree 4;Tree 4_E_5;9;6;0.1973601914687515;2.9995185336244816;YES;YES;1;682;4.269756908097169;1.0;;;;;;682.0;1.0;0.0;1.0;0.0;Edible
Tree 4;Tree 4_E_6;0;1;0.3243206493795047;1.0206280026026135;stalk-surface-above-ring: k;Split;1;380;8.620066609584686;0.0;stalk-surface-above-ring_k;<=;0.5;Yes;No;3704.0;0.6953300017232465;0.3046699982767534;0.6953300017232465;0.3046699982767534;Edible
Tree 4;Tree 4_E_6;1;7;0.33447936716394167;1.1208451642671144;;Edge;0;380;8.04458185275165;0.0;cap-surface_y;<=;0.5;Yes;No;380.0;0.12399355877616747;0.8760064412238325;0.12399355877616747;0.8760064412238325;Poisonous
Tree 4;Tree 4_E_6;2;7;0.34439056888658987;1.2210623259316151;;Edge;0;380;7.469097095918614;0.0;cap-surface_y;<=;0.5;Yes;No;380.0;0.12399355877616747;0.8760064412238325;0.12399355877616747;0.8760064412238325;Poisonous
Tree 4;Tree 4_E_6;3;7;0.35383659257566025;1.321279487596116;;Edge;0;380;6.8936123390855775;0.0;cap-surface_y;<=;0.5;Yes;No;380.0;0.12399355877616747;0.8760064412238325;0.12399355877616747;0.8760064412238325;Poisonous
Tree 4;Tree 4_E_6;4;7;0.3626558835955098;1.4214966492606167;;Edge;0;380;6.318127582252542;0.0;cap-surface_y;<=;0.5;Yes;No;380.0;0.12399355877616747;0.8760064412238325;0.12399355877616747;0.8760064412238325;Poisonous
Tree 4;Tree 4_E_6;5;7;0.37076248051999283;1.5217138109251178;;Edge;0;380;5.742642825419505;0.0;cap-surface_y;<=;0.5;Yes;No;380.0;0.12399355877616747;0.8760064412238325;0.12399355877616747;0.8760064412238325;Poisonous
Tree 4;Tree 4_E_6;6;7;0.37815638334910917;1.6219309725896185;;Edge;0;380;5.167158068586469;0.0;cap-surface_y;<=;0.5;Yes;No;380.0;0.12399355877616747;0.8760064412238325;0.12399355877616747;0.8760064412238325;Poisonous
Tree 4;Tree 4_E_6;7;7;0.3849235535090047;1.7221481342541192;;Edge;0;380;4.591673311753433;0.0;cap-surface_y;<=;0.5;Yes;No;380.0;0.12399355877616747;0.8760064412238325;0.12399355877616747;0.8760064412238325;Poisonous
Tree 4;Tree 4_E_6;8;7;0.3912255456353224;1.82236529591862;;Edge;0;380;4.016188554920396;0.0;cap-surface_y;<=;0.5;Yes;No;380.0;0.12399355877616747;0.8760064412238325;0.12399355877616747;0.8760064412238325;Poisonous
Tree 4;Tree 4_E_6;9;7;0.3972800216998514;1.922582457583121;cap-surface: y;Split;1;380;3.44070379808736;0.0;cap-surface_y;<=;0.5;Yes;No;380.0;0.12399355877616747;0.8760064412238325;0.12399355877616747;0.8760064412238325;Poisonous
Tree 4;Tree 4_E_7;0;7;0.3972800216998514;1.922582457583121;cap-surface: y;Split;1;200;3.44070379808736;0.0;cap-surface_y;<=;0.5;Yes;No;380.0;0.12399355877616747;0.8760064412238325;0.12399355877616747;0.8760064412238325;Poisonous
Tree 4;Tree 4_E_7;1;8;0.3833161438966039;2.037912988375434;;Edge;0;200;3.3662558915293954;0.0;gill-size_n;<=;0.5;Yes;No;200.0;0.23547400611620795;0.764525993883792;0.23547400611620795;0.764525993883792;Poisonous
Tree 4;Tree 4_E_7;2;8;0.3695997821551452;2.1532435191677464;;Edge;0;200;3.291807984971431;0.0;gill-size_n;<=;0.5;Yes;No;200.0;0.23547400611620795;0.764525993883792;0.23547400611620795;0.764525993883792;Poisonous
Tree 4;Tree 4_E_7;3;8;0.3563485984472643;2.2685740499600593;;Edge;0;200;3.217360078413467;0.0;gill-size_n;<=;0.5;Yes;No;200.0;0.23547400611620795;0.764525993883792;0.23547400611620795;0.764525993883792;Poisonous
Tree 4;Tree 4_E_7;4;8;0.3437241474086042;2.3839045807523718;;Edge;0;200;3.1429121718555026;0.0;gill-size_n;<=;0.5;Yes;No;200.0;0.23547400611620795;0.764525993883792;0.23547400611620795;0.764525993883792;Poisonous
Tree 4;Tree 4_E_7;5;8;0.33181239046531075;2.4992351115446847;;Edge;0;200;3.0684642652975382;0.0;gill-size_n;<=;0.5;Yes;No;200.0;0.23547400611620795;0.764525993883792;0.23547400611620795;0.764525993883792;Poisonous
Tree 4;Tree 4_E_7;6;8;0.32061332761738387;2.614565642336997;;Edge;0;200;2.994016358739574;0.0;gill-size_n;<=;0.5;Yes;No;200.0;0.23547400611620795;0.764525993883792;0.23547400611620795;0.764525993883792;Poisonous
Tree 4;Tree 4_E_7;7;8;0.31004099743867786;2.72989617312931;;Edge;0;200;2.91956845218161;0.0;gill-size_n;<=;0.5;Yes;No;200.0;0.23547400611620795;0.764525993883792;0.23547400611620795;0.764525993883792;Poisonous
Tree 4;Tree 4_E_7;8;8;0.2999338452935496;2.8452267039216226;;Edge;0;200;2.8451205456236455;0.0;gill-size_n;<=;0.5;Yes;No;200.0;0.23547400611620795;0.764525993883792;0.23547400611620795;0.764525993883792;Poisonous
Tree 4;Tree 4_E_7;9;8;0.2900742092102101;2.9605572347139355;gill-size: n;Split;1;200;2.770672639065681;0.0;gill-size_n;<=;0.5;Yes;No;200.0;0.23547400611620795;0.764525993883792;0.23547400611620795;0.764525993883792;Poisonous
Tree 4;Tree 4_E_8;0;8;0.2900742092102101;2.9605572347139355;gill-size: n;Split;1;48;2.770672639065681;0.0;gill-size_n;<=;0.5;Yes;No;200.0;0.23547400611620795;0.764525993883792;0.23547400611620795;0.764525993883792;Poisonous
Tree 4;Tree 4_E_8;1;9;0.28782804349186125;3.0823927537226647;;Edge;0;48;2.670314445107677;1.0;;;;;;48.0;1.0;0.0;1.0;0.0;Edible
Tree 4;Tree 4_E_8;2;9;0.28582939383530115;3.204228272731394;;Edge;0;48;2.569956251149672;1.0;;;;;;48.0;1.0;0.0;1.0;0.0;Edible
Tree 4;Tree 4_E_8;3;9;0.28429592221231886;3.3260637917401232;;Edge;0;48;2.469598057191668;1.0;;;;;;48.0;1.0;0.0;1.0;0.0;Edible
Tree 4;Tree 4_E_8;4;9;0.2833891832585574;3.447899310748852;;Edge;0;48;2.3692398632336635;1.0;;;;;;48.0;1.0;0.0;1.0;0.0;Edible
Tree 4;Tree 4_E_8;5;9;0.2831951384001625;3.5697348297575813;;Edge;0;48;2.268881669275659;1.0;;;;;;48.0;1.0;0.0;1.0;0.0;Edible
Tree 4;Tree 4_E_8;6;9;0.2837137876371343;3.6915703487663105;;Edge;0;48;2.1685234753176545;1.0;;;;;;48.0;1.0;0.0;1.0;0.0;Edible
Tree 4;Tree 4_E_8;7;9;0.28485916954332685;3.8134058677750398;;Edge;0;48;2.0681652813596503;1.0;;;;;;48.0;1.0;0.0;1.0;0.0;Edible
Tree 4;Tree 4_E_8;8;9;0.28646972948309724;3.935241386783769;;Edge;0;48;1.9678070874016458;1.0;;;;;;48.0;1.0;0.0;1.0;0.0;Edible
Tree 4;Tree 4_E_8;9;9;0.28832780548465636;4.057076905792498;YES;YES;1;48;1.8674488934436413;1.0;;;;;;48.0;1.0;0.0;1.0;0.0;Edible
Tree 4;Tree 4_E_9;0;8;0.2900742092102101;2.9605572347139355;gill-size: n;Split;1;152;2.770672639065681;0.0;gill-size_n;<=;0.5;Yes;No;200.0;0.23547400611620795;0.764525993883792;0.23547400611620795;0.764525993883792;Poisonous
Tree 4;Tree 4_E_9;1;10;0.29844912263874485;3.083703911892052;;Edge;0;152;2.745446414631267;1.0;;;;;;152.0;0.0;1.0;0.0;1.0;Poisonous
Tree 4;Tree 4_E_9;2;10;0.30657652000549085;3.206850589070169;;Edge;0;152;2.720220190196853;1.0;;;;;;152.0;0.0;1.0;0.0;1.0;Poisonous
Tree 4;Tree 4_E_9;3;10;0.31423873933865903;3.3299972662482853;;Edge;0;152;2.6949939657624387;1.0;;;;;;152.0;0.0;1.0;0.0;1.0;Poisonous
Tree 4;Tree 4_E_9;4;10;0.3212742260026064;3.4531439434264017;;Edge;0;152;2.6697677413280245;1.0;;;;;;152.0;0.0;1.0;0.0;1.0;Poisonous
Tree 4;Tree 4_E_9;5;10;0.32759701857118717;3.5762906206045186;;Edge;0;152;2.644541516893611;1.0;;;;;;152.0;0.0;1.0;0.0;1.0;Poisonous
Tree 4;Tree 4_E_9;6;10;0.3332071170444013;3.699437297782635;;Edge;0;152;2.6193152924591967;1.0;;;;;;152.0;0.0;1.0;0.0;1.0;Poisonous
Tree 4;Tree 4_E_9;7;10;0.33819048284839465;3.8225839749607515;;Edge;0;152;2.5940890680247826;1.0;;;;;;152.0;0.0;1.0;0.0;1.0;Poisonous
Tree 4;Tree 4_E_9;8;10;0.34270867061881016;3.9457306521388684;;Edge;0;152;2.5688628435903684;1.0;;;;;;152.0;0.0;1.0;0.0;1.0;Poisonous
Tree 4;Tree 4_E_9;9;10;0.34697934232743693;4.068877329316985;NO;NO;1;152;2.5436366191559543;1.0;;;;;;152.0;0.0;1.0;0.0;1.0;Poisonous
Tree 4;Tree 4_E_10;0;7;0.3972800216998514;1.922582457583121;cap-surface: y;Split;1;180;3.44070379808736;0.0;cap-surface_y;<=;0.5;Yes;No;380.0;0.12399355877616747;0.8760064412238325;0.12399355877616747;0.8760064412238325;Poisonous
Tree 4;Tree 4_E_10;1;11;0.40141871634392007;2.039900310898085;;Edge;0;180;3.356159771521724;1.0;;;;;;180.0;0.0;1.0;0.0;1.0;Poisonous
Tree 4;Tree 4_E_10;2;11;0.40530989492620006;2.157218164213049;;Edge;0;180;3.271615744956088;1.0;;;;;;180.0;0.0;1.0;0.0;1.0;Poisonous
Tree 4;Tree 4_E_10;3;11;0.4087358954749022;2.274536017528013;;Edge;0;180;3.1870717183904524;1.0;;;;;;180.0;0.0;1.0;0.0;1.0;Poisonous
Tree 4;Tree 4_E_10;4;11;0.4115351633543835;2.391853870842977;;Edge;0;180;3.102527691824817;1.0;;;;;;180.0;0.0;1.0;0.0;1.0;Poisonous
Tree 4;Tree 4_E_10;5;11;0.41362173713849826;2.509171724157941;;Edge;0;180;3.0179836652591807;1.0;;;;;;180.0;0.0;1.0;0.0;1.0;Poisonous
Tree 4;Tree 4_E_10;6;11;0.41499561682724634;2.626489577472905;;Edge;0;180;2.933439638693545;1.0;;;;;;180.0;0.0;1.0;0.0;1.0;Poisonous
Tree 4;Tree 4_E_10;7;11;0.4157427638467736;2.743807430787869;;Edge;0;180;2.8488956121279094;1.0;;;;;;180.0;0.0;1.0;0.0;1.0;Poisonous
Tree 4;Tree 4_E_10;8;11;0.4160247328327231;2.861125284102833;;Edge;0;180;2.764351585562274;1.0;;;;;;180.0;0.0;1.0;0.0;1.0;Poisonous
Tree 4;Tree 4_E_10;9;11;0.41605918575688383;2.978443137417797;NO;NO;1;180;2.6798075589966377;1.0;;;;;;180.0;0.0;1.0;0.0;1.0;Poisonous
Tree 4;Tree 4_E_11;0;0;0.5;0.08;stalk-surface-below-ring: k;Split;1;1463;10.0;0.0;stalk-surface-below-ring_k;<=;0.5;Yes;No;5167.0;0.5129246676514032;0.48707533234859673;0.5129246676514032;0.48707533234859673;Edible
Tree 4;Tree 4_E_11;1;12;0.5377080822180001;0.173333977249641;;Edge;0;1463;9.532111851992392;0.0;ring-type_e;<=;0.5;Yes;No;1463.0;0.05687203791469194;0.943127962085308;0.05687203791469194;0.943127962085308;Poisonous
Tree 4;Tree 4_E_11;2;12;0.5751686483742116;0.266667954499282;;Edge;0;1463;9.064223703984782;0.0;ring-type_e;<=;0.5;Yes;No;1463.0;0.05687203791469194;0.943127962085308;0.05687203791469194;0.943127962085308;Poisonous
Tree 4;Tree 4_E_11;3;12;0.6121640364968451;0.360001931748923;;Edge;0;1463;8.596335555977173;0.0;ring-type_e;<=;0.5;Yes;No;1463.0;0.05687203791469194;0.943127962085308;0.05687203791469194;0.943127962085308;Poisonous
Tree 4;Tree 4_E_11;4;12;0.6485326919502579;0.45333590899856396;;Edge;0;1463;8.128447407969563;0.0;ring-type_e;<=;0.5;Yes;No;1463.0;0.05687203791469194;0.943127962085308;0.05687203791469194;0.943127962085308;Poisonous
Tree 4;Tree 4_E_11;5;12;0.6841886533083041;0.5466698862482049;;Edge;0;1463;7.660559259961955;0.0;ring-type_e;<=;0.5;Yes;No;1463.0;0.05687203791469194;0.943127962085308;0.05687203791469194;0.943127962085308;Poisonous
Tree 4;Tree 4_E_11;6;12;0.7191319205709836;0.6400038634978459;;Edge;0;1463;7.192671111954346;0.0;ring-type_e;<=;0.5;Yes;No;1463.0;0.05687203791469194;0.943127962085308;0.05687203791469194;0.943127962085308;Poisonous
Tree 4;Tree 4_E_11;7;12;0.7534484551644425;0.7333378407474868;;Edge;0;1463;6.724782963946737;0.0;ring-type_e;<=;0.5;Yes;No;1463.0;0.05687203791469194;0.943127962085308;0.05687203791469194;0.943127962085308;Poisonous
Tree 4;Tree 4_E_11;8;12;0.7872998117243233;0.8266718179971279;;Edge;0;1463;6.256894815939128;0.0;ring-type_e;<=;0.5;Yes;No;1463.0;0.05687203791469194;0.943127962085308;0.05687203791469194;0.943127962085308;Poisonous
Tree 4;Tree 4_E_11;9;12;0.8209036522224156;0.9200057952467688;ring-type: e;Split;1;1463;5.789006667931519;0.0;ring-type_e;<=;0.5;Yes;No;1463.0;0.05687203791469194;0.943127962085308;0.05687203791469194;0.943127962085308;Poisonous
Tree 4;Tree 4_E_12;0;12;0.8209036522224156;0.9200057952467688;ring-type: e;Split;1;904;5.789006667931519;0.0;ring-type_e;<=;0.5;Yes;No;1463.0;0.05687203791469194;0.943127962085308;0.05687203791469194;0.943127962085308;Poisonous
Tree 4;Tree 4_E_12;1;13;0.7974059064606034;1.0378166897733625;;Edge;0;904;5.675172779047747;0.0;odor_n;<=;0.5;Yes;No;904.0;0.09192200557103064;0.9080779944289693;0.09192200557103064;0.9080779944289693;Poisonous
Tree 4;Tree 4_E_12;2;13;0.77415567676058;1.1556275842999562;;Edge;0;904;5.5613388901639755;0.0;odor_n;<=;0.5;Yes;No;904.0;0.09192200557103064;0.9080779944289693;0.09192200557103064;0.9080779944289693;Poisonous
Tree 4;Tree 4_E_12;3;13;0.7513706250941343;1.2734384788265496;;Edge;0;904;5.447505001280203;0.0;odor_n;<=;0.5;Yes;No;904.0;0.09192200557103064;0.9080779944289693;0.09192200557103064;0.9080779944289693;Poisonous
Tree 4;Tree 4_E_12;4;13;0.7292123060969096;1.3912493733531432;;Edge;0;904;5.3336711123964315;0.0;odor_n;<=;0.5;Yes;No;904.0;0.09192200557103064;0.9080779944289693;0.09192200557103064;0.9080779944289693;Poisonous
Tree 4;Tree 4_E_12;5;13;0.7077666811950514;1.509060267879737;;Edge;0;904;5.21983722351266;0.0;odor_n;<=;0.5;Yes;No;904.0;0.09192200557103064;0.9080779944289693;0.09192200557103064;0.9080779944289693;Poisonous
Tree 4;Tree 4_E_12;6;13;0.6870337503885597;1.6268711624063306;;Edge;0;904;5.1060033346288884;0.0;odor_n;<=;0.5;Yes;No;904.0;0.09192200557103064;0.9080779944289693;0.09192200557103064;0.9080779944289693;Poisonous
Tree 4;Tree 4_E_12;7;13;0.666927552251289;1.7446820569329242;;Edge;0;904;4.992169445745116;0.0;odor_n;<=;0.5;Yes;No;904.0;0.09192200557103064;0.9080779944289693;0.09192200557103064;0.9080779944289693;Poisonous
Tree 4;Tree 4_E_12;8;13;0.647286532147596;1.8624929514595179;;Edge;0;904;4.8783355568613445;0.0;odor_n;<=;0.5;Yes;No;904.0;0.09192200557103064;0.9080779944289693;0.09192200557103064;0.9080779944289693;Poisonous
Tree 4;Tree 4_E_12;9;13;0.6278930281056918;1.9803038459861115;odor: n;Split;1;904;4.764501667977573;0.0;odor_n;<=;0.5;Yes;No;904.0;0.09192200557103064;0.9080779944289693;0.09192200557103064;0.9080779944289693;Poisonous
Tree 4;Tree 4_E_13;0;13;0.6278930281056918;1.9803038459861115;odor: n;Split;1;812;4.764501667977573;0.0;odor_n;<=;0.5;Yes;No;904.0;0.09192200557103064;0.9080779944289693;0.09192200557103064;0.9080779944289693;Poisonous
Tree 4;Tree 4_E_13;1;14;0.6164241777141785;2.1013630738595137;;Edge;0;812;4.742646650141563;1.0;;;;;;812.0;0.0;1.0;0.0;1.0;Poisonous
Tree 4;Tree 4_E_13;2;14;0.6052028433844538;2.222422301732916;;Edge;0;812;4.720791632305554;1.0;;;;;;812.0;0.0;1.0;0.0;1.0;Poisonous
Tree 4;Tree 4_E_13;3;14;0.5944466870883071;2.3434815296063185;;Edge;0;812;4.698936614469544;1.0;;;;;;812.0;0.0;1.0;0.0;1.0;Poisonous
Tree 4;Tree 4_E_13;4;14;0.5843172634613811;2.4645407574797207;;Edge;0;812;4.677081596633535;1.0;;;;;;812.0;0.0;1.0;0.0;1.0;Poisonous
Tree 4;Tree 4_E_13;5;14;0.5749005339298219;2.585599985353123;;Edge;0;812;4.655226578797524;1.0;;;;;;812.0;0.0;1.0;0.0;1.0;Poisonous
Tree 4;Tree 4_E_13;6;14;0.5661964984936291;2.706659213226525;;Edge;0;812;4.633371560961515;1.0;;;;;;812.0;0.0;1.0;0.0;1.0;Poisonous
Tree 4;Tree 4_E_13;7;14;0.5581191957266571;2.827718441099927;;Edge;0;812;4.611516543125505;1.0;;;;;;812.0;0.0;1.0;0.0;1.0;Poisonous
Tree 4;Tree 4_E_13;8;14;0.550507070993263;2.94877766897333;;Edge;0;812;4.589661525289496;1.0;;;;;;812.0;0.0;1.0;0.0;1.0;Poisonous
Tree 4;Tree 4_E_13;9;14;0.5431424623216576;3.069836896846732;NO;NO;1;812;4.567806507453486;1.0;;;;;;812.0;0.0;1.0;0.0;1.0;Poisonous
Tree 4;Tree 4_E_14;0;13;0.6278930281056918;1.9803038459861115;odor: n;Split;1;92;4.764501667977573;0.0;odor_n;<=;0.5;Yes;No;904.0;0.09192200557103064;0.9080779944289693;0.09192200557103064;0.9080779944289693;Poisonous
Tree 4;Tree 4_E_14;1;15;0.6388335025040132;2.0997935349056225;;Edge;0;92;4.479660217427117;1.0;;;;;;92.0;1.0;0.0;1.0;0.0;Edible
Tree 4;Tree 4_E_14;2;15;0.6495264608405458;2.2192832238251334;;Edge;0;92;4.194818766876661;1.0;;;;;;92.0;1.0;0.0;1.0;0.0;Edible
Tree 4;Tree 4_E_14;3;15;0.6597542411435006;2.338772912744644;;Edge;0;92;3.9099773163262057;1.0;;;;;;92.0;1.0;0.0;1.0;0.0;Edible
Tree 4;Tree 4_E_14;4;15;0.6693552887772345;2.458262601664155;;Edge;0;92;3.62513586577575;1.0;;;;;;92.0;1.0;0.0;1.0;0.0;Edible
Tree 4;Tree 4_E_14;5;15;0.6782436423156017;2.577752290583666;;Edge;0;92;3.3402944152252942;1.0;;;;;;92.0;1.0;0.0;1.0;0.0;Edible
Tree 4;Tree 4_E_14;6;15;0.6864193017586026;2.6972419795031763;;Edge;0;92;3.0554529646748385;1.0;;;;;;92.0;1.0;0.0;1.0;0.0;Edible
Tree 4;Tree 4_E_14;7;15;0.6939682285323825;2.8167316684226873;;Edge;0;92;2.770611514124383;1.0;;;;;;92.0;1.0;0.0;1.0;0.0;Edible
Tree 4;Tree 4_E_14;8;15;0.7010519772725846;2.9362213573421982;;Edge;0;92;2.485770063573927;1.0;;;;;;92.0;1.0;0.0;1.0;0.0;Edible
Tree 4;Tree 4_E_14;9;15;0.707888209950998;3.055711046261709;YES;YES;1;92;2.2009286130234713;1.0;;;;;;92.0;1.0;0.0;1.0;0.0;Edible
Tree 4;Tree 4_E_15;0;12;0.8209036522224156;0.9200057952467688;ring-type: e;Split;1;559;5.789006667931519;0.0;ring-type_e;<=;0.5;Yes;No;1463.0;0.05687203791469194;0.943127962085308;0.05687203791469194;0.943127962085308;Poisonous
Tree 4;Tree 4_E_15;1;16;0.8281576442026436;1.0354377394788268;;Edge;0;559;5.585812083057284;1.0;;;;;;559.0;0.0;1.0;0.0;1.0;Poisonous
Tree 4;Tree 4_E_15;2;16;0.8351641201210828;1.1508696837108845;;Edge;0;559;5.38261749818305;1.0;;;;;;559.0;0.0;1.0;0.0;1.0;Poisonous
Tree 4;Tree 4_E_15;3;16;0.8417054180059442;1.2663016279429424;;Edge;0;559;5.179422913308816;1.0;;;;;;559.0;0.0;1.0;0.0;1.0;Poisonous
Tree 4;Tree 4_E_15;4;16;0.8476199832215847;1.3817335721750004;;Edge;0;559;4.976228328434582;1.0;;;;;;559.0;0.0;1.0;0.0;1.0;Poisonous
Tree 4;Tree 4_E_15;5;16;0.8528218543418588;1.4971655164070583;;Edge;0;559;4.773033743560347;1.0;;;;;;559.0;0.0;1.0;0.0;1.0;Poisonous
Tree 4;Tree 4_E_15;6;16;0.8573110313667661;1.6125974606391162;;Edge;0;559;4.569839158686113;1.0;;;;;;559.0;0.0;1.0;0.0;1.0;Poisonous
Tree 4;Tree 4_E_15;7;16;0.8611734757224527;1.728029404871174;;Edge;0;559;4.366644573811879;1.0;;;;;;559.0;0.0;1.0;0.0;1.0;Poisonous
Tree 4;Tree 4_E_15;8;16;0.8645707420445614;1.843461349103232;;Edge;0;559;4.163449988937645;1.0;;;;;;559.0;0.0;1.0;0.0;1.0;Poisonous
Tree 4;Tree 4_E_15;9;16;0.8677204923048815;1.9588932933352898;NO;NO;1;559;3.9602554040634104;1.0;;;;;;559.0;0.0;1.0;0.0;1.0;Poisonous
Tree 5;Tree 5_TRUNK;0;-1;0.5;-0.92;;Trunk;0;5100;11.0;;;;;;;;;;;;
Tree 5;Tree 5_TRUNK;1;-1;0.5065082560867634;-0.7771428571428571;;Trunk;0;5100;10.714285714285714;;;;;;;;;;;;
Tree 5;Tree 5_TRUNK;2;-1;0.5117274722370204;-0.6342857142857143;;Trunk;0;5100;10.428571428571429;;;;;;;;;;;;
Tree 5;Tree 5_TRUNK;3;-1;0.5146239186827274;-0.4914285714285715;;Trunk;0;5100;10.142857142857142;;;;;;;;;;;;
Tree 5;Tree 5_TRUNK;4;-1;0.5146239186827274;-0.34857142857142864;;Trunk;0;5100;9.857142857142858;;;;;;;;;;;;
Tree 5;Tree 5_TRUNK;5;-1;0.5117274722370204;-0.20571428571428574;;Trunk;0;5100;9.571428571428571;;;;;;;;;;;;
Tree 5;Tree 5_TRUNK;6;-1;0.5065082560867634;-0.06285714285714294;;Trunk;0;5100;9.285714285714286;;;;;;;;;;;;
Tree 5;Tree 5_TRUNK;7;-1;0.5;0.07999999999999996;;Trunk;0;5100;9.0;;;;;;;;;;;;
Tree 5;Tree 5_E_0;0;0;0.5;0.08;population: v;Split;1;2557;10.0;0.0;population_v;<=;0.5;Yes;No;5100.0;0.5249876907927129;0.47501230920728704;0.5249876907927129;0.47501230920728704;Edible
Tree 5;Tree 5_E_0;1;1;0.4784279512933243;0.1845142225114015;;Edge;0;2557;9.708076654762468;0.0;habitat_u;<=;0.5;Yes;No;2557.0;0.7451887941534714;0.2548112058465286;0.7451887941534714;0.2548112058465286;Edible
Tree 5;Tree 5_E_0;2;1;0.4571034186484374;0.289028445022803;;Edge;0;2557;9.416153309524937;0.0;habitat_u;<=;0.5;Yes;No;2557.0;0.7451887941534714;0.2548112058465286;0.7451887941534714;0.2548112058465286;Edible
Tree 5;Tree 5_E_0;3;1;0.43624406403712823;0.3935426675342045;;Edge;0;2557;9.124229964287405;0.0;habitat_u;<=;0.5;Yes;No;2557.0;0.7451887941534714;0.2548112058465286;0.7451887941534714;0.2548112058465286;Edible
Tree 5;Tree 5_E_0;4;1;0.41601144209503993;0.49805689004560605;;Edge;0;2557;8.832306619049874;0.0;habitat_u;<=;0.5;Yes;No;2557.0;0.7451887941534714;0.2548112058465286;0.7451887941534714;0.2548112058465286;Edible
Tree 5;Tree 5_E_0;5;1;0.39649151424831824;0.6025711125570076;;Edge;0;2557;8.540383273812342;0.0;habitat_u;<=;0.5;Yes;No;2557.0;0.7451887941534714;0.2548112058465286;0.7451887941534714;0.2548112058465286;Edible
Tree 5;Tree 5_E_0;6;1;0.3776842804969632;0.707085335068409;;Edge;0;2557;8.24845992857481;0.0;habitat_u;<=;0.5;Yes;No;2557.0;0.7451887941534714;0.2548112058465286;0.7451887941534714;0.2548112058465286;Edible
Tree 5;Tree 5_E_0;7;1;0.3595037794148289;0.8115995575798104;;Edge;0;2557;7.956536583337279;0.0;habitat_u;<=;0.5;Yes;No;2557.0;0.7451887941534714;0.2548112058465286;0.7451887941534714;0.2548112058465286;Edible
Tree 5;Tree 5_E_0;8;1;0.3417884563662724;0.916113780091212;;Edge;0;2557;7.664613238099747;0.0;habitat_u;<=;0.5;Yes;No;2557.0;0.7451887941534714;0.2548112058465286;0.7451887941534714;0.2548112058465286;Edible
Tree 5;Tree 5_E_0;9;1;0.3243206493795047;1.0206280026026135;habitat: u;Split;1;2557;7.3726898928622155;0.0;habitat_u;<=;0.5;Yes;No;2557.0;0.7451887941534714;0.2548112058465286;0.7451887941534714;0.2548112058465286;Edible
Tree 5;Tree 5_E_1;0;1;0.3243206493795047;1.0206280026026135;habitat: u;Split;1;2446;7.3726898928622155;0.0;habitat_u;<=;0.5;Yes;No;2557.0;0.7451887941534714;0.2548112058465286;0.7451887941534714;0.2548112058465286;Edible
Tree 5;Tree 5_E_1;1;2;0.29546448573083955;1.121740209233916;;Edge;0;2446;7.357150488460516;0.0;stalk-color-above-ring_w;<=;0.5;Yes;No;2446.0;0.7655137334689726;0.23448626653102747;0.7655137334689726;0.23448626653102747;Edible
Tree 5;Tree 5_E_1;2;2;0.26685583814396313;1.2228524158652185;;Edge;0;2446;7.341611084058817;0.0;stalk-color-above-ring_w;<=;0.5;Yes;No;2446.0;0.7655137334689726;0.23448626653102747;0.7655137334689726;0.23448626653102747;Edible
Tree 5;Tree 5_E_1;3;2;0.23871236859066455;1.323964622496521;;Edge;0;2446;7.326071679657118;0.0;stalk-color-above-ring_w;<=;0.5;Yes;No;2446.0;0.7655137334689726;0.23448626653102747;0.7655137334689726;0.23448626653102747;Edible
Tree 5;Tree 5_E_1;4;2;0.21119563170658676;1.4250768291278235;;Edge;0;2446;7.310532275255419;0.0;stalk-color-above-ring_w;<=;0.5;Yes;No;2446.0;0.7655137334689726;0.23448626653102747;0.7655137334689726;0.23448626653102747;Edible
Tree 5;Tree 5_E_1;5;2;0.18439158891787558;1.526189035759126;;Edge;0;2446;7.29499287085372;0.0;stalk-color-above-ring_w;<=;0.5;Yes;No;2446.0;0.7655137334689726;0.23448626653102747;0.7655137334689726;0.23448626653102747;Edible
Tree 5;Tree 5_E_1;6;2;0.158300240224531;1.6273012423904283;;Edge;0;2446;7.279453466452021;0.0;stalk-color-above-ring_w;<=;0.5;Yes;No;2446.0;0.7655137334689726;0.23448626653102747;0.7655137334689726;0.23448626653102747;Edible
Tree 5;Tree 5_E_1;7;2;0.13283562420040726;1.7284134490217307;;Edge;0;2446;7.263914062050322;0.0;stalk-color-above-ring_w;<=;0.5;Yes;No;2446.0;0.7655137334689726;0.23448626653102747;0.7655137334689726;0.23448626653102747;Edible
Tree 5;Tree 5_E_1;8;2;0.10783618620986127;1.8295256556530335;;Edge;0;2446;7.248374657648623;0.0;stalk-color-above-ring_w;<=;0.5;Yes;No;2446.0;0.7655137334689726;0.23448626653102747;0.7655137334689726;0.23448626653102747;Edible
Tree 5;Tree 5_E_1;9;2;0.0830842642811041;1.9306378622843359;stalk-color-above-ring: w;Split;1;2446;7.232835253246924;0.0;stalk-color-above-ring_w;<=;0.5;Yes;No;2446.0;0.7655137334689726;0.23448626653102747;0.7655137334689726;0.23448626653102747;Edible
Tree 5;Tree 5_E_2;0;2;0.08308426428110409;1.9306378622843359;stalk-color-above-ring: w;Split;1;927;7.232835253246924;0.0;stalk-color-above-ring_w;<=;0.5;Yes;No;2446.0;0.7655137334689726;0.23448626653102747;0.7655137334689726;0.23448626653102747;Edible
Tree 5;Tree 5_E_2;1;3;0.07930719030965068;2.043189426304337;;Edge;0;927;6.966636724892909;0.0;ring-type_p;<=;0.5;Yes;No;927.0;0.5453938584779706;0.4546061415220294;0.5453938584779706;0.4546061415220294;Edible
Tree 5;Tree 5_E_2;2;3;0.07577763239998607;2.1557409903243383;;Edge;0;927;6.700438196538895;0.0;ring-type_p;<=;0.5;Yes;No;927.0;0.5453938584779706;0.4546061415220294;0.5453938584779706;0.4546061415220294;Edible
Tree 5;Tree 5_E_2;3;3;0.07271325252389926;2.2682925543443395;;Edge;0;927;6.43423966818488;0.0;ring-type_p;<=;0.5;Yes;No;927.0;0.5453938584779706;0.4546061415220294;0.5453938584779706;0.4546061415220294;Edible
Tree 5;Tree 5_E_2;4;3;0.07027560531703325;2.3808441183643407;;Edge;0;927;6.168041139830866;0.0;ring-type_p;<=;0.5;Yes;No;927.0;0.5453938584779706;0.4546061415220294;0.5453938584779706;0.4546061415220294;Edible
Tree 5;Tree 5_E_2;5;3;0.06855065220553386;2.4933956823843424;;Edge;0;927;5.901842611476851;0.0;ring-type_p;<=;0.5;Yes;No;927.0;0.5453938584779706;0.4546061415220294;0.5453938584779706;0.4546061415220294;Edible
Tree 5;Tree 5_E_2;6;3;0.06753839318940108;2.6059472464043436;;Edge;0;927;5.635644083122837;0.0;ring-type_p;<=;0.5;Yes;No;927.0;0.5453938584779706;0.4546061415220294;0.5453938584779706;0.4546061415220294;Edible
Tree 5;Tree 5_E_2;7;3;0.06715286684248908;2.718498810424345;;Edge;0;927;5.369445554768822;0.0;ring-type_p;<=;0.5;Yes;No;927.0;0.5453938584779706;0.4546061415220294;0.5453938584779706;0.4546061415220294;Edible
Tree 5;Tree 5_E_2;8;3;0.06723251852915489;2.831050374444346;;Edge;0;927;5.103247026414808;0.0;ring-type_p;<=;0.5;Yes;No;927.0;0.5453938584779706;0.4546061415220294;0.5453938584779706;0.4546061415220294;Edible
Tree 5;Tree 5_E_2;9;3;0.06755968627760951;2.9436019384643473;ring-type: p;Split;1;927;4.837048498060793;0.0;ring-type_p;<=;0.5;Yes;No;927.0;0.5453938584779706;0.4546061415220294;0.5453938584779706;0.4546061415220294;Edible
Tree 5;Tree 5_E_3;0;3;0.06755968627760951;2.9436019384643473;ring-type: p;Split;1;505;4.837048498060793;0.0;ring-type_p;<=;0.5;Yes;No;927.0;0.5453938584779706;0.4546061415220294;0.5453938584779706;0.4546061415220294;Edible
Tree 5;Tree 5_E_3;1;4;0.06232041655049479;3.065454795714105;;Edge;0;505;4.725383587870556;1.0;;;;;;505.0;0.14015151515151514;0.8598484848484849;0.14015151515151514;0.8598484848484849;Poisonous
Tree 5;Tree 5_E_3;2;4;0.05732866288516888;3.187307652963863;;Edge;0;505;4.6137186776803185;1.0;;;;;;505.0;0.14015151515151514;0.8598484848484849;0.14015151515151514;0.8598484848484849;Poisonous
Tree 5;Tree 5_E_3;3;4;0.05280208725342079;3.3091605102136215;;Edge;0;505;4.502053767490082;1.0;;;;;;505.0;0.14015151515151514;0.8598484848484849;0.14015151515151514;0.8598484848484849;Poisonous
Tree 5;Tree 5_E_3;4;4;0.04890224429089347;3.4310133674633794;;Edge;0;505;4.390388857299845;1.0;;;;;;505.0;0.14015151515151514;0.8598484848484849;0.14015151515151514;0.8598484848484849;Poisonous
Tree 5;Tree 5_E_3;5;4;0.04571509542373277;3.5528662247131373;;Edge;0;505;4.278723947109608;1.0;;;;;;505.0;0.14015151515151514;0.8598484848484849;0.14015151515151514;0.8598484848484849;Poisonous
Tree 5;Tree 5_E_3;6;4;0.043240640651938694;3.674719081962895;;Edge;0;505;4.167059036919371;1.0;;;;;;505.0;0.14015151515151514;0.8598484848484849;0.14015151515151514;0.8598484848484849;Poisonous
Tree 5;Tree 5_E_3;7;4;0.04139291854936538;3.796571939212653;;Edge;0;505;4.0553941267291345;1.0;;;;;;505.0;0.14015151515151514;0.8598484848484849;0.14015151515151514;0.8598484848484849;Poisonous
Tree 5;Tree 5_E_3;8;4;0.04001037448036991;3.9184247964624115;;Edge;0;505;3.9437292165388973;1.0;;;;;;505.0;0.14015151515151514;0.8598484848484849;0.14015151515151514;0.8598484848484849;Poisonous
Tree 5;Tree 5_E_3;9;4;0.03887534647316322;4.040277653712169;NO;NO;1;505;3.83206430634866;1.0;;;;;;505.0;0.14015151515151514;0.8598484848484849;0.14015151515151514;0.8598484848484849;Poisonous
Tree 5;Tree 5_E_4;0;3;0.06755968627760951;2.9436019384643473;ring-type: p;Split;1;422;4.837048498060793;0.0;ring-type_p;<=;0.5;Yes;No;927.0;0.5453938584779706;0.4546061415220294;0.5453938584779706;0.4546061415220294;Edible
Tree 5;Tree 5_E_4;1;5;0.07128506354248335;3.0695538619878304;;Edge;0;422;4.698364252882082;1.0;;;;;;422.0;1.0;0.0;1.0;0.0;Edible
Tree 5;Tree 5_E_4;2;5;0.0747629247455684;3.195505785511314;;Edge;0;422;4.5596800077033715;1.0;;;;;;422.0;1.0;0.0;1.0;0.0;Edible
Tree 5;Tree 5_E_4;3;5;0.07777560791507561;3.321457709034797;;Edge;0;422;4.420995762524661;1.0;;;;;;422.0;1.0;0.0;1.0;0.0;Edible
Tree 5;Tree 5_E_4;4;5;0.08016155841536206;3.447409632558281;;Edge;0;422;4.28231151734595;1.0;;;;;;422.0;1.0;0.0;1.0;0.0;Edible
Tree 5;Tree 5_E_4;5;5;0.08183481482028188;3.573361556081764;;Edge;0;422;4.1436272721672385;1.0;;;;;;422.0;1.0;0.0;1.0;0.0;Edible
Tree 5;Tree 5_E_4;6;5;0.08279537712983509;3.699313479605247;;Edge;0;422;4.004943026988528;1.0;;;;;;422.0;1.0;0.0;1.0;0.0;Edible
Tree 5;Tree 5_E_4;7;5;0.08312920677016751;3.8252654031287308;;Edge;0;422;3.8662587818098175;1.0;;;;;;422.0;1.0;0.0;1.0;0.0;Edible
Tree 5;Tree 5_E_4;8;5;0.08299785837692211;3.9512173266522144;;Edge;0;422;3.7275745366311064;1.0;;;;;;422.0;1.0;0.0;1.0;0.0;Edible
Tree 5;Tree 5_E_4;9;5;0.08261899392188793;4.0771692501756975;YES;YES;1;422;3.5888902914523957;1.0;;;;;;422.0;1.0;0.0;1.0;0.0;Edible
Tree 5;Tree 5_E_5;0;2;0.08308426428110409;1.9306378622843359;stalk-color-above-ring: w;Split;1;1519;7.232835253246924;0.0;stalk-color-above-ring_w;<=;0.5;Yes;No;2446.0;0.7655137334689726;0.23448626653102747;0.7655137334689726;0.23448626653102747;Edible
Tree 5;Tree 5_E_5;1;6;0.09783371038413004;2.04940238132213;;Edge;0;1519;7.086048071374379;0.0;ring-type_p;<=;0.5;Yes;No;1519.0;0.9009860312243221;0.09901396877567789;0.9009860312243221;0.09901396877567789;Edible
Tree 5;Tree 5_E_5;2;6;0.11233564042536719;2.1681669003599238;;Edge;0;1519;6.939260889501835;0.0;ring-type_p;<=;0.5;Yes;No;1519.0;0.9009860312243221;0.09901396877567789;0.9009860312243221;0.09901396877567789;Edible
Tree 5;Tree 5_E_5;3;6;0.12637239243302653;2.286931419397718;;Edge;0;1519;6.79247370762929;0.0;ring-type_p;<=;0.5;Yes;No;1519.0;0.9009860312243221;0.09901396877567789;0.9009860312243221;0.09901396877567789;Edible
Tree 5;Tree 5_E_5;4;6;0.13978241177146508;2.4056959384355117;;Edge;0;1519;6.645686525756745;0.0;ring-type_p;<=;0.5;Yes;No;1519.0;0.9009860312243221;0.09901396877567789;0.9009860312243221;0.09901396877567789;Edible
Tree 5;Tree 5_E_5;5;6;0.15247973701453701;2.524460457473306;;Edge;0;1519;6.498899343884201;0.0;ring-type_p;<=;0.5;Yes;No;1519.0;0.9009860312243221;0.09901396877567789;0.9009860312243221;0.09901396877567789;Edible
Tree 5;Tree 5_E_5;6;6;0.16446436816224233;2.6432249765110996;;Edge;0;1519;6.3521121620116565;0.0;ring-type_p;<=;0.5;Yes;No;1519.0;0.9009860312243221;0.09901396877567789;0.9009860312243221;0.09901396877567789;Edible
Tree 5;Tree 5_E_5;7;6;0.17582226664072687;2.7619894955488937;;Edge;0;1519;6.205324980139112;0.0;ring-type_p;<=;0.5;Yes;No;1519.0;0.9009860312243221;0.09901396877567789;0.9009860312243221;0.09901396877567789;Edible
Tree 5;Tree 5_E_5;8;6;0.18671498708563358;2.8807540145866875;;Edge;0;1519;6.058537798266567;0.0;ring-type_p;<=;0.5;Yes;No;1519.0;0.9009860312243221;0.09901396877567789;0.9009860312243221;0.09901396877567789;Edible
Tree 5;Tree 5_E_5;9;6;0.1973601914687515;2.9995185336244816;ring-type: p;Split;1;1519;5.9117506163940226;0.0;ring-type_p;<=;0.5;Yes;No;1519.0;0.9009860312243221;0.09901396877567789;0.9009860312243221;0.09901396877567789;Edible
Tree 5;Tree 5_E_6;0;6;0.1973601914687515;2.9995185336244816;ring-type: p;Split;1;557;5.9117506163940226;0.0;ring-type_p;<=;0.5;Yes;No;1519.0;0.9009860312243221;0.09901396877567789;0.9009860312243221;0.09901396877567789;Edible
Tree 5;Tree 5_E_6;1;7;0.19135916104837652;3.102081191842108;;Edge;0;557;5.696478514303726;1.0;;;;;;557.0;1.0;0.0;1.0;0.0;Edible
Tree 5;Tree 5_E_6;2;7;0.18560564668979035;3.204643850059735;;Edge;0;557;5.481206412213428;1.0;;;;;;557.0;1.0;0.0;1.0;0.0;Edible
Tree 5;Tree 5_E_6;3;7;0.180317310364782;3.3072065082773614;;Edge;0;557;5.265934310123131;1.0;;;;;;557.0;1.0;0.0;1.0;0.0;Edible
Tree 5;Tree 5_E_6;4;7;0.1756557067089944;3.409769166494988;;Edge;0;557;5.0506622080328345;1.0;;;;;;557.0;1.0;0.0;1.0;0.0;Edible
Tree 5;Tree 5_E_6;5;7;0.17170679714857343;3.5123318247126147;;Edge;0;557;4.835390105942537;1.0;;;;;;557.0;1.0;0.0;1.0;0.0;Edible
Tree 5;Tree 5_E_6;6;7;0.16847058168351908;3.614894482930241;;Edge;0;557;4.62011800385224;1.0;;;;;;557.0;1.0;0.0;1.0;0.0;Edible
Tree 5;Tree 5_E_6;7;7;0.16586109888768552;3.7174571411478676;;Edge;0;557;4.404845901761943;1.0;;;;;;557.0;1.0;0.0;1.0;0.0;Edible
Tree 5;Tree 5_E_6;8;7;0.16371679412542978;3.820019799365494;;Edge;0;557;4.189573799671646;1.0;;;;;;557.0;1.0;0.0;1.0;0.0;Edible
Tree 5;Tree 5_E_6;9;7;0.16182000542496283;3.922582457583121;YES;YES;1;557;3.9743016975813488;1.0;;;;;;557.0;1.0;0.0;1.0;0.0;Edible
Tree 5;Tree 5_E_7;0;6;0.1973601914687515;2.9995185336244816;ring-type: p;Split;1;962;5.9117506163940226;0.0;ring-type_p;<=;0.5;Yes;No;1519.0;0.9009860312243221;0.09901396877567789;0.9009860312243221;0.09901396877567789;Edible
Tree 5;Tree 5_E_7;1;8;0.20054308045496702;3.10630061152331;;Edge;0;962;5.800313166857161;1.0;;;;;;962.0;0.8433029908972692;0.15669700910273082;0.8433029908972692;0.15669700910273082;Edible
Tree 5;Tree 5_E_7;2;8;0.20347845337939374;3.213082689422138;;Edge;0;962;5.6888757173202995;1.0;;;;;;962.0;0.8433029908972692;0.15669700910273082;0.8433029908972692;0.15669700910273082;Edible
Tree 5;Tree 5_E_7;3;8;0.20594864827024265;3.3198647673209662;;Edge;0;962;5.577438267783438;1.0;;;;;;962.0;0.8433029908972692;0.15669700910273082;0.8433029908972692;0.15669700910273082;Edible
Tree 5;Tree 5_E_7;4;8;0.20779211049187077;3.4266468452197945;;Edge;0;962;5.466000818246577;1.0;;;;;;962.0;0.8433029908972692;0.15669700910273082;0.8433029908972692;0.15669700910273082;Edible
Tree 5;Tree 5_E_7;5;8;0.20892287861813227;3.5334289231186227;;Edge;0;962;5.354563368709716;1.0;;;;;;962.0;0.8433029908972692;0.15669700910273082;0.8433029908972692;0.15669700910273082;Edible
Tree 5;Tree 5_E_7;6;8;0.20934095264902716;3.640211001017451;;Edge;0;962;5.243125919172854;1.0;;;;;;962.0;0.8433029908972692;0.15669700910273082;0.8433029908972692;0.15669700910273082;Edible
Tree 5;Tree 5_E_7;7;8;0.20913229401070127;3.746993078916279;;Edge;0;962;5.131688469635993;1.0;;;;;;962.0;0.8433029908972692;0.15669700910273082;0.8433029908972692;0.15669700910273082;Edible
Tree 5;Tree 5_E_7;8;8;0.20845845733879756;3.8537751568151073;;Edge;0;962;5.020251020099131;1.0;;;;;;962.0;0.8433029908972692;0.15669700910273082;0.8433029908972692;0.15669700910273082;Edible
Tree 5;Tree 5_E_7;9;8;0.20753710460510505;3.9605572347139355;YES;YES;1;962;4.90881357056227;1.0;;;;;;962.0;0.8433029908972692;0.15669700910273082;0.8433029908972692;0.15669700910273082;Edible
Tree 5;Tree 5_E_8;0;1;0.3243206493795047;1.0206280026026135;habitat: u;Split;1;111;7.3726898928622155;0.0;habitat_u;<=;0.5;Yes;No;2557.0;0.7451887941534714;0.2548112058465286;0.7451887941534714;0.2548112058465286;Edible
Tree 5;Tree 5_E_8;1;9;0.3351495005238055;1.135788991845934;;Edge;0;111;6.812141899323094;0.0;stalk-surface-below-ring_s;<=;0.5;Yes;No;111.0;0.2832369942196532;0.7167630057803468;0.2832369942196532;0.7167630057803468;Poisonous
Tree 5;Tree 5_E_8;2;9;0.34573083560631745;1.2509499810892546;;Edge;0;111;6.251593905783972;0.0;stalk-surface-below-ring_s;<=;0.5;Yes;No;111.0;0.2832369942196532;0.7167630057803468;0.2832369942196532;0.7167630057803468;Poisonous
Tree 5;Tree 5_E_8;3;9;0.35584699265525166;1.3661109703325751;;Edge;0;111;5.69104591224485;0.0;stalk-surface-below-ring_s;<=;0.5;Yes;No;111.0;0.2832369942196532;0.7167630057803468;0.2832369942196532;0.7167630057803468;Poisonous
Tree 5;Tree 5_E_8;4;9;0.365336417034965;1.4812719595758959;;Edge;0;111;5.1304979187057285;0.0;stalk-surface-below-ring_s;<=;0.5;Yes;No;111.0;0.2832369942196532;0.7167630057803468;0.2832369942196532;0.7167630057803468;Poisonous
Tree 5;Tree 5_E_8;5;9;0.3741131473193118;1.5964329488192164;;Edge;0;111;4.569949925166606;0.0;stalk-surface-below-ring_s;<=;0.5;Yes;No;111.0;0.2832369942196532;0.7167630057803468;0.2832369942196532;0.7167630057803468;Poisonous
Tree 5;Tree 5_E_8;6;9;0.3821771835082919;1.711593938062537;;Edge;0;111;4.009401931627485;0.0;stalk-surface-below-ring_s;<=;0.5;Yes;No;111.0;0.2832369942196532;0.7167630057803468;0.2832369942196532;0.7167630057803468;Poisonous
Tree 5;Tree 5_E_8;7;9;0.38961448702805124;1.8267549273058574;;Edge;0;111;3.448853938088363;0.0;stalk-surface-below-ring_s;<=;0.5;Yes;No;111.0;0.2832369942196532;0.7167630057803468;0.2832369942196532;0.7167630057803468;Poisonous
Tree 5;Tree 5_E_8;8;9;0.3965866125142327;1.9419159165491782;;Edge;0;111;2.8883059445492405;0.0;stalk-surface-below-ring_s;<=;0.5;Yes;No;111.0;0.2832369942196532;0.7167630057803468;0.2832369942196532;0.7167630057803468;Poisonous
Tree 5;Tree 5_E_8;9;9;0.4033112219386255;2.0570769057924987;stalk-surface-below-ring: s;Split;1;111;2.3277579510101187;0.0;stalk-surface-below-ring_s;<=;0.5;Yes;No;111.0;0.2832369942196532;0.7167630057803468;0.2832369942196532;0.7167630057803468;Poisonous
Tree 5;Tree 5_E_9;0;9;0.4033112219386255;2.0570769057924987;stalk-surface-below-ring: s;Split;1;22;2.3277579510101183;0.0;stalk-surface-below-ring_s;<=;0.5;Yes;No;111.0;0.2832369942196532;0.7167630057803468;0.2832369942196532;0.7167630057803468;Poisonous
Tree 5;Tree 5_E_9;1;10;0.39188659693603245;2.169499175072997;;Edge;0;22;2.2459082475296905;1.0;;;;;;22.0;0.0;1.0;0.0;1.0;Poisonous
Tree 5;Tree 5_E_9;2;10;0.38070948799522814;2.2819214443534954;;Edge;0;22;2.1640585440492623;1.0;;;;;;22.0;0.0;1.0;0.0;1.0;Poisonous
Tree 5;Tree 5_E_9;3;10;0.36999755708800164;2.394343713633994;;Edge;0;22;2.0822088405688346;1.0;;;;;;22.0;0.0;1.0;0.0;1.0;Poisonous
Tree 5;Tree 5_E_9;4;10;0.35991235884999595;2.506765982914492;;Edge;0;22;2.0003591370884064;1.0;;;;;;22.0;0.0;1.0;0.0;1.0;Poisonous
Tree 5;Tree 5_E_9;5;10;0.3505398547073569;2.6191882521949905;;Edge;0;22;1.9185094336079787;1.0;;;;;;22.0;0.0;1.0;0.0;1.0;Poisonous
Tree 5;Tree 5_E_9;6;10;0.3418800446600844;2.7316105214754893;;Edge;0;22;1.8366597301275507;1.0;;;;;;22.0;0.0;1.0;0.0;1.0;Poisonous
Tree 5;Tree 5_E_9;7;10;0.3338469672820328;2.8440327907559873;;Edge;0;22;1.7548100266471227;1.0;;;;;;22.0;0.0;1.0;0.0;1.0;Poisonous
Tree 5;Tree 5_E_9;8;10;0.32627906793755895;2.956455060036486;;Edge;0;22;1.6729603231666947;1.0;;;;;;22.0;0.0;1.0;0.0;1.0;Poisonous
Tree 5;Tree 5_E_9;9;10;0.31895868465487387;3.0688773293169844;NO;NO;1;22;1.5911106196862668;1.0;;;;;;22.0;0.0;1.0;0.0;1.0;Poisonous
Tree 5;Tree 5_E_10;0;9;0.4033112219386255;2.0570769057924987;stalk-surface-below-ring: s;Split;1;89;2.3277579510101183;0.0;stalk-surface-below-ring_s;<=;0.5;Yes;No;111.0;0.2832369942196532;0.7167630057803468;0.2832369942196532;0.7167630057803468;Poisonous
Tree 5;Tree 5_E_10;1;11;0.4067797832228304;2.1594509315286428;;Edge;0;89;2.3123314487099207;0.0;cap-surface_s;<=;0.5;Yes;No;89.0;0.35507246376811596;0.644927536231884;0.35507246376811596;0.644927536231884;Poisonous
Tree 5;Tree 5_E_10;2;11;0.4100008284452466;2.2618249572647873;;Edge;0;89;2.296904946409723;0.0;cap-surface_s;<=;0.5;Yes;No;89.0;0.35507246376811596;0.644927536231884;0.35507246376811596;0.644927536231884;Poisonous
Tree 5;Tree 5_E_10;3;11;0.41275669563408496;2.3641989830009313;;Edge;0;89;2.2814784441095255;0.0;cap-surface_s;<=;0.5;Yes;No;89.0;0.35507246376811596;0.644927536231884;0.35507246376811596;0.644927536231884;Poisonous
Tree 5;Tree 5_E_10;4;11;0.4148858301537025;2.466573008737076;;Edge;0;89;2.266051941809328;0.0;cap-surface_s;<=;0.5;Yes;No;89.0;0.35507246376811596;0.644927536231884;0.35507246376811596;0.644927536231884;Poisonous
Tree 5;Tree 5_E_10;5;11;0.4163022705779534;2.56894703447322;;Edge;0;89;2.25062543950913;0.0;cap-surface_s;<=;0.5;Yes;No;89.0;0.35507246376811596;0.644927536231884;0.35507246376811596;0.644927536231884;Poisonous
Tree 5;Tree 5_E_10;6;11;0.4170060169068377;2.6713210602093644;;Edge;0;89;2.2351989372089323;0.0;cap-surface_s;<=;0.5;Yes;No;89.0;0.35507246376811596;0.644927536231884;0.35507246376811596;0.644927536231884;Poisonous
Tree 5;Tree 5_E_10;7;11;0.4170830305665012;2.7736950859455085;;Edge;0;89;2.2197724349087347;0.0;cap-surface_s;<=;0.5;Yes;No;89.0;0.35507246376811596;0.644927536231884;0.35507246376811596;0.644927536231884;Poisonous
Tree 5;Tree 5_E_10;8;11;0.4166948661925869;2.8760691116816526;;Edge;0;89;2.204345932608537;0.0;cap-surface_s;<=;0.5;Yes;No;89.0;0.35507246376811596;0.644927536231884;0.35507246376811596;0.644927536231884;Poisonous
Tree 5;Tree 5_E_10;9;11;0.41605918575688383;2.978443137417797;cap-surface: s;Split;1;89;2.1889194303083395;0.0;cap-surface_s;<=;0.5;Yes;No;89.0;0.35507246376811596;0.644927536231884;0.35507246376811596;0.644927536231884;Poisonous
Tree 5;Tree 5_E_11;0;11;0.41605918575688383;2.978443137417797;cap-surface: s;Split;1;50;2.1889194303083395;0.0;cap-surface_s;<=;0.5;Yes;No;89.0;0.35507246376811596;0.644927536231884;0.35507246376811596;0.644927536231884;Poisonous
Tree 5;Tree 5_E_11;1;12;0.41390192831592076;3.083061210509905;;Edge;0;50;2.1558320256828583;1.0;;;;;;50.0;0.6447368421052632;0.35526315789473684;0.6447368421052632;0.35526315789473684;Edible
Tree 5;Tree 5_E_11;2;12;0.4119921869367464;3.187679283602013;;Edge;0;50;2.1227446210573766;1.0;;;;;;50.0;0.6447368421052632;0.35526315789473684;0.6447368421052632;0.35526315789473684;Edible
Tree 5;Tree 5_E_11;3;12;0.4105476235911499;3.292297356694121;;Edge;0;50;2.0896572164318954;1.0;;;;;;50.0;0.6447368421052632;0.35526315789473684;0.6447368421052632;0.35526315789473684;Edible
Tree 5;Tree 5_E_11;4;12;0.4097297929147742;3.396915429786229;;Edge;0;50;2.0565698118064137;1.0;;;;;;50.0;0.6447368421052632;0.35526315789473684;0.6447368421052632;0.35526315789473684;Edible
Tree 5;Tree 5_E_11;5;12;0.40962465633376505;3.501533502878337;;Edge;0;50;2.0234824071809325;1.0;;;;;;50.0;0.6447368421052632;0.35526315789473684;0.6447368421052632;0.35526315789473684;Edible
Tree 5;Tree 5_E_11;6;12;0.4102322138481226;3.6061515759704452;;Edge;0;50;1.990395002555451;1.0;;;;;;50.0;0.6447368421052632;0.35526315789473684;0.6447368421052632;0.35526315789473684;Edible
Tree 5;Tree 5_E_11;7;12;0.41146650403170093;3.710769649062553;;Edge;0;50;1.9573075979299697;1.0;;;;;;50.0;0.6447368421052632;0.35526315789473684;0.6447368421052632;0.35526315789473684;Edible
Tree 5;Tree 5_E_11;8;12;0.41316597224885704;3.815387722154661;;Edge;0;50;1.9242201933044882;1.0;;;;;;50.0;0.6447368421052632;0.35526315789473684;0.6447368421052632;0.35526315789473684;Edible
Tree 5;Tree 5_E_11;9;12;0.41511295652780195;3.920005795246769;YES;YES;1;50;1.8911327886790068;1.0;;;;;;50.0;0.6447368421052632;0.35526315789473684;0.6447368421052632;0.35526315789473684;Edible
Tree 5;Tree 5_E_12;0;11;0.41605918575688383;2.978443137417797;cap-surface: s;Split;1;39;2.1889194303083395;0.0;cap-surface_s;<=;0.5;Yes;No;89.0;0.35507246376811596;0.644927536231884;0.35507246376811596;0.644927536231884;Poisonous
Tree 5;Tree 5_E_12;1;13;0.4240462034245644;3.0897609939253874;;Edge;0;39;2.1442647346047115;1.0;;;;;;39.0;0.0;1.0;0.0;1.0;Poisonous
Tree 5;Tree 5_E_12;2;13;0.4317857050304562;3.201078850432978;;Edge;0;39;2.099610038901083;1.0;;;;;;39.0;0.0;1.0;0.0;1.0;Poisonous
Tree 5;Tree 5_E_12;3;13;0.4390600286027702;3.3123967069405684;;Edge;0;39;2.054955343197455;1.0;;;;;;39.0;0.0;1.0;0.0;1.0;Poisonous
Tree 5;Tree 5_E_12;4;13;0.4457076195058634;3.423714563448159;;Edge;0;39;2.0103006474938265;1.0;;;;;;39.0;0.0;1.0;0.0;1.0;Poisonous
Tree 5;Tree 5_E_12;5;13;0.4516425163135899;3.5350324199557495;;Edge;0;39;1.9656459517901985;1.0;;;;;;39.0;0.0;1.0;0.0;1.0;Poisonous
Tree 5;Tree 5_E_12;6;13;0.4568647190259499;3.64635027646334;;Edge;0;39;1.9209912560865703;1.0;;;;;;39.0;0.0;1.0;0.0;1.0;Poisonous
Tree 5;Tree 5_E_12;7;13;0.46146018906908903;3.7576681329709305;;Edge;0;39;1.876336560382942;1.0;;;;;;39.0;0.0;1.0;0.0;1.0;Poisonous
Tree 5;Tree 5_E_12;8;13;0.46559048107865036;3.868985989478521;;Edge;0;39;1.8316818646793138;1.0;;;;;;39.0;0.0;1.0;0.0;1.0;Poisonous
Tree 5;Tree 5_E_12;9;13;0.46947325702642295;3.9803038459861115;NO;NO;1;39;1.7870271689756856;1.0;;;;;;39.0;0.0;1.0;0.0;1.0;Poisonous
Tree 5;Tree 5_E_13;0;0;0.5;0.08;population: v;Split;1;2543;10.0;0.0;population_v;<=;0.5;Yes;No;5100.0;0.5249876907927129;0.47501230920728704;0.5249876907927129;0.47501230920728704;Edible
Tree 5;Tree 5_E_13;1;14;0.5212265485584685;0.18998187742741468;;Edge;0;2543;9.706135575495523;0.0;ring-type_p;<=;0.5;Yes;No;2543.0;0.3000746454341876;0.6999253545658124;0.3000746454341876;0.6999253545658124;Poisonous
Tree 5;Tree 5_E_13;2;14;0.5422055810551482;0.29996375485482935;;Edge;0;2543;9.412271150991044;0.0;ring-type_p;<=;0.5;Yes;No;2543.0;0.3000746454341876;0.6999253545658124;0.3000746454341876;0.6999253545658124;Poisonous
Tree 5;Tree 5_E_13;3;14;0.5627194355182501;0.409945632282244;;Edge;0;2543;9.118406726486565;0.0;ring-type_p;<=;0.5;Yes;No;2543.0;0.3000746454341876;0.6999253545658124;0.3000746454341876;0.6999253545658124;Poisonous
Tree 5;Tree 5_E_13;4;14;0.5826065573121312;0.5199275097096586;;Edge;0;2543;8.824542301982088;0.0;ring-type_p;<=;0.5;Yes;No;2543.0;0.3000746454341876;0.6999253545658124;0.3000746454341876;0.6999253545658124;Poisonous
Tree 5;Tree 5_E_13;5;14;0.6017809850106456;0.6299093871370733;;Edge;0;2543;8.530677877477611;0.0;ring-type_p;<=;0.5;Yes;No;2543.0;0.3000746454341876;0.6999253545658124;0.3000746454341876;0.6999253545658124;Poisonous
Tree 5;Tree 5_E_13;6;14;0.6202427186137935;0.739891264564488;;Edge;0;2543;8.236813452973132;0.0;ring-type_p;<=;0.5;Yes;No;2543.0;0.3000746454341876;0.6999253545658124;0.3000746454341876;0.6999253545658124;Poisonous
Tree 5;Tree 5_E_13;7;14;0.6380777195477205;0.8498731419919026;;Edge;0;2543;7.9429490284686555;0.0;ring-type_p;<=;0.5;Yes;No;2543.0;0.3000746454341876;0.6999253545658124;0.3000746454341876;0.6999253545658124;Poisonous
Tree 5;Tree 5_E_13;8;14;0.6554475424480698;0.9598550194193173;;Edge;0;2543;7.649084603964177;0.0;ring-type_p;<=;0.5;Yes;No;2543.0;0.3000746454341876;0.6999253545658124;0.3000746454341876;0.6999253545658124;Poisonous
Tree 5;Tree 5_E_13;9;14;0.6725698492866303;1.069836896846732;ring-type: p;Split;1;2543;7.355220179459699;0.0;ring-type_p;<=;0.5;Yes;No;2543.0;0.3000746454341876;0.6999253545658124;0.3000746454341876;0.6999253545658124;Poisonous
Tree 5;Tree 5_E_14;0;14;0.6725698492866303;1.069836896846732;ring-type: p;Split;1;1537;7.355220179459699;0.0;ring-type_p;<=;0.5;Yes;No;2543.0;0.3000746454341876;0.6999253545658124;0.3000746454341876;0.6999253545658124;Poisonous
Tree 5;Tree 5_E_14;1;15;0.6697629029394947;1.1793784690039517;;Edge;0;1537;7.198058691712959;0.0;gill-spacing_c;<=;0.5;Yes;No;1537.0;0.028151774785801713;0.9718482252141983;0.028151774785801713;0.9718482252141983;Poisonous
Tree 5;Tree 5_E_14;2;15;0.6672034726541479;1.2889200411611714;;Edge;0;1537;7.040897203966219;0.0;gill-spacing_c;<=;0.5;Yes;No;1537.0;0.028151774785801713;0.9718482252141983;0.028151774785801713;0.9718482252141983;Poisonous
Tree 5;Tree 5_E_14;3;15;0.6651092204023789;1.398461613318391;;Edge;0;1537;6.88373571621948;0.0;gill-spacing_c;<=;0.5;Yes;No;1537.0;0.028151774785801713;0.9718482252141983;0.028151774785801713;0.9718482252141983;Poisonous
Tree 5;Tree 5_E_14;4;15;0.6636417008198308;1.5080031854756109;;Edge;0;1537;6.726574228472741;0.0;gill-spacing_c;<=;0.5;Yes;No;1537.0;0.028151774785801713;0.9718482252141983;0.028151774785801713;0.9718482252141983;Poisonous
Tree 5;Tree 5_E_14;5;15;0.6628868753326491;1.6175447576328303;;Edge;0;1537;6.569412740726;0.0;gill-spacing_c;<=;0.5;Yes;No;1537.0;0.028151774785801713;0.9718482252141983;0.028151774785801713;0.9718482252141983;Poisonous
Tree 5;Tree 5_E_14;6;15;0.6628447439408341;1.72708632979005;;Edge;0;1537;6.412251252979261;0.0;gill-spacing_c;<=;0.5;Yes;No;1537.0;0.028151774785801713;0.9718482252141983;0.028151774785801713;0.9718482252141983;Poisonous
Tree 5;Tree 5_E_14;7;15;0.6634293452182399;1.8366279019472698;;Edge;0;1537;6.255089765232522;0.0;gill-spacing_c;<=;0.5;Yes;No;1537.0;0.028151774785801713;0.9718482252141983;0.028151774785801713;0.9718482252141983;Poisonous
Tree 5;Tree 5_E_14;8;15;0.6644791245292236;1.9461694741044895;;Edge;0;1537;6.0979282774857815;0.0;gill-spacing_c;<=;0.5;Yes;No;1537.0;0.028151774785801713;0.9718482252141983;0.028151774785801713;0.9718482252141983;Poisonous
Tree 5;Tree 5_E_14;9;15;0.665776419901996;2.055711046261709;gill-spacing: c;Split;1;1537;5.940766789739042;0.0;gill-spacing_c;<=;0.5;Yes;No;1537.0;0.028151774785801713;0.9718482252141983;0.028151774785801713;0.9718482252141983;Poisonous
Tree 5;Tree 5_E_15;0;15;0.665776419901996;2.055711046261709;gill-spacing: c;Split;1;31;5.940766789739042;0.0;gill-spacing_c;<=;0.5;Yes;No;1537.0;0.028151774785801713;0.9718482252141983;0.028151774785801713;0.9718482252141983;Poisonous
Tree 5;Tree 5_E_15;1;16;0.6518447241809803;2.156064629269885;;Edge;0;31;5.469756997488577;1.0;;;;;;31.0;1.0;0.0;1.0;0.0;Edible
Tree 5;Tree 5_E_15;2;16;0.6381605445217533;2.2564182122780605;;Edge;0;31;4.998747205238113;1.0;;;;;;31.0;1.0;0.0;1.0;0.0;Edible
Tree 5;Tree 5_E_15;3;16;0.6249415428961043;2.356771795286236;;Edge;0;31;4.527737412987649;1.0;;;;;;31.0;1.0;0.0;1.0;0.0;Edible
Tree 5;Tree 5_E_15;4;16;0.612349273939676;2.4571253782944114;;Edge;0;31;4.056727620737184;1.0;;;;;;31.0;1.0;0.0;1.0;0.0;Edible
Tree 5;Tree 5_E_15;5;16;0.6004696990786142;2.5574789613025875;;Edge;0;31;3.585717828486719;1.0;;;;;;31.0;1.0;0.0;1.0;0.0;Edible
Tree 5;Tree 5_E_15;6;16;0.5893028183129191;2.6578325443107627;;Edge;0;31;3.1147080362362547;1.0;;;;;;31.0;1.0;0.0;1.0;0.0;Edible
Tree 5;Tree 5_E_15;7;16;0.5787626702164449;2.7581861273189383;;Edge;0;31;2.6436982439857903;1.0;;;;;;31.0;1.0;0.0;1.0;0.0;Edible
Tree 5;Tree 5_E_15;8;16;0.5686877001535484;2.858539710327114;;Edge;0;31;2.1726884517353255;1.0;;;;;;31.0;1.0;0.0;1.0;0.0;Edible
Tree 5;Tree 5_E_15;9;16;0.5588602461524407;2.9588932933352896;YES;YES;1;31;1.7016786594848607;1.0;;;;;;31.0;1.0;0.0;1.0;0.0;Edible
Tree 5;Tree 5_E_16;0;15;0.665776419901996;2.055711046261709;gill-spacing: c;Split;1;1506;5.940766789739042;0.0;gill-spacing_c;<=;0.5;Yes;No;1537.0;0.028151774785801713;0.9718482252141983;0.028151774785801713;0.9718482252141983;Poisonous
Tree 5;Tree 5_E_16;1;17;0.6684330856190072;2.15208651028115;;Edge;0;1506;5.935202416337601;0.0;cap-color_r;<=;0.5;Yes;No;1506.0;0.00832639467110741;0.9916736053288926;0.00832639467110741;0.9916736053288926;Poisonous
Tree 5;Tree 5_E_16;2;17;0.6708422352742295;2.248461974300591;;Edge;0;1506;5.929638042936159;0.0;cap-color_r;<=;0.5;Yes;No;1506.0;0.00832639467110741;0.9916736053288926;0.00832639467110741;0.9916736053288926;Poisonous
Tree 5;Tree 5_E_16;3;17;0.6727862068958741;2.344837438320032;;Edge;0;1506;5.924073669534718;0.0;cap-color_r;<=;0.5;Yes;No;1506.0;0.00832639467110741;0.9916736053288926;0.00832639467110741;0.9916736053288926;Poisonous
Tree 5;Tree 5_E_16;4;17;0.6741034458482978;2.441212902339473;;Edge;0;1506;5.918509296133276;0.0;cap-color_r;<=;0.5;Yes;No;1506.0;0.00832639467110741;0.9916736053288926;0.00832639467110741;0.9916736053288926;Poisonous
Tree 5;Tree 5_E_16;5;17;0.6747079907053549;2.537588366358914;;Edge;0;1506;5.912944922731835;0.0;cap-color_r;<=;0.5;Yes;No;1506.0;0.00832639467110741;0.9916736053288926;0.00832639467110741;0.9916736053288926;Poisonous
Tree 5;Tree 5_E_16;6;17;0.6745998414670455;2.633963830378355;;Edge;0;1506;5.9073805493303935;0.0;cap-color_r;<=;0.5;Yes;No;1506.0;0.00832639467110741;0.9916736053288926;0.00832639467110741;0.9916736053288926;Poisonous
Tree 5;Tree 5_E_16;7;17;0.6738649595595153;2.7303392943977958;;Edge;0;1506;5.9018161759289525;0.0;cap-color_r;<=;0.5;Yes;No;1506.0;0.00832639467110741;0.9916736053288926;0.00832639467110741;0.9916736053288926;Poisonous
Tree 5;Tree 5_E_16;8;17;0.6726648996184071;2.8267147584172365;;Edge;0;1506;5.896251802527511;0.0;cap-color_r;<=;0.5;Yes;No;1506.0;0.00832639467110741;0.9916736053288926;0.00832639467110741;0.9916736053288926;Poisonous
Tree 5;Tree 5_E_16;9;17;0.6712173236155103;2.9230902224366777;cap-color: r;Split;1;1506;5.89068742912607;0.0;cap-color_r;<=;0.5;Yes;No;1506.0;0.00832639467110741;0.9916736053288926;0.00832639467110741;0.9916736053288926;Poisonous
Tree 5;Tree 5_E_17;0;17;0.6712173236155103;2.9230902224366777;cap-color: r;Split;1;1502;5.89068742912607;0.0;cap-color_r;<=;0.5;Yes;No;1506.0;0.00832639467110741;0.9916736053288926;0.00832639467110741;0.9916736053288926;Poisonous
Tree 5;Tree 5_E_17;1;18;0.6687247293651519;3.0429073454293962;;Edge;0;1502;5.889965289651757;1.0;;;;;;1502.0;0.005843071786310518;0.9941569282136895;0.005843071786310518;0.9941569282136895;Poisonous
Tree 5;Tree 5_E_17;2;18;0.6664796511765821;3.1627244684221147;;Edge;0;1502;5.889243150177444;1.0;;;;;;1502.0;0.005843071786310518;0.9941569282136895;0.005843071786310518;0.9941569282136895;Poisonous
Tree 5;Tree 5_E_17;3;18;0.6646997510215903;3.2825415914148333;;Edge;0;1502;5.888521010703131;1.0;;;;;;1502.0;0.005843071786310518;0.9941569282136895;0.005843071786310518;0.9941569282136895;Poisonous
Tree 5;Tree 5_E_17;4;18;0.6635465835358193;3.4023587144075513;;Edge;0;1502;5.887798871228818;1.0;;;;;;1502.0;0.005843071786310518;0.9941569282136895;0.005843071786310518;0.9941569282136895;Poisonous
Tree 5;Tree 5_E_17;5;18;0.6631061101454148;3.52217583740027;;Edge;0;1502;5.887076731754505;1.0;;;;;;1502.0;0.005843071786310518;0.9941569282136895;0.005843071786310518;0.9941569282136895;Poisonous
Tree 5;Tree 5_E_17;6;18;0.6633783308503769;3.6419929603929884;;Edge;0;1502;5.886354592280193;1.0;;;;;;1502.0;0.005843071786310518;0.9941569282136895;0.005843071786310518;0.9941569282136895;Poisonous
Tree 5;Tree 5_E_17;7;18;0.6642772842245599;3.761810083385707;;Edge;0;1502;5.885632452805879;1.0;;;;;;1502.0;0.005843071786310518;0.9941569282136895;0.005843071786310518;0.9941569282136895;Poisonous
Tree 5;Tree 5_E_17;8;18;0.6656414156323206;3.8816272063784254;;Edge;0;1502;5.884910313331567;1.0;;;;;;1502.0;0.005843071786310518;0.9941569282136895;0.005843071786310518;0.9941569282136895;Poisonous
Tree 5;Tree 5_E_17;9;18;0.6672530631018702;4.001444329371144;NO;NO;1;1502;5.884188173857254;1.0;;;;;;1502.0;0.005843071786310518;0.9941569282136895;0.005843071786310518;0.9941569282136895;Poisonous
Tree 5;Tree 5_E_18;0;17;0.6712173236155103;2.9230902224366777;cap-color: r;Split;1;4;5.89068742912607;0.0;cap-color_r;<=;0.5;Yes;No;1506.0;0.00832639467110741;0.9916736053288926;0.00832639467110741;0.9916736053288926;Poisonous
Tree 5;Tree 5_E_18;1;19;0.6780764320557797;3.0513751553119355;;Edge;0;4;5.375283316459289;1.0;;;;;;4.0;1.0;0.0;1.0;0.0;Edible
Tree 5;Tree 5_E_18;2;19;0.6846880244342604;3.1796600881871933;;Edge;0;4;4.859879203792508;1.0;;;;;;4.0;1.0;0.0;1.0;0.0;Edible
Tree 5;Tree 5_E_18;3;19;0.6908344387791632;3.307945021062451;;Edge;0;4;4.344475091125727;1.0;;;;;;4.0;1.0;0.0;1.0;0.0;Edible
Tree 5;Tree 5_E_18;4;19;0.6963541204548451;3.4362299539377084;;Edge;0;4;3.829070978458946;1.0;;;;;;4.0;1.0;0.0;1.0;0.0;Edible
Tree 5;Tree 5_E_18;5;19;0.7011611080351604;3.564514886812966;;Edge;0;4;3.313666865792165;1.0;;;;;;4.0;1.0;0.0;1.0;0.0;Edible
Tree 5;Tree 5_E_18;6;19;0.7052554015201092;3.692799819688224;;Edge;0;4;2.7982627531253845;1.0;;;;;;4.0;1.0;0.0;1.0;0.0;Edible
Tree 5;Tree 5_E_18;7;19;0.7087229623358372;3.8210847525634817;;Edge;0;4;2.282858640458604;1.0;;;;;;4.0;1.0;0.0;1.0;0.0;Edible
Tree 5;Tree 5_E_18;8;19;0.7117253451179874;3.9493696854387395;;Edge;0;4;1.7674545277918225;1.0;;;;;;4.0;1.0;0.0;1.0;0.0;Edible
Tree 5;Tree 5_E_18;9;19;0.7144802118383488;4.077654618313997;YES;YES;1;4;1.2520504151250416;1.0;;;;;;4.0;1.0;0.0;1.0;0.0;Edible
Tree 5;Tree 5_E_19;0;14;0.6725698492866303;1.069836896846732;ring-type: p;Split;1;1006;7.355220179459699;0.0;ring-type_p;<=;0.5;Yes;No;2543.0;0.3000746454341876;0.6999253545658124;0.3000746454341876;0.6999253545658124;Poisonous
Tree 5;Tree 5_E_19;1;20;0.6943644892669347;1.1774774819022071;;Edge;0;1006;7.093218482384619;0.0;stalk-shape_t;<=;0.5;Yes;No;1006.0;0.7251275510204082;0.27487244897959184;0.7251275510204082;0.27487244897959184;Edible
Tree 5;Tree 5_E_19;2;20;0.7159116131854505;1.2851180669576823;;Edge;0;1006;6.83121678530954;0.0;stalk-shape_t;<=;0.5;Yes;No;1006.0;0.7251275510204082;0.27487244897959184;0.7251275510204082;0.27487244897959184;Edible
Tree 5;Tree 5_E_19;3;20;0.7369935590703883;1.3927586520131574;;Edge;0;1006;6.5692150882344595;0.0;stalk-shape_t;<=;0.5;Yes;No;1006.0;0.7251275510204082;0.27487244897959184;0.7251275510204082;0.27487244897959184;Edible
Tree 5;Tree 5_E_19;4;20;0.7574487722861053;1.5003992370686325;;Edge;0;1006;6.30721339115938;0.0;stalk-shape_t;<=;0.5;Yes;No;1006.0;0.7251275510204082;0.27487244897959184;0.7251275510204082;0.27487244897959184;Edible
Tree 5;Tree 5_E_19;5;20;0.7771912914064558;1.6080398221241077;;Edge;0;1006;6.0452116940843;0.0;stalk-shape_t;<=;0.5;Yes;No;1006.0;0.7251275510204082;0.27487244897959184;0.7251275510204082;0.27487244897959184;Edible
Tree 5;Tree 5_E_19;6;20;0.7962211164314397;1.7156804071795828;;Edge;0;1006;5.783209997009221;0.0;stalk-shape_t;<=;0.5;Yes;No;1006.0;0.7251275510204082;0.27487244897959184;0.7251275510204082;0.27487244897959184;Edible
Tree 5;Tree 5_E_19;7;20;0.8146242087872027;1.823320992235058;;Edge;0;1006;5.521208299934141;0.0;stalk-shape_t;<=;0.5;Yes;No;1006.0;0.7251275510204082;0.27487244897959184;0.7251275510204082;0.27487244897959184;Edible
Tree 5;Tree 5_E_19;8;20;0.8325621231093878;1.930961577290533;;Edge;0;1006;5.259206602859061;0.0;stalk-shape_t;<=;0.5;Yes;No;1006.0;0.7251275510204082;0.27487244897959184;0.7251275510204082;0.27487244897959184;Edible
Tree 5;Tree 5_E_19;9;20;0.8502525213697844;2.038602162346008;stalk-shape: t;Split;1;1006;4.997204905783982;0.0;stalk-shape_t;<=;0.5;Yes;No;1006.0;0.7251275510204082;0.27487244897959184;0.7251275510204082;0.27487244897959184;Edible
Tree 5;Tree 5_E_20;0;20;0.8502525213697844;2.038602162346008;stalk-shape: t;Split;1;287;4.997204905783982;0.0;stalk-shape_t;<=;0.5;Yes;No;1006.0;0.7251275510204082;0.27487244897959184;0.7251275510204082;0.27487244897959184;Edible
Tree 5;Tree 5_E_20;1;21;0.8465053186335502;2.1390077575652855;;Edge;0;287;4.79029351745232;0.0;gill-attachment_a;<=;0.5;Yes;No;287.0;0.3187066974595843;0.6812933025404158;0.3187066974595843;0.6812933025404158;Poisonous
Tree 5;Tree 5_E_20;2;21;0.8430056319591047;2.2394133527845623;;Edge;0;287;4.5833821291206585;0.0;gill-attachment_a;<=;0.5;Yes;No;287.0;0.3187066974595843;0.6812933025404158;0.3187066974595843;0.6812933025404158;Poisonous
Tree 5;Tree 5_E_20;3;21;0.8399711233182371;2.3398189480038396;;Edge;0;287;4.376470740788996;0.0;gill-attachment_a;<=;0.5;Yes;No;287.0;0.3187066974595843;0.6812933025404158;0.3187066974595843;0.6812933025404158;Poisonous
Tree 5;Tree 5_E_20;4;21;0.8375633473465903;2.4402245432231164;;Edge;0;287;4.169559352457334;0.0;gill-attachment_a;<=;0.5;Yes;No;287.0;0.3187066974595843;0.6812933025404158;0.3187066974595843;0.6812933025404158;Poisonous
Tree 5;Tree 5_E_20;5;21;0.8358682654703101;2.5406301384423937;;Edge;0;287;3.962647964125672;0.0;gill-attachment_a;<=;0.5;Yes;No;287.0;0.3187066974595843;0.6812933025404158;0.3187066974595843;0.6812933025404158;Poisonous
Tree 5;Tree 5_E_20;6;21;0.8348858776893965;2.6410357336616705;;Edge;0;287;3.7557365757940104;0.0;gill-attachment_a;<=;0.5;Yes;No;287.0;0.3187066974595843;0.6812933025404158;0.3187066974595843;0.6812933025404158;Poisonous
Tree 5;Tree 5_E_20;7;21;0.8345302225777037;2.741441328880948;;Edge;0;287;3.5488251874623487;0.0;gill-attachment_a;<=;0.5;Yes;No;287.0;0.3187066974595843;0.6812933025404158;0.3187066974595843;0.6812933025404158;Poisonous
Tree 5;Tree 5_E_20;8;21;0.8346397454995887;2.8418469241002247;;Edge;0;287;3.341913799130687;0.0;gill-attachment_a;<=;0.5;Yes;No;287.0;0.3187066974595843;0.6812933025404158;0.3187066974595843;0.6812933025404158;Poisonous
Tree 5;Tree 5_E_20;9;21;0.8349967844832625;2.942252519319502;gill-attachment: a;Split;1;287;3.1350024107990246;0.0;gill-attachment_a;<=;0.5;Yes;No;287.0;0.3187066974595843;0.6812933025404158;0.3187066974595843;0.6812933025404158;Poisonous
Tree 5;Tree 5_E_21;0;21;0.8349967844832625;2.942252519319502;gill-attachment: a;Split;1;231;3.1350024107990246;0.0;gill-attachment_a;<=;0.5;Yes;No;287.0;0.3187066974595843;0.6812933025404158;0.3187066974595843;0.6812933025404158;Poisonous
Tree 5;Tree 5_E_21;1;22;0.8262504674991277;3.0521819569628574;;Edge;0;231;3.110604067947015;1.0;;;;;;231.0;0.1643059490084986;0.8356940509915014;0.1643059490084986;0.8356940509915014;Poisonous
Tree 5;Tree 5_E_21;2;22;0.8177516665767816;3.1621113946062125;;Edge;0;231;3.086205725095006;1.0;;;;;;231.0;0.1643059490084986;0.8356940509915014;0.1643059490084986;0.8356940509915014;Poisonous
Tree 5;Tree 5_E_21;3;22;0.8097180436880133;3.272040832249568;;Edge;0;231;3.0618073822429963;1.0;;;;;;231.0;0.1643059490084986;0.8356940509915014;0.1643059490084986;0.8356940509915014;Poisonous
Tree 5;Tree 5_E_21;4;22;0.8023111534684658;3.381970269892923;;Edge;0;231;3.0374090393909867;1.0;;;;;;231.0;0.1643059490084986;0.8356940509915014;0.1643059490084986;0.8356940509915014;Poisonous
Tree 5;Tree 5_E_21;5;22;0.7956169573442848;3.4918997075362785;;Edge;0;231;3.0130106965389776;1.0;;;;;;231.0;0.1643059490084986;0.8356940509915014;0.1643059490084986;0.8356940509915014;Poisonous
Tree 5;Tree 5_E_21;6;22;0.7896354553154705;3.6018291451796336;;Edge;0;231;2.988612353686968;1.0;;;;;;231.0;0.1643059490084986;0.8356940509915014;0.1643059490084986;0.8356940509915014;Poisonous
Tree 5;Tree 5_E_21;7;22;0.7842806859558771;3.711758582822989;;Edge;0;231;2.9642140108349584;1.0;;;;;;231.0;0.1643059490084986;0.8356940509915014;0.1643059490084986;0.8356940509915014;Poisonous
Tree 5;Tree 5_E_21;8;22;0.7793910946298614;3.821688020466344;;Edge;0;231;2.9398156679829492;1.0;;;;;;231.0;0.1643059490084986;0.8356940509915014;0.1643059490084986;0.8356940509915014;Poisonous
Tree 5;Tree 5_E_21;9;22;0.7747490193656346;3.9316174581096996;NO;NO;1;231;2.9154173251309397;1.0;;;;;;231.0;0.1643059490084986;0.8356940509915014;0.1643059490084986;0.8356940509915014;Poisonous
Tree 5;Tree 5_E_22;0;21;0.8349967844832625;2.942252519319502;gill-attachment: a;Split;1;56;3.1350024107990246;0.0;gill-attachment_a;<=;0.5;Yes;No;287.0;0.3187066974595843;0.6812933025404158;0.3187066974595843;0.6812933025404158;Poisonous
Tree 5;Tree 5_E_22;1;23;0.8375864314709683;3.0622780837704835;;Edge;0;56;3.0025672871093607;1.0;;;;;;56.0;1.0;0.0;1.0;0.0;Edible
Tree 5;Tree 5_E_22;2;23;0.8399285623968855;3.182303648221465;;Edge;0;56;2.8701321634196972;1.0;;;;;;56.0;1.0;0.0;1.0;0.0;Edible
Tree 5;Tree 5_E_22;3;23;0.8418055152892248;3.3023292126724466;;Edge;0;56;2.7376970397300333;1.0;;;;;;56.0;1.0;0.0;1.0;0.0;Edible
Tree 5;Tree 5_E_22;4;23;0.8430557355123431;3.422354777123428;;Edge;0;56;2.6052619160403694;1.0;;;;;;56.0;1.0;0.0;1.0;0.0;Edible
Tree 5;Tree 5_E_22;5;23;0.8435932616400951;3.54238034157441;;Edge;0;56;2.472826792350706;1.0;;;;;;56.0;1.0;0.0;1.0;0.0;Edible
Tree 5;Tree 5_E_22;6;23;0.8434180936724803;3.6624059060253913;;Edge;0;56;2.3403916686610424;1.0;;;;;;56.0;1.0;0.0;1.0;0.0;Edible
Tree 5;Tree 5_E_22;7;23;0.8426161930356447;3.7824314704763733;;Edge;0;56;2.2079565449713785;1.0;;;;;;56.0;1.0;0.0;1.0;0.0;Edible
Tree 5;Tree 5_E_22;8;23;0.8413491143652314;3.902457034927355;;Edge;0;56;2.0755214212817146;1.0;;;;;;56.0;1.0;0.0;1.0;0.0;Edible
Tree 5;Tree 5_E_22;9;23;0.8398345196330292;4.022482599378336;YES;YES;1;56;1.9430862975920509;1.0;;;;;;56.0;1.0;0.0;1.0;0.0;Edible
Tree 5;Tree 5_E_23;0;20;0.8502525213697844;2.038602162346008;stalk-shape: t;Split;1;719;4.997204905783982;0.0;stalk-shape_t;<=;0.5;Yes;No;1006.0;0.7251275510204082;0.27487244897959184;0.7251275510204082;0.27487244897959184;Edible
Tree 5;Tree 5_E_23;1;24;0.8644249232941448;2.1543104576245127;;Edge;0;719;4.928544584564127;0.0;spore-print-color_n;<=;0.5;Yes;No;719.0;0.8801762114537445;0.1198237885462555;0.8801762114537445;0.1198237885462555;Edible
Tree 5;Tree 5_E_23;2;24;0.8783498091567166;2.2700187529030167;;Edge;0;719;4.859884263344272;0.0;spore-print-color_n;<=;0.5;Yes;No;719.0;0.8801762114537445;0.1198237885462555;0.8801762114537445;0.1198237885462555;Edible
Tree 5;Tree 5_E_23;3;24;0.8918095169857104;2.385727048181521;;Edge;0;719;4.791223942124417;0.0;spore-print-color_n;<=;0.5;Yes;No;719.0;0.8801762114537445;0.1198237885462555;0.8801762114537445;0.1198237885462555;Edible
Tree 5;Tree 5_E_23;4;24;0.9046424921454834;2.501435343460025;;Edge;0;719;4.722563620904562;0.0;spore-print-color_n;<=;0.5;Yes;No;719.0;0.8801762114537445;0.1198237885462555;0.8801762114537445;0.1198237885462555;Edible
Tree 5;Tree 5_E_23;5;24;0.91676277320989;2.6171436387385296;;Edge;0;719;4.653903299684707;0.0;spore-print-color_n;<=;0.5;Yes;No;719.0;0.8801762114537445;0.1198237885462555;0.8801762114537445;0.1198237885462555;Edible
Tree 5;Tree 5_E_23;6;24;0.9281703601789298;2.7328519340170336;;Edge;0;719;4.585242978464851;0.0;spore-print-color_n;<=;0.5;Yes;No;719.0;0.8801762114537445;0.1198237885462555;0.8801762114537445;0.1198237885462555;Edible
Tree 5;Tree 5_E_23;7;24;0.9389512144787489;2.848560229295538;;Edge;0;719;4.516582657244997;0.0;spore-print-color_n;<=;0.5;Yes;No;719.0;0.8801762114537445;0.1198237885462555;0.8801762114537445;0.1198237885462555;Edible
Tree 5;Tree 5_E_23;8;24;0.9492668907449902;2.964268524574042;;Edge;0;719;4.447922336025142;0.0;spore-print-color_n;<=;0.5;Yes;No;719.0;0.8801762114537445;0.1198237885462555;0.8801762114537445;0.1198237885462555;Edible
Tree 5;Tree 5_E_23;9;24;0.9593350509494426;3.0799768198525466;spore-print-color: n;Split;1;719;4.3792620148052865;0.0;spore-print-color_n;<=;0.5;Yes;No;719.0;0.8801762114537445;0.1198237885462555;0.8801762114537445;0.1198237885462555;Edible
Tree 5;Tree 5_E_24;0;24;0.9593350509494426;3.0799768198525466;spore-print-color: n;Split;1;396;4.3792620148052865;0.0;spore-print-color_n;<=;0.5;Yes;No;719.0;0.8801762114537445;0.1198237885462555;0.8801762114537445;0.1198237885462555;Edible
Tree 5;Tree 5_E_24;1;25;0.950451350861797;3.184286223404857;;Edge;0;396;4.282440676012394;1.0;;;;;;396.0;0.7851500789889415;0.21484992101105846;0.7851500789889415;0.21484992101105846;Edible
Tree 5;Tree 5_E_24;2;25;0.9418151668359402;3.2885956269571675;;Edge;0;396;4.1856193372195;1.0;;;;;;396.0;0.7851500789889415;0.21484992101105846;0.7851500789889415;0.21484992101105846;Edible
Tree 5;Tree 5_E_24;3;25;0.9336441608436612;3.392905030509478;;Edge;0;396;4.088797998426608;1.0;;;;;;396.0;0.7851500789889415;0.21484992101105846;0.7851500789889415;0.21484992101105846;Edible
Tree 5;Tree 5_E_24;4;25;0.926099887520603;3.4972144340617883;;Edge;0;396;3.9919766596337145;1.0;;;;;;396.0;0.7851500789889415;0.21484992101105846;0.7851500789889415;0.21484992101105846;Edible
Tree 5;Tree 5_E_24;5;25;0.9192683082929115;3.601523837614099;;Edge;0;396;3.8951553208408214;1.0;;;;;;396.0;0.7851500789889415;0.21484992101105846;0.7851500789889415;0.21484992101105846;Edible
Tree 5;Tree 5_E_24;6;25;0.9131494231605864;3.7058332411664097;;Edge;0;396;3.7983339820479287;1.0;;;;;;396.0;0.7851500789889415;0.21484992101105846;0.7851500789889415;0.21484992101105846;Edible
Tree 5;Tree 5_E_24;7;25;0.9076572706974823;3.81014264471872;;Edge;0;396;3.7015126432550356;1.0;;;;;;396.0;0.7851500789889415;0.21484992101105846;0.7851500789889415;0.21484992101105846;Edible
Tree 5;Tree 5_E_24;8;25;0.902630296267956;3.9144520482710305;;Edge;0;396;3.6046913044621425;1.0;;;;;;396.0;0.7851500789889415;0.21484992101105846;0.7851500789889415;0.21484992101105846;Edible
Tree 5;Tree 5_E_24;9;25;0.8978508379002184;4.018761451823341;YES;YES;1;396;3.5078699656692494;1.0;;;;;;396.0;0.7851500789889415;0.21484992101105846;0.7851500789889415;0.21484992101105846;Edible
Tree 5;Tree 5_E_25;0;24;0.9593350509494426;3.0799768198525466;spore-print-color: n;Split;1;323;4.3792620148052865;0.0;spore-print-color_n;<=;0.5;Yes;No;719.0;0.8801762114537445;0.1198237885462555;0.8801762114537445;0.1198237885462555;Edible
Tree 5;Tree 5_E_25;1;26;0.9622728859667962;3.1743903356548713;;Edge;0;323;4.255449605447057;1.0;;;;;;323.0;1.0;0.0;1.0;0.0;Edible
Tree 5;Tree 5_E_25;2;26;0.964963204922361;3.2688038514571964;;Edge;0;323;4.131637196088828;1.0;;;;;;323.0;1.0;0.0;1.0;0.0;Edible
Tree 5;Tree 5_E_25;3;26;0.9671883458443481;3.363217367259521;;Edge;0;323;4.007824786730599;1.0;;;;;;323.0;1.0;0.0;1.0;0.0;Edible
Tree 5;Tree 5_E_25;4;26;0.9687867540971142;3.457630883061846;;Edge;0;323;3.88401237737237;1.0;;;;;;323.0;1.0;0.0;1.0;0.0;Edible
Tree 5;Tree 5_E_25;5;26;0.9696724682545138;3.552044398864171;;Edge;0;323;3.760199968014141;1.0;;;;;;323.0;1.0;0.0;1.0;0.0;Edible
Tree 5;Tree 5_E_25;6;26;0.9698454883165468;3.6464579146664957;;Edge;0;323;3.6363875586559122;1.0;;;;;;323.0;1.0;0.0;1.0;0.0;Edible
Tree 5;Tree 5_E_25;7;26;0.9693917757093591;3.7408714304688204;;Edge;0;323;3.512575149297683;1.0;;;;;;323.0;1.0;0.0;1.0;0.0;Edible
Tree 5;Tree 5_E_25;8;26;0.9684728850685934;3.8352849462711456;;Edge;0;323;3.388762739939454;1.0;;;;;;323.0;1.0;0.0;1.0;0.0;Edible
Tree 5;Tree 5_E_25;9;26;0.967306478366039;3.9296984620734703;YES;YES;1;323;3.264950330581225;1.0;;;;;;323.0;1.0;0.0;1.0;0.0;Edible
Tree 6;Tree 6_TRUNK;0;-1;0.5;-0.92;;Trunk;0;5189;11.0;;;;;;;;;;;;
Tree 6;Tree 6_TRUNK;1;-1;0.5065082560867634;-0.7771428571428571;;Trunk;0;5189;10.714285714285714;;;;;;;;;;;;
Tree 6;Tree 6_TRUNK;2;-1;0.5117274722370204;-0.6342857142857143;;Trunk;0;5189;10.428571428571429;;;;;;;;;;;;
Tree 6;Tree 6_TRUNK;3;-1;0.5146239186827274;-0.4914285714285715;;Trunk;0;5189;10.142857142857142;;;;;;;;;;;;
Tree 6;Tree 6_TRUNK;4;-1;0.5146239186827274;-0.34857142857142864;;Trunk;0;5189;9.857142857142858;;;;;;;;;;;;
Tree 6;Tree 6_TRUNK;5;-1;0.5117274722370204;-0.20571428571428574;;Trunk;0;5189;9.571428571428571;;;;;;;;;;;;
Tree 6;Tree 6_TRUNK;6;-1;0.5065082560867634;-0.06285714285714294;;Trunk;0;5189;9.285714285714286;;;;;;;;;;;;
Tree 6;Tree 6_TRUNK;7;-1;0.5;0.07999999999999996;;Trunk;0;5189;9.0;;;;;;;;;;;;
Tree 6;Tree 6_E_0;0;0;0.5;0.08;gill-spacing: c;Split;1;866;10.0;0.0;gill-spacing_c;<=;0.5;Yes;No;5189.0;0.5243722304283605;0.4756277695716396;0.5243722304283605;0.4756277695716396;Edible
Tree 6;Tree 6_E_0;1;1;0.4784279512933243;0.1845142225114015;;Edge;0;866;9.408523562665179;0.0;habitat_d;<=;0.5;Yes;No;866.0;0.9145427286356822;0.08545727136431784;0.9145427286356822;0.08545727136431784;Edible
Tree 6;Tree 6_E_0;2;1;0.4571034186484374;0.289028445022803;;Edge;0;866;8.817047125330356;0.0;habitat_d;<=;0.5;Yes;No;866.0;0.9145427286356822;0.08545727136431784;0.9145427286356822;0.08545727136431784;Edible
Tree 6;Tree 6_E_0;3;1;0.43624406403712823;0.3935426675342045;;Edge;0;866;8.225570687995535;0.0;habitat_d;<=;0.5;Yes;No;866.0;0.9145427286356822;0.08545727136431784;0.9145427286356822;0.08545727136431784;Edible
Tree 6;Tree 6_E_0;4;1;0.41601144209503993;0.49805689004560605;;Edge;0;866;7.634094250660713;0.0;habitat_d;<=;0.5;Yes;No;866.0;0.9145427286356822;0.08545727136431784;0.9145427286356822;0.08545727136431784;Edible
Tree 6;Tree 6_E_0;5;1;0.39649151424831824;0.6025711125570076;;Edge;0;866;7.042617813325892;0.0;habitat_d;<=;0.5;Yes;No;866.0;0.9145427286356822;0.08545727136431784;0.9145427286356822;0.08545727136431784;Edible
Tree 6;Tree 6_E_0;6;1;0.3776842804969632;0.707085335068409;;Edge;0;866;6.45114137599107;0.0;habitat_d;<=;0.5;Yes;No;866.0;0.9145427286356822;0.08545727136431784;0.9145427286356822;0.08545727136431784;Edible
Tree 6;Tree 6_E_0;7;1;0.3595037794148289;0.8115995575798104;;Edge;0;866;5.859664938656248;0.0;habitat_d;<=;0.5;Yes;No;866.0;0.9145427286356822;0.08545727136431784;0.9145427286356822;0.08545727136431784;Edible
Tree 6;Tree 6_E_0;8;1;0.3417884563662724;0.916113780091212;;Edge;0;866;5.2681885013214265;0.0;habitat_d;<=;0.5;Yes;No;866.0;0.9145427286356822;0.08545727136431784;0.9145427286356822;0.08545727136431784;Edible
Tree 6;Tree 6_E_0;9;1;0.3243206493795047;1.0206280026026135;habitat: d;Split;1;866;4.676712063986605;0.0;habitat_d;<=;0.5;Yes;No;866.0;0.9145427286356822;0.08545727136431784;0.9145427286356822;0.08545727136431784;Edible
Tree 6;Tree 6_E_1;0;1;0.3243206493795047;1.0206280026026135;habitat: d;Split;1;733;4.676712063986605;0.0;habitat_d;<=;0.5;Yes;No;866.0;0.9145427286356822;0.08545727136431784;0.9145427286356822;0.08545727136431784;Edible
Tree 6;Tree 6_E_1;1;2;0.29546448573083955;1.121740209233916;;Edge;0;733;4.644034691205757;0.0;habitat_g;<=;0.5;Yes;No;733.0;0.9893617021276596;0.010638297872340425;0.9893617021276596;0.010638297872340425;Edible
Tree 6;Tree 6_E_1;2;2;0.26685583814396313;1.2228524158652185;;Edge;0;733;4.6113573184249095;0.0;habitat_g;<=;0.5;Yes;No;733.0;0.9893617021276596;0.010638297872340425;0.9893617021276596;0.010638297872340425;Edible
Tree 6;Tree 6_E_1;3;2;0.23871236859066455;1.323964622496521;;Edge;0;733;4.578679945644063;0.0;habitat_g;<=;0.5;Yes;No;733.0;0.9893617021276596;0.010638297872340425;0.9893617021276596;0.010638297872340425;Edible
Tree 6;Tree 6_E_1;4;2;0.21119563170658676;1.4250768291278235;;Edge;0;733;4.546002572863215;0.0;habitat_g;<=;0.5;Yes;No;733.0;0.9893617021276596;0.010638297872340425;0.9893617021276596;0.010638297872340425;Edible
Tree 6;Tree 6_E_1;5;2;0.18439158891787558;1.526189035759126;;Edge;0;733;4.513325200082368;0.0;habitat_g;<=;0.5;Yes;No;733.0;0.9893617021276596;0.010638297872340425;0.9893617021276596;0.010638297872340425;Edible
Tree 6;Tree 6_E_1;6;2;0.158300240224531;1.6273012423904283;;Edge;0;733;4.48064782730152;0.0;habitat_g;<=;0.5;Yes;No;733.0;0.9893617021276596;0.010638297872340425;0.9893617021276596;0.010638297872340425;Edible
Tree 6;Tree 6_E_1;7;2;0.13283562420040726;1.7284134490217307;;Edge;0;733;4.447970454520673;0.0;habitat_g;<=;0.5;Yes;No;733.0;0.9893617021276596;0.010638297872340425;0.9893617021276596;0.010638297872340425;Edible
Tree 6;Tree 6_E_1;8;2;0.10783618620986127;1.8295256556530335;;Edge;0;733;4.415293081739826;0.0;habitat_g;<=;0.5;Yes;No;733.0;0.9893617021276596;0.010638297872340425;0.9893617021276596;0.010638297872340425;Edible
Tree 6;Tree 6_E_1;9;2;0.0830842642811041;1.9306378622843359;habitat: g;Split;1;733;4.382615708958978;0.0;habitat_g;<=;0.5;Yes;No;733.0;0.9893617021276596;0.010638297872340425;0.9893617021276596;0.010638297872340425;Edible
Tree 6;Tree 6_E_2;0;2;0.08308426428110409;1.9306378622843359;habitat: g;Split;1;46;4.382615708958978;0.0;habitat_g;<=;0.5;Yes;No;733.0;0.9893617021276596;0.010638297872340425;0.9893617021276596;0.010638297872340425;Edible
Tree 6;Tree 6_E_2;1;3;0.07930719030965068;2.043189426304337;;Edge;0;46;4.1009231516814175;0.0;bruises_f;<=;0.5;Yes;No;46.0;0.8235294117647058;0.17647058823529413;0.8235294117647058;0.17647058823529413;Edible
Tree 6;Tree 6_E_2;2;3;0.07577763239998607;2.1557409903243383;;Edge;0;46;3.819230594403857;0.0;bruises_f;<=;0.5;Yes;No;46.0;0.8235294117647058;0.17647058823529413;0.8235294117647058;0.17647058823529413;Edible
Tree 6;Tree 6_E_2;3;3;0.07271325252389926;2.2682925543443395;;Edge;0;46;3.5375380371262963;0.0;bruises_f;<=;0.5;Yes;No;46.0;0.8235294117647058;0.17647058823529413;0.8235294117647058;0.17647058823529413;Edible
Tree 6;Tree 6_E_2;4;3;0.07027560531703325;2.3808441183643407;;Edge;0;46;3.2558454798487357;0.0;bruises_f;<=;0.5;Yes;No;46.0;0.8235294117647058;0.17647058823529413;0.8235294117647058;0.17647058823529413;Edible
Tree 6;Tree 6_E_2;5;3;0.06855065220553386;2.4933956823843424;;Edge;0;46;2.974152922571175;0.0;bruises_f;<=;0.5;Yes;No;46.0;0.8235294117647058;0.17647058823529413;0.8235294117647058;0.17647058823529413;Edible
Tree 6;Tree 6_E_2;6;3;0.06753839318940108;2.6059472464043436;;Edge;0;46;2.6924603652936145;0.0;bruises_f;<=;0.5;Yes;No;46.0;0.8235294117647058;0.17647058823529413;0.8235294117647058;0.17647058823529413;Edible
Tree 6;Tree 6_E_2;7;3;0.06715286684248908;2.718498810424345;;Edge;0;46;2.410767808016054;0.0;bruises_f;<=;0.5;Yes;No;46.0;0.8235294117647058;0.17647058823529413;0.8235294117647058;0.17647058823529413;Edible
Tree 6;Tree 6_E_2;8;3;0.06723251852915489;2.831050374444346;;Edge;0;46;2.1290752507384934;0.0;bruises_f;<=;0.5;Yes;No;46.0;0.8235294117647058;0.17647058823529413;0.8235294117647058;0.17647058823529413;Edible
Tree 6;Tree 6_E_2;9;3;0.06755968627760951;2.9436019384643473;bruises: f;Split;1;46;1.8473826934609328;0.0;bruises_f;<=;0.5;Yes;No;46.0;0.8235294117647058;0.17647058823529413;0.8235294117647058;0.17647058823529413;Edible
Tree 6;Tree 6_E_3;0;3;0.06755968627760951;2.9436019384643473;bruises: f;Split;1;6;1.847382693460933;0.0;bruises_f;<=;0.5;Yes;No;46.0;0.8235294117647058;0.17647058823529413;0.8235294117647058;0.17647058823529413;Edible
Tree 6;Tree 6_E_3;1;4;0.06232041655049479;3.065454795714105;;Edge;0;6;1.787233357001633;1.0;;;;;;6.0;0.0;1.0;0.0;1.0;Poisonous
Tree 6;Tree 6_E_3;2;4;0.05732866288516888;3.187307652963863;;Edge;0;6;1.7270840205423332;1.0;;;;;;6.0;0.0;1.0;0.0;1.0;Poisonous
Tree 6;Tree 6_E_3;3;4;0.05280208725342079;3.3091605102136215;;Edge;0;6;1.6669346840830332;1.0;;;;;;6.0;0.0;1.0;0.0;1.0;Poisonous
Tree 6;Tree 6_E_3;4;4;0.04890224429089347;3.4310133674633794;;Edge;0;6;1.6067853476237333;1.0;;;;;;6.0;0.0;1.0;0.0;1.0;Poisonous
Tree 6;Tree 6_E_3;5;4;0.04571509542373277;3.5528662247131373;;Edge;0;6;1.5466360111644333;1.0;;;;;;6.0;0.0;1.0;0.0;1.0;Poisonous
Tree 6;Tree 6_E_3;6;4;0.043240640651938694;3.674719081962895;;Edge;0;6;1.4864866747051335;1.0;;;;;;6.0;0.0;1.0;0.0;1.0;Poisonous
Tree 6;Tree 6_E_3;7;4;0.04139291854936538;3.796571939212653;;Edge;0;6;1.4263373382458338;1.0;;;;;;6.0;0.0;1.0;0.0;1.0;Poisonous
Tree 6;Tree 6_E_3;8;4;0.04001037448036991;3.9184247964624115;;Edge;0;6;1.3661880017865338;1.0;;;;;;6.0;0.0;1.0;0.0;1.0;Poisonous
Tree 6;Tree 6_E_3;9;4;0.03887534647316322;4.040277653712169;NO;NO;1;6;1.3060386653272338;1.0;;;;;;6.0;0.0;1.0;0.0;1.0;Poisonous
Tree 6;Tree 6_E_4;0;3;0.06755968627760951;2.9436019384643473;bruises: f;Split;1;40;1.847382693460933;0.0;bruises_f;<=;0.5;Yes;No;46.0;0.8235294117647058;0.17647058823529413;0.8235294117647058;0.17647058823529413;Edible
Tree 6;Tree 6_E_4;1;5;0.07128506354248335;3.0695538619878304;;Edge;0;40;1.841027775973268;1.0;;;;;;40.0;0.9491525423728814;0.05084745762711865;0.9491525423728814;0.05084745762711865;Edible
Tree 6;Tree 6_E_4;2;5;0.0747629247455684;3.195505785511314;;Edge;0;40;1.834672858485603;1.0;;;;;;40.0;0.9491525423728814;0.05084745762711865;0.9491525423728814;0.05084745762711865;Edible
Tree 6;Tree 6_E_4;3;5;0.07777560791507561;3.321457709034797;;Edge;0;40;1.828317940997938;1.0;;;;;;40.0;0.9491525423728814;0.05084745762711865;0.9491525423728814;0.05084745762711865;Edible
Tree 6;Tree 6_E_4;4;5;0.08016155841536206;3.447409632558281;;Edge;0;40;1.821963023510273;1.0;;;;;;40.0;0.9491525423728814;0.05084745762711865;0.9491525423728814;0.05084745762711865;Edible
Tree 6;Tree 6_E_4;5;5;0.08183481482028188;3.573361556081764;;Edge;0;40;1.815608106022608;1.0;;;;;;40.0;0.9491525423728814;0.05084745762711865;0.9491525423728814;0.05084745762711865;Edible
Tree 6;Tree 6_E_4;6;5;0.08279537712983509;3.699313479605247;;Edge;0;40;1.809253188534943;1.0;;;;;;40.0;0.9491525423728814;0.05084745762711865;0.9491525423728814;0.05084745762711865;Edible
Tree 6;Tree 6_E_4;7;5;0.08312920677016751;3.8252654031287308;;Edge;0;40;1.802898271047278;1.0;;;;;;40.0;0.9491525423728814;0.05084745762711865;0.9491525423728814;0.05084745762711865;Edible
Tree 6;Tree 6_E_4;8;5;0.08299785837692211;3.9512173266522144;;Edge;0;40;1.796543353559613;1.0;;;;;;40.0;0.9491525423728814;0.05084745762711865;0.9491525423728814;0.05084745762711865;Edible
Tree 6;Tree 6_E_4;9;5;0.08261899392188793;4.0771692501756975;YES;YES;1;40;1.790188436071948;1.0;;;;;;40.0;0.9491525423728814;0.05084745762711865;0.9491525423728814;0.05084745762711865;Edible
Tree 6;Tree 6_E_5;0;2;0.08308426428110409;1.9306378622843359;habitat: g;Split;1;687;4.382615708958978;0.0;habitat_g;<=;0.5;Yes;No;733.0;0.9893617021276596;0.010638297872340425;0.9893617021276596;0.010638297872340425;Edible
Tree 6;Tree 6_E_5;1;6;0.09783371038413004;2.04940238132213;;Edge;0;687;4.3706313773636385;1.0;;;;;;687.0;1.0;0.0;1.0;0.0;Edible
Tree 6;Tree 6_E_5;2;6;0.11233564042536719;2.1681669003599238;;Edge;0;687;4.358647045768299;1.0;;;;;;687.0;1.0;0.0;1.0;0.0;Edible
Tree 6;Tree 6_E_5;3;6;0.12637239243302653;2.286931419397718;;Edge;0;687;4.346662714172958;1.0;;;;;;687.0;1.0;0.0;1.0;0.0;Edible
Tree 6;Tree 6_E_5;4;6;0.13978241177146508;2.4056959384355117;;Edge;0;687;4.334678382577619;1.0;;;;;;687.0;1.0;0.0;1.0;0.0;Edible
Tree 6;Tree 6_E_5;5;6;0.15247973701453701;2.524460457473306;;Edge;0;687;4.322694050982279;1.0;;;;;;687.0;1.0;0.0;1.0;0.0;Edible
Tree 6;Tree 6_E_5;6;6;0.16446436816224233;2.6432249765110996;;Edge;0;687;4.3107097193869395;1.0;;;;;;687.0;1.0;0.0;1.0;0.0;Edible
Tree 6;Tree 6_E_5;7;6;0.17582226664072687;2.7619894955488937;;Edge;0;687;4.298725387791599;1.0;;;;;;687.0;1.0;0.0;1.0;0.0;Edible
Tree 6;Tree 6_E_5;8;6;0.18671498708563358;2.8807540145866875;;Edge;0;687;4.286741056196259;1.0;;;;;;687.0;1.0;0.0;1.0;0.0;Edible
Tree 6;Tree 6_E_5;9;6;0.1973601914687515;2.9995185336244816;YES;YES;1;687;4.27475672460092;1.0;;;;;;687.0;1.0;0.0;1.0;0.0;Edible
Tree 6;Tree 6_E_6;0;1;0.3243206493795047;1.0206280026026135;habitat: d;Split;1;133;4.676712063986605;0.0;habitat_d;<=;0.5;Yes;No;866.0;0.9145427286356822;0.08545727136431784;0.9145427286356822;0.08545727136431784;Edible
Tree 6;Tree 6_E_6;1;7;0.33447936716394167;1.1208451642671144;;Edge;0;133;4.428285792997711;0.0;spore-print-color_k;<=;0.5;Yes;No;133.0;0.5048543689320388;0.49514563106796117;0.5048543689320388;0.49514563106796117;Edible
Tree 6;Tree 6_E_6;2;7;0.34439056888658987;1.2210623259316151;;Edge;0;133;4.179859522008817;0.0;spore-print-color_k;<=;0.5;Yes;No;133.0;0.5048543689320388;0.49514563106796117;0.5048543689320388;0.49514563106796117;Edible
Tree 6;Tree 6_E_6;3;7;0.35383659257566025;1.321279487596116;;Edge;0;133;3.9314332510199232;0.0;spore-print-color_k;<=;0.5;Yes;No;133.0;0.5048543689320388;0.49514563106796117;0.5048543689320388;0.49514563106796117;Edible
Tree 6;Tree 6_E_6;4;7;0.3626558835955098;1.4214966492606167;;Edge;0;133;3.6830069800310294;0.0;spore-print-color_k;<=;0.5;Yes;No;133.0;0.5048543689320388;0.49514563106796117;0.5048543689320388;0.49514563106796117;Edible
Tree 6;Tree 6_E_6;5;7;0.37076248051999283;1.5217138109251178;;Edge;0;133;3.4345807090421356;0.0;spore-print-color_k;<=;0.5;Yes;No;133.0;0.5048543689320388;0.49514563106796117;0.5048543689320388;0.49514563106796117;Edible
Tree 6;Tree 6_E_6;6;7;0.37815638334910917;1.6219309725896185;;Edge;0;133;3.1861544380532423;0.0;spore-print-color_k;<=;0.5;Yes;No;133.0;0.5048543689320388;0.49514563106796117;0.5048543689320388;0.49514563106796117;Edible
Tree 6;Tree 6_E_6;7;7;0.3849235535090047;1.7221481342541192;;Edge;0;133;2.937728167064349;0.0;spore-print-color_k;<=;0.5;Yes;No;133.0;0.5048543689320388;0.49514563106796117;0.5048543689320388;0.49514563106796117;Edible
Tree 6;Tree 6_E_6;8;7;0.3912255456353224;1.82236529591862;;Edge;0;133;2.6893018960754547;0.0;spore-print-color_k;<=;0.5;Yes;No;133.0;0.5048543689320388;0.49514563106796117;0.5048543689320388;0.49514563106796117;Edible
Tree 6;Tree 6_E_6;9;7;0.3972800216998514;1.922582457583121;spore-print-color: k;Split;1;133;2.440875625086561;0.0;spore-print-color_k;<=;0.5;Yes;No;133.0;0.5048543689320388;0.49514563106796117;0.5048543689320388;0.49514563106796117;Edible
Tree 6;Tree 6_E_7;0;7;0.3972800216998514;1.922582457583121;spore-print-color: k;Split;1;99;2.440875625086561;0.0;spore-print-color_k;<=;0.5;Yes;No;133.0;0.5048543689320388;0.49514563106796117;0.5048543689320388;0.49514563106796117;Edible
Tree 6;Tree 6_E_7;1;8;0.3833161438966039;2.037912988375434;;Edge;0;99;2.4189044373226087;0.0;spore-print-color_n;<=;0.5;Yes;No;99.0;0.6666666666666666;0.3333333333333333;0.6666666666666666;0.3333333333333333;Edible
Tree 6;Tree 6_E_7;2;8;0.3695997821551452;2.1532435191677464;;Edge;0;99;2.396933249558656;0.0;spore-print-color_n;<=;0.5;Yes;No;99.0;0.6666666666666666;0.3333333333333333;0.6666666666666666;0.3333333333333333;Edible
Tree 6;Tree 6_E_7;3;8;0.3563485984472643;2.2685740499600593;;Edge;0;99;2.374962061794704;0.0;spore-print-color_n;<=;0.5;Yes;No;99.0;0.6666666666666666;0.3333333333333333;0.6666666666666666;0.3333333333333333;Edible
Tree 6;Tree 6_E_7;4;8;0.3437241474086042;2.3839045807523718;;Edge;0;99;2.3529908740307515;0.0;spore-print-color_n;<=;0.5;Yes;No;99.0;0.6666666666666666;0.3333333333333333;0.6666666666666666;0.3333333333333333;Edible
Tree 6;Tree 6_E_7;5;8;0.33181239046531075;2.4992351115446847;;Edge;0;99;2.3310196862667993;0.0;spore-print-color_n;<=;0.5;Yes;No;99.0;0.6666666666666666;0.3333333333333333;0.6666666666666666;0.3333333333333333;Edible
Tree 6;Tree 6_E_7;6;8;0.32061332761738387;2.614565642336997;;Edge;0;99;2.3090484985028468;0.0;spore-print-color_n;<=;0.5;Yes;No;99.0;0.6666666666666666;0.3333333333333333;0.6666666666666666;0.3333333333333333;Edible
Tree 6;Tree 6_E_7;7;8;0.31004099743867786;2.72989617312931;;Edge;0;99;2.2870773107388946;0.0;spore-print-color_n;<=;0.5;Yes;No;99.0;0.6666666666666666;0.3333333333333333;0.6666666666666666;0.3333333333333333;Edible
Tree 6;Tree 6_E_7;8;8;0.2999338452935496;2.8452267039216226;;Edge;0;99;2.265106122974942;0.0;spore-print-color_n;<=;0.5;Yes;No;99.0;0.6666666666666666;0.3333333333333333;0.6666666666666666;0.3333333333333333;Edible
Tree 6;Tree 6_E_7;9;8;0.2900742092102101;2.9605572347139355;spore-print-color: n;Split;1;99;2.24313493521099;0.0;spore-print-color_n;<=;0.5;Yes;No;99.0;0.6666666666666666;0.3333333333333333;0.6666666666666666;0.3333333333333333;Edible
Tree 6;Tree 6_E_8;0;8;0.2900742092102101;2.9605572347139355;spore-print-color: n;Split;1;28;2.24313493521099;0.0;spore-print-color_n;<=;0.5;Yes;No;99.0;0.6666666666666666;0.3333333333333333;0.6666666666666666;0.3333333333333333;Edible
Tree 6;Tree 6_E_8;1;9;0.28782804349186125;3.0823927537226647;;Edge;0;28;2.1784665066198663;1.0;;;;;;28.0;1.0;0.0;1.0;0.0;Edible
Tree 6;Tree 6_E_8;2;9;0.28582939383530115;3.204228272731394;;Edge;0;28;2.113798078028742;1.0;;;;;;28.0;1.0;0.0;1.0;0.0;Edible
Tree 6;Tree 6_E_8;3;9;0.28429592221231886;3.3260637917401232;;Edge;0;28;2.0491296494376185;1.0;;;;;;28.0;1.0;0.0;1.0;0.0;Edible
Tree 6;Tree 6_E_8;4;9;0.2833891832585574;3.447899310748852;;Edge;0;28;1.9844612208464947;1.0;;;;;;28.0;1.0;0.0;1.0;0.0;Edible
Tree 6;Tree 6_E_8;5;9;0.2831951384001625;3.5697348297575813;;Edge;0;28;1.9197927922553708;1.0;;;;;;28.0;1.0;0.0;1.0;0.0;Edible
Tree 6;Tree 6_E_8;6;9;0.2837137876371343;3.6915703487663105;;Edge;0;28;1.8551243636642472;1.0;;;;;;28.0;1.0;0.0;1.0;0.0;Edible
Tree 6;Tree 6_E_8;7;9;0.28485916954332685;3.8134058677750398;;Edge;0;28;1.7904559350731233;1.0;;;;;;28.0;1.0;0.0;1.0;0.0;Edible
Tree 6;Tree 6_E_8;8;9;0.28646972948309724;3.935241386783769;;Edge;0;28;1.7257875064819994;1.0;;;;;;28.0;1.0;0.0;1.0;0.0;Edible
Tree 6;Tree 6_E_8;9;9;0.28832780548465636;4.057076905792498;YES;YES;1;28;1.6611190778908755;1.0;;;;;;28.0;1.0;0.0;1.0;0.0;Edible
Tree 6;Tree 6_E_9;0;8;0.2900742092102101;2.9605572347139355;spore-print-color: n;Split;1;71;2.24313493521099;0.0;spore-print-color_n;<=;0.5;Yes;No;99.0;0.6666666666666666;0.3333333333333333;0.6666666666666666;0.3333333333333333;Edible
Tree 6;Tree 6_E_9;1;10;0.29844912263874485;3.083703911892052;;Edge;0;71;2.221982292042556;1.0;;;;;;71.0;0.514018691588785;0.48598130841121495;0.514018691588785;0.48598130841121495;Edible
Tree 6;Tree 6_E_9;2;10;0.30657652000549085;3.206850589070169;;Edge;0;71;2.200829648874122;1.0;;;;;;71.0;0.514018691588785;0.48598130841121495;0.514018691588785;0.48598130841121495;Edible
Tree 6;Tree 6_E_9;3;10;0.31423873933865903;3.3299972662482853;;Edge;0;71;2.1796770057056882;1.0;;;;;;71.0;0.514018691588785;0.48598130841121495;0.514018691588785;0.48598130841121495;Edible
Tree 6;Tree 6_E_9;4;10;0.3212742260026064;3.4531439434264017;;Edge;0;71;2.1585243625372543;1.0;;;;;;71.0;0.514018691588785;0.48598130841121495;0.514018691588785;0.48598130841121495;Edible
Tree 6;Tree 6_E_9;5;10;0.32759701857118717;3.5762906206045186;;Edge;0;71;2.1373717193688204;1.0;;;;;;71.0;0.514018691588785;0.48598130841121495;0.514018691588785;0.48598130841121495;Edible
Tree 6;Tree 6_E_9;6;10;0.3332071170444013;3.699437297782635;;Edge;0;71;2.1162190762003865;1.0;;;;;;71.0;0.514018691588785;0.48598130841121495;0.514018691588785;0.48598130841121495;Edible
Tree 6;Tree 6_E_9;7;10;0.33819048284839465;3.8225839749607515;;Edge;0;71;2.0950664330319526;1.0;;;;;;71.0;0.514018691588785;0.48598130841121495;0.514018691588785;0.48598130841121495;Edible
Tree 6;Tree 6_E_9;8;10;0.34270867061881016;3.9457306521388684;;Edge;0;71;2.0739137898635187;1.0;;;;;;71.0;0.514018691588785;0.48598130841121495;0.514018691588785;0.48598130841121495;Edible
Tree 6;Tree 6_E_9;9;10;0.34697934232743693;4.068877329316985;YES;YES;1;71;2.052761146695085;1.0;;;;;;71.0;0.514018691588785;0.48598130841121495;0.514018691588785;0.48598130841121495;Edible
Tree 6;Tree 6_E_10;0;7;0.3972800216998514;1.922582457583121;spore-print-color: k;Split;1;34;2.440875625086561;0.0;spore-print-color_k;<=;0.5;Yes;No;133.0;0.5048543689320388;0.49514563106796117;0.5048543689320388;0.49514563106796117;Edible
Tree 6;Tree 6_E_10;1;11;0.40141871634392007;2.039900310898085;;Edge;0;34;2.361724749143655;1.0;;;;;;34.0;0.0;1.0;0.0;1.0;Poisonous
Tree 6;Tree 6_E_10;2;11;0.40530989492620006;2.157218164213049;;Edge;0;34;2.282573873200749;1.0;;;;;;34.0;0.0;1.0;0.0;1.0;Poisonous
Tree 6;Tree 6_E_10;3;11;0.4087358954749022;2.274536017528013;;Edge;0;34;2.2034229972578427;1.0;;;;;;34.0;0.0;1.0;0.0;1.0;Poisonous
Tree 6;Tree 6_E_10;4;11;0.4115351633543835;2.391853870842977;;Edge;0;34;2.1242721213149367;1.0;;;;;;34.0;0.0;1.0;0.0;1.0;Poisonous
Tree 6;Tree 6_E_10;5;11;0.41362173713849826;2.509171724157941;;Edge;0;34;2.04512124537203;1.0;;;;;;34.0;0.0;1.0;0.0;1.0;Poisonous
Tree 6;Tree 6_E_10;6;11;0.41499561682724634;2.626489577472905;;Edge;0;34;1.9659703694291244;1.0;;;;;;34.0;0.0;1.0;0.0;1.0;Poisonous
Tree 6;Tree 6_E_10;7;11;0.4157427638467736;2.743807430787869;;Edge;0;34;1.8868194934862184;1.0;;;;;;34.0;0.0;1.0;0.0;1.0;Poisonous
Tree 6;Tree 6_E_10;8;11;0.4160247328327231;2.861125284102833;;Edge;0;34;1.807668617543312;1.0;;;;;;34.0;0.0;1.0;0.0;1.0;Poisonous
Tree 6;Tree 6_E_10;9;11;0.41605918575688383;2.978443137417797;NO;NO;1;34;1.728517741600406;1.0;;;;;;34.0;0.0;1.0;0.0;1.0;Poisonous
Tree 6;Tree 6_E_11;0;0;0.5;0.08;gill-spacing: c;Split;1;4323;10.0;0.0;gill-spacing_c;<=;0.5;Yes;No;5189.0;0.5243722304283605;0.4756277695716396;0.5243722304283605;0.4756277695716396;Edible
Tree 6;Tree 6_E_11;1;12;0.5377080822180001;0.173333977249641;;Edge;0;4323;9.912747773893397;0.0;odor_f;<=;0.5;Yes;No;4323.0;0.4477172312223859;0.5522827687776142;0.4477172312223859;0.5522827687776142;Poisonous
Tree 6;Tree 6_E_11;2;12;0.5751686483742116;0.266667954499282;;Edge;0;4323;9.825495547786792;0.0;odor_f;<=;0.5;Yes;No;4323.0;0.4477172312223859;0.5522827687776142;0.4477172312223859;0.5522827687776142;Poisonous
Tree 6;Tree 6_E_11;3;12;0.6121640364968451;0.360001931748923;;Edge;0;4323;9.738243321680189;0.0;odor_f;<=;0.5;Yes;No;4323.0;0.4477172312223859;0.5522827687776142;0.4477172312223859;0.5522827687776142;Poisonous
Tree 6;Tree 6_E_11;4;12;0.6485326919502579;0.45333590899856396;;Edge;0;4323;9.650991095573584;0.0;odor_f;<=;0.5;Yes;No;4323.0;0.4477172312223859;0.5522827687776142;0.4477172312223859;0.5522827687776142;Poisonous
Tree 6;Tree 6_E_11;5;12;0.6841886533083041;0.5466698862482049;;Edge;0;4323;9.563738869466981;0.0;odor_f;<=;0.5;Yes;No;4323.0;0.4477172312223859;0.5522827687776142;0.4477172312223859;0.5522827687776142;Poisonous
Tree 6;Tree 6_E_11;6;12;0.7191319205709836;0.6400038634978459;;Edge;0;4323;9.476486643360376;0.0;odor_f;<=;0.5;Yes;No;4323.0;0.4477172312223859;0.5522827687776142;0.4477172312223859;0.5522827687776142;Poisonous
Tree 6;Tree 6_E_11;7;12;0.7534484551644425;0.7333378407474868;;Edge;0;4323;9.389234417253773;0.0;odor_f;<=;0.5;Yes;No;4323.0;0.4477172312223859;0.5522827687776142;0.4477172312223859;0.5522827687776142;Poisonous
Tree 6;Tree 6_E_11;8;12;0.7872998117243233;0.8266718179971279;;Edge;0;4323;9.301982191147168;0.0;odor_f;<=;0.5;Yes;No;4323.0;0.4477172312223859;0.5522827687776142;0.4477172312223859;0.5522827687776142;Poisonous
Tree 6;Tree 6_E_11;9;12;0.8209036522224156;0.9200057952467688;odor: f;Split;1;4323;9.214729965040565;0.0;odor_f;<=;0.5;Yes;No;4323.0;0.4477172312223859;0.5522827687776142;0.4477172312223859;0.5522827687776142;Poisonous
Tree 6;Tree 6_E_12;0;12;0.8209036522224156;0.9200057952467688;odor: f;Split;1;2963;9.214729965040565;0.0;odor_f;<=;0.5;Yes;No;4323.0;0.4477172312223859;0.5522827687776142;0.4477172312223859;0.5522827687776142;Poisonous
Tree 6;Tree 6_E_12;1;13;0.7974059064606034;1.0378166897733625;;Edge;0;2963;9.057637939450663;0.0;ring-type_p;<=;0.5;Yes;No;2963.0;0.651940810636929;0.348059189363071;0.651940810636929;0.348059189363071;Edible
Tree 6;Tree 6_E_12;2;13;0.77415567676058;1.1556275842999562;;Edge;0;2963;8.90054591386076;0.0;ring-type_p;<=;0.5;Yes;No;2963.0;0.651940810636929;0.348059189363071;0.651940810636929;0.348059189363071;Edible
Tree 6;Tree 6_E_12;3;13;0.7513706250941343;1.2734384788265496;;Edge;0;2963;8.743453888270857;0.0;ring-type_p;<=;0.5;Yes;No;2963.0;0.651940810636929;0.348059189363071;0.651940810636929;0.348059189363071;Edible
Tree 6;Tree 6_E_12;4;13;0.7292123060969096;1.3912493733531432;;Edge;0;2963;8.586361862680954;0.0;ring-type_p;<=;0.5;Yes;No;2963.0;0.651940810636929;0.348059189363071;0.651940810636929;0.348059189363071;Edible
Tree 6;Tree 6_E_12;5;13;0.7077666811950514;1.509060267879737;;Edge;0;2963;8.429269837091052;0.0;ring-type_p;<=;0.5;Yes;No;2963.0;0.651940810636929;0.348059189363071;0.651940810636929;0.348059189363071;Edible
Tree 6;Tree 6_E_12;6;13;0.6870337503885597;1.6268711624063306;;Edge;0;2963;8.27217781150115;0.0;ring-type_p;<=;0.5;Yes;No;2963.0;0.651940810636929;0.348059189363071;0.651940810636929;0.348059189363071;Edible
Tree 6;Tree 6_E_12;7;13;0.666927552251289;1.7446820569329242;;Edge;0;2963;8.115085785911248;0.0;ring-type_p;<=;0.5;Yes;No;2963.0;0.651940810636929;0.348059189363071;0.651940810636929;0.348059189363071;Edible
Tree 6;Tree 6_E_12;8;13;0.647286532147596;1.8624929514595179;;Edge;0;2963;7.957993760321344;0.0;ring-type_p;<=;0.5;Yes;No;2963.0;0.651940810636929;0.348059189363071;0.651940810636929;0.348059189363071;Edible
Tree 6;Tree 6_E_12;9;13;0.6278930281056918;1.9803038459861115;ring-type: p;Split;1;2963;7.8009017347314416;0.0;ring-type_p;<=;0.5;Yes;No;2963.0;0.651940810636929;0.348059189363071;0.651940810636929;0.348059189363071;Edible
Tree 6;Tree 6_E_13;0;13;0.6278930281056918;1.9803038459861115;ring-type: p;Split;1;887;7.8009017347314416;0.0;ring-type_p;<=;0.5;Yes;No;2963.0;0.651940810636929;0.348059189363071;0.651940810636929;0.348059189363071;Edible
Tree 6;Tree 6_E_13;1;14;0.6164241777141785;2.1013630738595137;;Edge;0;887;7.45869310977064;0.0;habitat_w;<=;0.5;Yes;No;887.0;0.1677327647476901;0.8322672352523098;0.1677327647476901;0.8322672352523098;Poisonous
Tree 6;Tree 6_E_13;2;14;0.6052028433844538;2.222422301732916;;Edge;0;887;7.116484484809837;0.0;habitat_w;<=;0.5;Yes;No;887.0;0.1677327647476901;0.8322672352523098;0.1677327647476901;0.8322672352523098;Poisonous
Tree 6;Tree 6_E_13;3;14;0.5944466870883071;2.3434815296063185;;Edge;0;887;6.774275859849036;0.0;habitat_w;<=;0.5;Yes;No;887.0;0.1677327647476901;0.8322672352523098;0.1677327647476901;0.8322672352523098;Poisonous
Tree 6;Tree 6_E_13;4;14;0.5843172634613811;2.4645407574797207;;Edge;0;887;6.432067234888234;0.0;habitat_w;<=;0.5;Yes;No;887.0;0.1677327647476901;0.8322672352523098;0.1677327647476901;0.8322672352523098;Poisonous
Tree 6;Tree 6_E_13;5;14;0.5749005339298219;2.585599985353123;;Edge;0;887;6.089858609927432;0.0;habitat_w;<=;0.5;Yes;No;887.0;0.1677327647476901;0.8322672352523098;0.1677327647476901;0.8322672352523098;Poisonous
Tree 6;Tree 6_E_13;6;14;0.5661964984936291;2.706659213226525;;Edge;0;887;5.74764998496663;0.0;habitat_w;<=;0.5;Yes;No;887.0;0.1677327647476901;0.8322672352523098;0.1677327647476901;0.8322672352523098;Poisonous
Tree 6;Tree 6_E_13;7;14;0.5581191957266571;2.827718441099927;;Edge;0;887;5.405441360005828;0.0;habitat_w;<=;0.5;Yes;No;887.0;0.1677327647476901;0.8322672352523098;0.1677327647476901;0.8322672352523098;Poisonous
Tree 6;Tree 6_E_13;8;14;0.550507070993263;2.94877766897333;;Edge;0;887;5.063232735045027;0.0;habitat_w;<=;0.5;Yes;No;887.0;0.1677327647476901;0.8322672352523098;0.1677327647476901;0.8322672352523098;Poisonous
Tree 6;Tree 6_E_13;9;14;0.5431424623216576;3.069836896846732;habitat: w;Split;1;887;4.721024110084224;0.0;habitat_w;<=;0.5;Yes;No;887.0;0.1677327647476901;0.8322672352523098;0.1677327647476901;0.8322672352523098;Poisonous
Tree 6;Tree 6_E_14;0;14;0.5431424623216576;3.069836896846732;habitat: w;Split;1;778;4.721024110084224;0.0;habitat_w;<=;0.5;Yes;No;887.0;0.1677327647476901;0.8322672352523098;0.1677327647476901;0.8322672352523098;Poisonous
Tree 6;Tree 6_E_14;1;15;0.5409016350899083;3.179378469003952;;Edge;0;778;4.694788233510277;1.0;;;;;;778.0;0.04330065359477124;0.9566993464052288;0.04330065359477124;0.9566993464052288;Poisonous
Tree 6;Tree 6_E_14;2;15;0.5389083239199476;3.2889200411611714;;Edge;0;778;4.6685523569363285;1.0;;;;;;778.0;0.04330065359477124;0.9566993464052288;0.04330065359477124;0.9566993464052288;Poisonous
Tree 6;Tree 6_E_14;3;15;0.5373801907835648;3.3984616133183914;;Edge;0;778;4.642316480362381;1.0;;;;;;778.0;0.04330065359477124;0.9566993464052288;0.04330065359477124;0.9566993464052288;Poisonous
Tree 6;Tree 6_E_14;4;15;0.5364787903164028;3.508003185475611;;Edge;0;778;4.616080603788434;1.0;;;;;;778.0;0.04330065359477124;0.9566993464052288;0.04330065359477124;0.9566993464052288;Poisonous
Tree 6;Tree 6_E_14;5;15;0.5362900839446074;3.617544757632831;;Edge;0;778;4.589844727214485;1.0;;;;;;778.0;0.04330065359477124;0.9566993464052288;0.04330065359477124;0.9566993464052288;Poisonous
Tree 6;Tree 6_E_14;6;15;0.5368140716681785;3.7270863297900503;;Edge;0;778;4.563608850640538;1.0;;;;;;778.0;0.04330065359477124;0.9566993464052288;0.04330065359477124;0.9566993464052288;Poisonous
Tree 6;Tree 6_E_14;7;15;0.5379647920609706;3.83662790194727;;Edge;0;778;4.5373729740665905;1.0;;;;;;778.0;0.04330065359477124;0.9566993464052288;0.04330065359477124;0.9566993464052288;Poisonous
Tree 6;Tree 6_E_14;8;15;0.5395806904873404;3.9461694741044897;;Edge;0;778;4.511137097492642;1.0;;;;;;778.0;0.04330065359477124;0.9566993464052288;0.04330065359477124;0.9566993464052288;Poisonous
Tree 6;Tree 6_E_14;9;15;0.541444104975499;4.05571104626171;NO;NO;1;778;4.484901220918695;1.0;;;;;;778.0;0.04330065359477124;0.9566993464052288;0.04330065359477124;0.9566993464052288;Poisonous
Tree 6;Tree 6_E_15;0;14;0.5431424623216576;3.069836896846732;habitat: w;Split;1;109;4.721024110084224;0.0;habitat_w;<=;0.5;Yes;No;887.0;0.1677327647476901;0.8322672352523098;0.1677327647476901;0.8322672352523098;Poisonous
Tree 6;Tree 6_E_15;1;16;0.550615434376563;3.168620940901016;;Edge;0;109;4.4525113656036295;1.0;;;;;;109.0;1.0;0.0;1.0;0.0;Edible
Tree 6;Tree 6_E_15;2;16;0.5578408903696797;3.2674049849553004;;Edge;0;109;4.183998621123035;1.0;;;;;;109.0;1.0;0.0;1.0;0.0;Edible
Tree 6;Tree 6_E_15;3;16;0.5646011683292186;3.3661890290095844;;Edge;0;109;3.9154858766424403;1.0;;;;;;109.0;1.0;0.0;1.0;0.0;Edible
Tree 6;Tree 6_E_15;4;16;0.5707347136195365;3.464973073063869;;Edge;0;109;3.6469731321618455;1.0;;;;;;109.0;1.0;0.0;1.0;0.0;Edible
Tree 6;Tree 6_E_15;5;16;0.5761555648144879;3.563757117118153;;Edge;0;109;3.3784603876812507;1.0;;;;;;109.0;1.0;0.0;1.0;0.0;Edible
Tree 6;Tree 6_E_15;6;16;0.5808637219140728;3.662541161172437;;Edge;0;109;3.1099476432006563;1.0;;;;;;109.0;1.0;0.0;1.0;0.0;Edible
Tree 6;Tree 6_E_15;7;16;0.5849451463444368;3.761325205226721;;Edge;0;109;2.8414348987200615;1.0;;;;;;109.0;1.0;0.0;1.0;0.0;Edible
Tree 6;Tree 6_E_15;8;16;0.588561392741223;3.860109249281005;;Edge;0;109;2.5729221542394667;1.0;;;;;;109.0;1.0;0.0;1.0;0.0;Edible
Tree 6;Tree 6_E_15;9;16;0.5919301230762204;3.9588932933352896;YES;YES;1;109;2.304409409758872;1.0;;;;;;109.0;1.0;0.0;1.0;0.0;Edible
Tree 6;Tree 6_E_16;0;13;0.6278930281056918;1.9803038459861115;ring-type: p;Split;1;2076;7.8009017347314416;0.0;ring-type_p;<=;0.5;Yes;No;2963.0;0.651940810636929;0.348059189363071;0.651940810636929;0.348059189363071;Edible
Tree 6;Tree 6_E_16;1;17;0.6347589595778479;2.085057887813952;;Edge;0;2076;7.677762457473379;0.0;stalk-color-above-ring_g;<=;0.5;Yes;No;2076.0;0.8611793611793612;0.13882063882063883;0.8611793611793612;0.13882063882063883;Edible
Tree 6;Tree 6_E_16;2;17;0.6413773749882151;2.189811929641793;;Edge;0;2076;7.554623180215317;0.0;stalk-color-above-ring_g;<=;0.5;Yes;No;2076.0;0.8611793611793612;0.13882063882063883;0.8611793611793612;0.13882063882063883;Edible
Tree 6;Tree 6_E_16;3;17;0.6475306123650046;2.2945659714696336;;Edge;0;2076;7.431483902957254;0.0;stalk-color-above-ring_g;<=;0.5;Yes;No;2076.0;0.8611793611793612;0.13882063882063883;0.8611793611793612;0.13882063882063883;Edible
Tree 6;Tree 6_E_16;4;17;0.6530571170725733;2.399320013297474;;Edge;0;2076;7.308344625699192;0.0;stalk-color-above-ring_g;<=;0.5;Yes;No;2076.0;0.8611793611793612;0.13882063882063883;0.8611793611793612;0.13882063882063883;Edible
Tree 6;Tree 6_E_16;5;17;0.6578709276847753;2.504074055125315;;Edge;0;2076;7.185205348441129;0.0;stalk-color-above-ring_g;<=;0.5;Yes;No;2076.0;0.8611793611793612;0.13882063882063883;0.8611793611793612;0.13882063882063883;Edible
Tree 6;Tree 6_E_16;6;17;0.6619720442016108;2.6088280969531557;;Edge;0;2076;7.062066071183067;0.0;stalk-color-above-ring_g;<=;0.5;Yes;No;2076.0;0.8611793611793612;0.13882063882063883;0.8611793611793612;0.13882063882063883;Edible
Tree 6;Tree 6_E_16;7;17;0.6654464280492255;2.713582138780996;;Edge;0;2076;6.938926793925004;0.0;stalk-color-above-ring_g;<=;0.5;Yes;No;2076.0;0.8611793611793612;0.13882063882063883;0.8611793611793612;0.13882063882063883;Edible
Tree 6;Tree 6_E_16;8;17;0.6684556338632622;2.8183361806088367;;Edge;0;2076;6.815787516666942;0.0;stalk-color-above-ring_g;<=;0.5;Yes;No;2076.0;0.8611793611793612;0.13882063882063883;0.8611793611793612;0.13882063882063883;Edible
Tree 6;Tree 6_E_16;9;17;0.6712173236155103;2.9230902224366777;stalk-color-above-ring: g;Split;1;2076;6.6926482394088795;0.0;stalk-color-above-ring_g;<=;0.5;Yes;No;2076.0;0.8611793611793612;0.13882063882063883;0.8611793611793612;0.13882063882063883;Edible
Tree 6;Tree 6_E_17;0;17;0.6712173236155103;2.9230902224366777;stalk-color-above-ring: g;Split;1;1678;6.6926482394088795;0.0;stalk-color-above-ring_g;<=;0.5;Yes;No;2076.0;0.8611793611793612;0.13882063882063883;0.8611793611793612;0.13882063882063883;Edible
Tree 6;Tree 6_E_17;1;18;0.6687247293651519;3.0429073454293962;;Edge;0;1678;6.628793682946213;1.0;;;;;;1678.0;0.8289822171774499;0.17101778282255015;0.8289822171774499;0.17101778282255015;Edible
Tree 6;Tree 6_E_17;2;18;0.6664796511765821;3.1627244684221147;;Edge;0;1678;6.564939126483547;1.0;;;;;;1678.0;0.8289822171774499;0.17101778282255015;0.8289822171774499;0.17101778282255015;Edible
Tree 6;Tree 6_E_17;3;18;0.6646997510215903;3.2825415914148333;;Edge;0;1678;6.501084570020881;1.0;;;;;;1678.0;0.8289822171774499;0.17101778282255015;0.8289822171774499;0.17101778282255015;Edible
Tree 6;Tree 6_E_17;4;18;0.6635465835358193;3.4023587144075513;;Edge;0;1678;6.437230013558215;1.0;;;;;;1678.0;0.8289822171774499;0.17101778282255015;0.8289822171774499;0.17101778282255015;Edible
Tree 6;Tree 6_E_17;5;18;0.6631061101454148;3.52217583740027;;Edge;0;1678;6.373375457095549;1.0;;;;;;1678.0;0.8289822171774499;0.17101778282255015;0.8289822171774499;0.17101778282255015;Edible
Tree 6;Tree 6_E_17;6;18;0.6633783308503769;3.6419929603929884;;Edge;0;1678;6.309520900632883;1.0;;;;;;1678.0;0.8289822171774499;0.17101778282255015;0.8289822171774499;0.17101778282255015;Edible
Tree 6;Tree 6_E_17;7;18;0.6642772842245599;3.761810083385707;;Edge;0;1678;6.245666344170217;1.0;;;;;;1678.0;0.8289822171774499;0.17101778282255015;0.8289822171774499;0.17101778282255015;Edible
Tree 6;Tree 6_E_17;8;18;0.6656414156323206;3.8816272063784254;;Edge;0;1678;6.1818117877075505;1.0;;;;;;1678.0;0.8289822171774499;0.17101778282255015;0.8289822171774499;0.17101778282255015;Edible
Tree 6;Tree 6_E_17;9;18;0.6672530631018702;4.001444329371144;YES;YES;1;1678;6.117957231244884;1.0;;;;;;1678.0;0.8289822171774499;0.17101778282255015;0.8289822171774499;0.17101778282255015;Edible
Tree 6;Tree 6_E_18;0;17;0.6712173236155103;2.9230902224366777;stalk-color-above-ring: g;Split;1;398;6.6926482394088795;0.0;stalk-color-above-ring_g;<=;0.5;Yes;No;2076.0;0.8611793611793612;0.13882063882063883;0.8611793611793612;0.13882063882063883;Edible
Tree 6;Tree 6_E_18;1;19;0.6780764320557797;3.0513751553119355;;Edge;0;398;6.33708070417442;1.0;;;;;;398.0;1.0;0.0;1.0;0.0;Edible
Tree 6;Tree 6_E_18;2;19;0.6846880244342604;3.1796600881871933;;Edge;0;398;5.981513168939961;1.0;;;;;;398.0;1.0;0.0;1.0;0.0;Edible
Tree 6;Tree 6_E_18;3;19;0.6908344387791632;3.307945021062451;;Edge;0;398;5.625945633705502;1.0;;;;;;398.0;1.0;0.0;1.0;0.0;Edible
Tree 6;Tree 6_E_18;4;19;0.6963541204548451;3.4362299539377084;;Edge;0;398;5.270378098471043;1.0;;;;;;398.0;1.0;0.0;1.0;0.0;Edible
Tree 6;Tree 6_E_18;5;19;0.7011611080351604;3.564514886812966;;Edge;0;398;4.914810563236584;1.0;;;;;;398.0;1.0;0.0;1.0;0.0;Edible
Tree 6;Tree 6_E_18;6;19;0.7052554015201092;3.692799819688224;;Edge;0;398;4.5592430280021246;1.0;;;;;;398.0;1.0;0.0;1.0;0.0;Edible
Tree 6;Tree 6_E_18;7;19;0.7087229623358372;3.8210847525634817;;Edge;0;398;4.203675492767665;1.0;;;;;;398.0;1.0;0.0;1.0;0.0;Edible
Tree 6;Tree 6_E_18;8;19;0.7117253451179874;3.9493696854387395;;Edge;0;398;3.8481079575332062;1.0;;;;;;398.0;1.0;0.0;1.0;0.0;Edible
Tree 6;Tree 6_E_18;9;19;0.7144802118383488;4.077654618313997;YES;YES;1;398;3.492540422298747;1.0;;;;;;398.0;1.0;0.0;1.0;0.0;Edible
Tree 6;Tree 6_E_19;0;12;0.8209036522224156;0.9200057952467688;odor: f;Split;1;1360;9.214729965040565;0.0;odor_f;<=;0.5;Yes;No;4323.0;0.4477172312223859;0.5522827687776142;0.4477172312223859;0.5522827687776142;Poisonous
Tree 6;Tree 6_E_19;1;20;0.8262167585431883;1.0442942804800177;;Edge;0;1360;8.8139322754359;1.0;;;;;;1360.0;0.0;1.0;0.0;1.0;Poisonous
Tree 6;Tree 6_E_19;2;20;0.8312823488021723;1.1685827657132664;;Edge;0;1360;8.413134585831232;1.0;;;;;;1360.0;0.0;1.0;0.0;1.0;Poisonous
Tree 6;Tree 6_E_19;3;20;0.8358827610275785;1.2928712509465152;;Edge;0;1360;8.012336896226566;1.0;;;;;;1360.0;0.0;1.0;0.0;1.0;Poisonous
Tree 6;Tree 6_E_19;4;20;0.8398564405837639;1.417159736179764;;Edge;0;1360;7.6115392066219005;1.0;;;;;;1360.0;0.0;1.0;0.0;1.0;Poisonous
Tree 6;Tree 6_E_19;5;20;0.8431174260445825;1.541448221413013;;Edge;0;1360;7.210741517017233;1.0;;;;;;1360.0;0.0;1.0;0.0;1.0;Poisonous
Tree 6;Tree 6_E_19;6;20;0.8456657174100347;1.6657367066462618;;Edge;0;1360;6.809943827412567;1.0;;;;;;1360.0;0.0;1.0;0.0;1.0;Poisonous
Tree 6;Tree 6_E_19;7;20;0.847587276106266;1.7900251918795105;;Edge;0;1360;6.409146137807902;1.0;;;;;;1360.0;0.0;1.0;0.0;1.0;Poisonous
Tree 6;Tree 6_E_19;8;20;0.8490436567689196;1.9143136771127593;;Edge;0;1360;6.008348448203235;1.0;;;;;;1360.0;0.0;1.0;0.0;1.0;Poisonous
Tree 6;Tree 6_E_19;9;20;0.8502525213697844;2.038602162346008;NO;NO;1;1360;5.607550758598569;1.0;;;;;;1360.0;0.0;1.0;0.0;1.0;Poisonous
Tree 7;Tree 7_TRUNK;0;-1;0.5;-0.92;;Trunk;0;5096;11.0;;;;;;;;;;;;
Tree 7;Tree 7_TRUNK;1;-1;0.5065082560867634;-0.7771428571428571;;Trunk;0;5096;10.714285714285714;;;;;;;;;;;;
Tree 7;Tree 7_TRUNK;2;-1;0.5117274722370204;-0.6342857142857143;;Trunk;0;5096;10.428571428571429;;;;;;;;;;;;
Tree 7;Tree 7_TRUNK;3;-1;0.5146239186827274;-0.4914285714285715;;Trunk;0;5096;10.142857142857142;;;;;;;;;;;;
Tree 7;Tree 7_TRUNK;4;-1;0.5146239186827274;-0.34857142857142864;;Trunk;0;5096;9.857142857142858;;;;;;;;;;;;
Tree 7;Tree 7_TRUNK;5;-1;0.5117274722370204;-0.20571428571428574;;Trunk;0;5096;9.571428571428571;;;;;;;;;;;;
Tree 7;Tree 7_TRUNK;6;-1;0.5065082560867634;-0.06285714285714294;;Trunk;0;5096;9.285714285714286;;;;;;;;;;;;
Tree 7;Tree 7_TRUNK;7;-1;0.5;0.07999999999999996;;Trunk;0;5096;9.0;;;;;;;;;;;;
Tree 7;Tree 7_E_0;0;0;0.5;0.08;odor: n;Split;1;2908;10.0;0.0;odor_n;<=;0.5;Yes;No;5096.0;0.5168636139832595;0.4831363860167405;0.5168636139832595;0.4831363860167405;Edible
Tree 7;Tree 7_E_0;1;1;0.4784279512933243;0.1845142225114015;;Edge;0;2908;9.755409585636967;0.0;stalk-root_c;<=;0.5;Yes;No;2908.0;0.1789040502490795;0.8210959497509205;0.1789040502490795;0.8210959497509205;Poisonous
Tree 7;Tree 7_E_0;2;1;0.4571034186484374;0.289028445022803;;Edge;0;2908;9.510819171273933;0.0;stalk-root_c;<=;0.5;Yes;No;2908.0;0.1789040502490795;0.8210959497509205;0.1789040502490795;0.8210959497509205;Poisonous
Tree 7;Tree 7_E_0;3;1;0.43624406403712823;0.3935426675342045;;Edge;0;2908;9.2662287569109;0.0;stalk-root_c;<=;0.5;Yes;No;2908.0;0.1789040502490795;0.8210959497509205;0.1789040502490795;0.8210959497509205;Poisonous
Tree 7;Tree 7_E_0;4;1;0.41601144209503993;0.49805689004560605;;Edge;0;2908;9.021638342547867;0.0;stalk-root_c;<=;0.5;Yes;No;2908.0;0.1789040502490795;0.8210959497509205;0.1789040502490795;0.8210959497509205;Poisonous
Tree 7;Tree 7_E_0;5;1;0.39649151424831824;0.6025711125570076;;Edge;0;2908;8.777047928184833;0.0;stalk-root_c;<=;0.5;Yes;No;2908.0;0.1789040502490795;0.8210959497509205;0.1789040502490795;0.8210959497509205;Poisonous
Tree 7;Tree 7_E_0;6;1;0.3776842804969632;0.707085335068409;;Edge;0;2908;8.5324575138218;0.0;stalk-root_c;<=;0.5;Yes;No;2908.0;0.1789040502490795;0.8210959497509205;0.1789040502490795;0.8210959497509205;Poisonous
Tree 7;Tree 7_E_0;7;1;0.3595037794148289;0.8115995575798104;;Edge;0;2908;8.287867099458767;0.0;stalk-root_c;<=;0.5;Yes;No;2908.0;0.1789040502490795;0.8210959497509205;0.1789040502490795;0.8210959497509205;Poisonous
Tree 7;Tree 7_E_0;8;1;0.3417884563662724;0.916113780091212;;Edge;0;2908;8.043276685095734;0.0;stalk-root_c;<=;0.5;Yes;No;2908.0;0.1789040502490795;0.8210959497509205;0.1789040502490795;0.8210959497509205;Poisonous
Tree 7;Tree 7_E_0;9;1;0.3243206493795047;1.0206280026026135;stalk-root: c;Split;1;2908;7.798686270732699;0.0;stalk-root_c;<=;0.5;Yes;No;2908.0;0.1789040502490795;0.8210959497509205;0.1789040502490795;0.8210959497509205;Poisonous
Tree 7;Tree 7_E_1;0;1;0.3243206493795047;1.0206280026026135;stalk-root: c;Split;1;2551;7.798686270732699;0.0;stalk-root_c;<=;0.5;Yes;No;2908.0;0.1789040502490795;0.8210959497509205;0.1789040502490795;0.8210959497509205;Poisonous
Tree 7;Tree 7_E_1;1;2;0.29546448573083955;1.121740209233916;;Edge;0;2551;7.750799615478394;0.0;stalk-surface-below-ring_y;<=;0.5;Yes;No;2551.0;0.0725746729202666;0.9274253270797334;0.0725746729202666;0.9274253270797334;Poisonous
Tree 7;Tree 7_E_1;2;2;0.26685583814396313;1.2228524158652185;;Edge;0;2551;7.702912960224089;0.0;stalk-surface-below-ring_y;<=;0.5;Yes;No;2551.0;0.0725746729202666;0.9274253270797334;0.0725746729202666;0.9274253270797334;Poisonous
Tree 7;Tree 7_E_1;3;2;0.23871236859066455;1.323964622496521;;Edge;0;2551;7.655026304969784;0.0;stalk-surface-below-ring_y;<=;0.5;Yes;No;2551.0;0.0725746729202666;0.9274253270797334;0.0725746729202666;0.9274253270797334;Poisonous
Tree 7;Tree 7_E_1;4;2;0.21119563170658676;1.4250768291278235;;Edge;0;2551;7.607139649715479;0.0;stalk-surface-below-ring_y;<=;0.5;Yes;No;2551.0;0.0725746729202666;0.9274253270797334;0.0725746729202666;0.9274253270797334;Poisonous
Tree 7;Tree 7_E_1;5;2;0.18439158891787558;1.526189035759126;;Edge;0;2551;7.559252994461175;0.0;stalk-surface-below-ring_y;<=;0.5;Yes;No;2551.0;0.0725746729202666;0.9274253270797334;0.0725746729202666;0.9274253270797334;Poisonous
Tree 7;Tree 7_E_1;6;2;0.158300240224531;1.6273012423904283;;Edge;0;2551;7.5113663392068695;0.0;stalk-surface-below-ring_y;<=;0.5;Yes;No;2551.0;0.0725746729202666;0.9274253270797334;0.0725746729202666;0.9274253270797334;Poisonous
Tree 7;Tree 7_E_1;7;2;0.13283562420040726;1.7284134490217307;;Edge;0;2551;7.463479683952564;0.0;stalk-surface-below-ring_y;<=;0.5;Yes;No;2551.0;0.0725746729202666;0.9274253270797334;0.0725746729202666;0.9274253270797334;Poisonous
Tree 7;Tree 7_E_1;8;2;0.10783618620986127;1.8295256556530335;;Edge;0;2551;7.415593028698259;0.0;stalk-surface-below-ring_y;<=;0.5;Yes;No;2551.0;0.0725746729202666;0.9274253270797334;0.0725746729202666;0.9274253270797334;Poisonous
Tree 7;Tree 7_E_1;9;2;0.0830842642811041;1.9306378622843359;stalk-surface-below-ring: y;Split;1;2551;7.367706373443954;0.0;stalk-surface-below-ring_y;<=;0.5;Yes;No;2551.0;0.0725746729202666;0.9274253270797334;0.0725746729202666;0.9274253270797334;Poisonous
Tree 7;Tree 7_E_2;0;2;0.08308426428110409;1.9306378622843359;stalk-surface-below-ring: y;Split;1;2430;7.367706373443954;0.0;stalk-surface-below-ring_y;<=;0.5;Yes;No;2551.0;0.0725746729202666;0.9274253270797334;0.0725746729202666;0.9274253270797334;Poisonous
Tree 7;Tree 7_E_2;1;3;0.07930719030965068;2.043189426304337;;Edge;0;2430;7.350722785885031;0.0;spore-print-color_u;<=;0.5;Yes;No;2430.0;0.025926886180969666;0.9740731138190304;0.025926886180969666;0.9740731138190304;Poisonous
Tree 7;Tree 7_E_2;2;3;0.07577763239998607;2.1557409903243383;;Edge;0;2430;7.333739198326109;0.0;spore-print-color_u;<=;0.5;Yes;No;2430.0;0.025926886180969666;0.9740731138190304;0.025926886180969666;0.9740731138190304;Poisonous
Tree 7;Tree 7_E_2;3;3;0.07271325252389926;2.2682925543443395;;Edge;0;2430;7.316755610767186;0.0;spore-print-color_u;<=;0.5;Yes;No;2430.0;0.025926886180969666;0.9740731138190304;0.025926886180969666;0.9740731138190304;Poisonous
Tree 7;Tree 7_E_2;4;3;0.07027560531703325;2.3808441183643407;;Edge;0;2430;7.299772023208263;0.0;spore-print-color_u;<=;0.5;Yes;No;2430.0;0.025926886180969666;0.9740731138190304;0.025926886180969666;0.9740731138190304;Poisonous
Tree 7;Tree 7_E_2;5;3;0.06855065220553386;2.4933956823843424;;Edge;0;2430;7.282788435649341;0.0;spore-print-color_u;<=;0.5;Yes;No;2430.0;0.025926886180969666;0.9740731138190304;0.025926886180969666;0.9740731138190304;Poisonous
Tree 7;Tree 7_E_2;6;3;0.06753839318940108;2.6059472464043436;;Edge;0;2430;7.265804848090418;0.0;spore-print-color_u;<=;0.5;Yes;No;2430.0;0.025926886180969666;0.9740731138190304;0.025926886180969666;0.9740731138190304;Poisonous
Tree 7;Tree 7_E_2;7;3;0.06715286684248908;2.718498810424345;;Edge;0;2430;7.248821260531495;0.0;spore-print-color_u;<=;0.5;Yes;No;2430.0;0.025926886180969666;0.9740731138190304;0.025926886180969666;0.9740731138190304;Poisonous
Tree 7;Tree 7_E_2;8;3;0.06723251852915489;2.831050374444346;;Edge;0;2430;7.231837672972572;0.0;spore-print-color_u;<=;0.5;Yes;No;2430.0;0.025926886180969666;0.9740731138190304;0.025926886180969666;0.9740731138190304;Poisonous
Tree 7;Tree 7_E_2;9;3;0.06755968627760951;2.9436019384643473;spore-print-color: u;Split;1;2430;7.214854085413649;0.0;spore-print-color_u;<=;0.5;Yes;No;2430.0;0.025926886180969666;0.9740731138190304;0.025926886180969666;0.9740731138190304;Poisonous
Tree 7;Tree 7_E_3;0;3;0.06755968627760951;2.9436019384643473;spore-print-color: u;Split;1;2399;7.214854085413649;0.0;spore-print-color_u;<=;0.5;Yes;No;2430.0;0.025926886180969666;0.9740731138190304;0.025926886180969666;0.9740731138190304;Poisonous
Tree 7;Tree 7_E_3;1;4;0.06232041655049479;3.065454795714105;;Edge;0;2399;7.2104352724355545;1.0;;;;;;2399.0;0.013392857142857142;0.9866071428571429;0.013392857142857142;0.9866071428571429;Poisonous
Tree 7;Tree 7_E_3;2;4;0.05732866288516888;3.187307652963863;;Edge;0;2399;7.20601645945746;1.0;;;;;;2399.0;0.013392857142857142;0.9866071428571429;0.013392857142857142;0.9866071428571429;Poisonous
Tree 7;Tree 7_E_3;3;4;0.05280208725342079;3.3091605102136215;;Edge;0;2399;7.201597646479365;1.0;;;;;;2399.0;0.013392857142857142;0.9866071428571429;0.013392857142857142;0.9866071428571429;Poisonous
Tree 7;Tree 7_E_3;4;4;0.04890224429089347;3.4310133674633794;;Edge;0;2399;7.19717883350127;1.0;;;;;;2399.0;0.013392857142857142;0.9866071428571429;0.013392857142857142;0.9866071428571429;Poisonous
Tree 7;Tree 7_E_3;5;4;0.04571509542373277;3.5528662247131373;;Edge;0;2399;7.192760020523175;1.0;;;;;;2399.0;0.013392857142857142;0.9866071428571429;0.013392857142857142;0.9866071428571429;Poisonous
Tree 7;Tree 7_E_3;6;4;0.043240640651938694;3.674719081962895;;Edge;0;2399;7.18834120754508;1.0;;;;;;2399.0;0.013392857142857142;0.9866071428571429;0.013392857142857142;0.9866071428571429;Poisonous
Tree 7;Tree 7_E_3;7;4;0.04139291854936538;3.796571939212653;;Edge;0;2399;7.183922394566985;1.0;;;;;;2399.0;0.013392857142857142;0.9866071428571429;0.013392857142857142;0.9866071428571429;Poisonous
Tree 7;Tree 7_E_3;8;4;0.04001037448036991;3.9184247964624115;;Edge;0;2399;7.17950358158889;1.0;;;;;;2399.0;0.013392857142857142;0.9866071428571429;0.013392857142857142;0.9866071428571429;Poisonous
Tree 7;Tree 7_E_3;9;4;0.03887534647316322;4.040277653712169;NO;NO;1;2399;7.1750847686107955;1.0;;;;;;2399.0;0.013392857142857142;0.9866071428571429;0.013392857142857142;0.9866071428571429;Poisonous
Tree 7;Tree 7_E_4;0;3;0.06755968627760951;2.9436019384643473;spore-print-color: u;Split;1;31;7.214854085413649;0.0;spore-print-color_u;<=;0.5;Yes;No;2430.0;0.025926886180969666;0.9740731138190304;0.025926886180969666;0.9740731138190304;Poisonous
Tree 7;Tree 7_E_4;1;5;0.07128506354248335;3.0695538619878304;;Edge;0;31;6.602309630318363;1.0;;;;;;31.0;1.0;0.0;1.0;0.0;Edible
Tree 7;Tree 7_E_4;2;5;0.0747629247455684;3.195505785511314;;Edge;0;31;5.989765175223077;1.0;;;;;;31.0;1.0;0.0;1.0;0.0;Edible
Tree 7;Tree 7_E_4;3;5;0.07777560791507561;3.321457709034797;;Edge;0;31;5.3772207201277915;1.0;;;;;;31.0;1.0;0.0;1.0;0.0;Edible
Tree 7;Tree 7_E_4;4;5;0.08016155841536206;3.447409632558281;;Edge;0;31;4.764676265032505;1.0;;;;;;31.0;1.0;0.0;1.0;0.0;Edible
Tree 7;Tree 7_E_4;5;5;0.08183481482028188;3.573361556081764;;Edge;0;31;4.152131809937218;1.0;;;;;;31.0;1.0;0.0;1.0;0.0;Edible
Tree 7;Tree 7_E_4;6;5;0.08279537712983509;3.699313479605247;;Edge;0;31;3.5395873548419328;1.0;;;;;;31.0;1.0;0.0;1.0;0.0;Edible
Tree 7;Tree 7_E_4;7;5;0.08312920677016751;3.8252654031287308;;Edge;0;31;2.927042899746647;1.0;;;;;;31.0;1.0;0.0;1.0;0.0;Edible
Tree 7;Tree 7_E_4;8;5;0.08299785837692211;3.9512173266522144;;Edge;0;31;2.3144984446513606;1.0;;;;;;31.0;1.0;0.0;1.0;0.0;Edible
Tree 7;Tree 7_E_4;9;5;0.08261899392188793;4.0771692501756975;YES;YES;1;31;1.701953989556074;1.0;;;;;;31.0;1.0;0.0;1.0;0.0;Edible
Tree 7;Tree 7_E_5;0;2;0.08308426428110409;1.9306378622843359;stalk-surface-below-ring: y;Split;1;121;7.367706373443954;0.0;stalk-surface-below-ring_y;<=;0.5;Yes;No;2551.0;0.0725746729202666;0.9274253270797334;0.0725746729202666;0.9274253270797334;Poisonous
Tree 7;Tree 7_E_5;1;6;0.09783371038413004;2.04940238132213;;Edge;0;121;6.814274692098437;1.0;;;;;;121.0;1.0;0.0;1.0;0.0;Edible
Tree 7;Tree 7_E_5;2;6;0.11233564042536719;2.1681669003599238;;Edge;0;121;6.26084301075292;1.0;;;;;;121.0;1.0;0.0;1.0;0.0;Edible
Tree 7;Tree 7_E_5;3;6;0.12637239243302653;2.286931419397718;;Edge;0;121;5.707411329407403;1.0;;;;;;121.0;1.0;0.0;1.0;0.0;Edible
Tree 7;Tree 7_E_5;4;6;0.13978241177146508;2.4056959384355117;;Edge;0;121;5.1539796480618865;1.0;;;;;;121.0;1.0;0.0;1.0;0.0;Edible
Tree 7;Tree 7_E_5;5;6;0.15247973701453701;2.524460457473306;;Edge;0;121;4.600547966716369;1.0;;;;;;121.0;1.0;0.0;1.0;0.0;Edible
Tree 7;Tree 7_E_5;6;6;0.16446436816224233;2.6432249765110996;;Edge;0;121;4.047116285370852;1.0;;;;;;121.0;1.0;0.0;1.0;0.0;Edible
Tree 7;Tree 7_E_5;7;6;0.17582226664072687;2.7619894955488937;;Edge;0;121;3.4936846040253355;1.0;;;;;;121.0;1.0;0.0;1.0;0.0;Edible
Tree 7;Tree 7_E_5;8;6;0.18671498708563358;2.8807540145866875;;Edge;0;121;2.940252922679819;1.0;;;;;;121.0;1.0;0.0;1.0;0.0;Edible
Tree 7;Tree 7_E_5;9;6;0.1973601914687515;2.9995185336244816;YES;YES;1;121;2.3868212413343013;1.0;;;;;;121.0;1.0;0.0;1.0;0.0;Edible
Tree 7;Tree 7_E_6;0;1;0.3243206493795047;1.0206280026026135;stalk-root: c;Split;1;357;7.798686270732699;0.0;stalk-root_c;<=;0.5;Yes;No;2908.0;0.1789040502490795;0.8210959497509205;0.1789040502490795;0.8210959497509205;Poisonous
Tree 7;Tree 7_E_6;1;7;0.33447936716394167;1.1208451642671144;;Edge;0;357;7.30795563222781;0.0;bruises_t;<=;0.5;Yes;No;357.0;0.9399293286219081;0.06007067137809187;0.9399293286219081;0.06007067137809187;Edible
Tree 7;Tree 7_E_6;2;7;0.34439056888658987;1.2210623259316151;;Edge;0;357;6.817224993722921;0.0;bruises_t;<=;0.5;Yes;No;357.0;0.9399293286219081;0.06007067137809187;0.9399293286219081;0.06007067137809187;Edible
Tree 7;Tree 7_E_6;3;7;0.35383659257566025;1.321279487596116;;Edge;0;357;6.326494355218032;0.0;bruises_t;<=;0.5;Yes;No;357.0;0.9399293286219081;0.06007067137809187;0.9399293286219081;0.06007067137809187;Edible
Tree 7;Tree 7_E_6;4;7;0.3626558835955098;1.4214966492606167;;Edge;0;357;5.835763716713143;0.0;bruises_t;<=;0.5;Yes;No;357.0;0.9399293286219081;0.06007067137809187;0.9399293286219081;0.06007067137809187;Edible
Tree 7;Tree 7_E_6;5;7;0.37076248051999283;1.5217138109251178;;Edge;0;357;5.345033078208254;0.0;bruises_t;<=;0.5;Yes;No;357.0;0.9399293286219081;0.06007067137809187;0.9399293286219081;0.06007067137809187;Edible
Tree 7;Tree 7_E_6;6;7;0.37815638334910917;1.6219309725896185;;Edge;0;357;4.854302439703365;0.0;bruises_t;<=;0.5;Yes;No;357.0;0.9399293286219081;0.06007067137809187;0.9399293286219081;0.06007067137809187;Edible
Tree 7;Tree 7_E_6;7;7;0.3849235535090047;1.7221481342541192;;Edge;0;357;4.363571801198477;0.0;bruises_t;<=;0.5;Yes;No;357.0;0.9399293286219081;0.06007067137809187;0.9399293286219081;0.06007067137809187;Edible
Tree 7;Tree 7_E_6;8;7;0.3912255456353224;1.82236529591862;;Edge;0;357;3.872841162693587;0.0;bruises_t;<=;0.5;Yes;No;357.0;0.9399293286219081;0.06007067137809187;0.9399293286219081;0.06007067137809187;Edible
Tree 7;Tree 7_E_6;9;7;0.3972800216998514;1.922582457583121;bruises: t;Split;1;357;3.3821105241886977;0.0;bruises_t;<=;0.5;Yes;No;357.0;0.9399293286219081;0.06007067137809187;0.9399293286219081;0.06007067137809187;Edible
Tree 7;Tree 7_E_7;0;7;0.3972800216998514;1.922582457583121;bruises: t;Split;1;20;3.3821105241886973;0.0;bruises_t;<=;0.5;Yes;No;357.0;0.9399293286219081;0.06007067137809187;0.9399293286219081;0.06007067137809187;Edible
Tree 7;Tree 7_E_7;1;8;0.3833161438966039;2.037912988375434;;Edge;0;20;3.1800785784356935;1.0;;;;;;20.0;0.0;1.0;0.0;1.0;Poisonous
Tree 7;Tree 7_E_7;2;8;0.3695997821551452;2.1532435191677464;;Edge;0;20;2.9780466326826893;1.0;;;;;;20.0;0.0;1.0;0.0;1.0;Poisonous
Tree 7;Tree 7_E_7;3;8;0.3563485984472643;2.2685740499600593;;Edge;0;20;2.7760146869296856;1.0;;;;;;20.0;0.0;1.0;0.0;1.0;Poisonous
Tree 7;Tree 7_E_7;4;8;0.3437241474086042;2.3839045807523718;;Edge;0;20;2.5739827411766814;1.0;;;;;;20.0;0.0;1.0;0.0;1.0;Poisonous
Tree 7;Tree 7_E_7;5;8;0.33181239046531075;2.4992351115446847;;Edge;0;20;2.371950795423677;1.0;;;;;;20.0;0.0;1.0;0.0;1.0;Poisonous
Tree 7;Tree 7_E_7;6;8;0.32061332761738387;2.614565642336997;;Edge;0;20;2.1699188496706734;1.0;;;;;;20.0;0.0;1.0;0.0;1.0;Poisonous
Tree 7;Tree 7_E_7;7;8;0.31004099743867786;2.72989617312931;;Edge;0;20;1.9678869039176698;1.0;;;;;;20.0;0.0;1.0;0.0;1.0;Poisonous
Tree 7;Tree 7_E_7;8;8;0.2999338452935496;2.8452267039216226;;Edge;0;20;1.7658549581646656;1.0;;;;;;20.0;0.0;1.0;0.0;1.0;Poisonous
Tree 7;Tree 7_E_7;9;8;0.2900742092102101;2.9605572347139355;NO;NO;1;20;1.5638230124116617;1.0;;;;;;20.0;0.0;1.0;0.0;1.0;Poisonous
Tree 7;Tree 7_E_8;0;7;0.3972800216998514;1.922582457583121;bruises: t;Split;1;337;3.3821105241886973;0.0;bruises_t;<=;0.5;Yes;No;357.0;0.9399293286219081;0.06007067137809187;0.9399293286219081;0.06007067137809187;Edible
Tree 7;Tree 7_E_8;1;9;0.4053738747008566;2.048637396273052;;Edge;0;337;3.374589696261819;1.0;;;;;;337.0;1.0;0.0;1.0;0.0;Edible
Tree 7;Tree 7_E_8;2;9;0.4132202116400731;2.1746923349629825;;Edge;0;337;3.3670688683349406;1.0;;;;;;337.0;1.0;0.0;1.0;0.0;Edible
Tree 7;Tree 7_E_8;3;9;0.42060137054571184;2.3007472736529135;;Edge;0;337;3.3595480404080624;1.0;;;;;;337.0;1.0;0.0;1.0;0.0;Edible
Tree 7;Tree 7_E_8;4;9;0.4273557967821297;2.426802212342844;;Edge;0;337;3.352027212481184;1.0;;;;;;337.0;1.0;0.0;1.0;0.0;Edible
Tree 7;Tree 7_E_8;5;9;0.43339752892318095;2.552857151032775;;Edge;0;337;3.3445063845543057;1.0;;;;;;337.0;1.0;0.0;1.0;0.0;Edible
Tree 7;Tree 7_E_8;6;9;0.4387265669688656;2.678912089722706;;Edge;0;337;3.336985556627427;1.0;;;;;;337.0;1.0;0.0;1.0;0.0;Edible
Tree 7;Tree 7_E_8;7;9;0.44342887234532946;2.804967028412637;;Edge;0;337;3.329464728700549;1.0;;;;;;337.0;1.0;0.0;1.0;0.0;Edible
Tree 7;Tree 7_E_8;8;9;0.44766599968821547;2.9310219671025677;;Edge;0;337;3.3219439007736704;1.0;;;;;;337.0;1.0;0.0;1.0;0.0;Edible
Tree 7;Tree 7_E_8;9;9;0.4516556109693127;3.0570769057924987;YES;YES;1;337;3.3144230728467923;1.0;;;;;;337.0;1.0;0.0;1.0;0.0;Edible
Tree 7;Tree 7_E_9;0;0;0.5;0.08;odor: n;Split;1;2188;10.0;0.0;odor_n;<=;0.5;Yes;No;5096.0;0.5168636139832595;0.4831363860167405;0.5168636139832595;0.4831363860167405;Edible
Tree 7;Tree 7_E_9;1;10;0.532700425151009;0.18987525881299827;;Edge;0;2188;9.655252896161311;0.0;stalk-color-above-ring_y;<=;0.5;Yes;No;2188.0;0.9617907043056744;0.038209295694325636;0.9617907043056744;0.038209295694325636;Edible
Tree 7;Tree 7_E_9;2;10;0.5651533342402294;0.2997505176259965;;Edge;0;2188;9.310505792322623;0.0;stalk-color-above-ring_y;<=;0.5;Yes;No;2188.0;0.9617907043056744;0.038209295694325636;0.9617907043056744;0.038209295694325636;Edible
Tree 7;Tree 7_E_9;3;10;0.5971410652958719;0.40962577643899484;;Edge;0;2188;8.965758688483934;0.0;stalk-color-above-ring_y;<=;0.5;Yes;No;2188.0;0.9617907043056744;0.038209295694325636;0.9617907043056744;0.038209295694325636;Edible
Tree 7;Tree 7_E_9;4;10;0.6285020636822934;0.5195010352519931;;Edge;0;2188;8.621011584645245;0.0;stalk-color-above-ring_y;<=;0.5;Yes;No;2188.0;0.9617907043056744;0.038209295694325636;0.9617907043056744;0.038209295694325636;Edible
Tree 7;Tree 7_E_9;5;10;0.6591503679733486;0.6293762940649914;;Edge;0;2188;8.276264480806557;0.0;stalk-color-above-ring_y;<=;0.5;Yes;No;2188.0;0.9617907043056744;0.038209295694325636;0.9617907043056744;0.038209295694325636;Edible
Tree 7;Tree 7_E_9;6;10;0.689085978169037;0.7392515528779896;;Edge;0;2188;7.93151737696787;0.0;stalk-color-above-ring_y;<=;0.5;Yes;No;2188.0;0.9617907043056744;0.038209295694325636;0.9617907043056744;0.038209295694325636;Edible
Tree 7;Tree 7_E_9;7;10;0.7183948556955047;0.8491268116909878;;Edge;0;2188;7.586770273129181;0.0;stalk-color-above-ring_y;<=;0.5;Yes;No;2188.0;0.9617907043056744;0.038209295694325636;0.9617907043056744;0.038209295694325636;Edible
Tree 7;Tree 7_E_9;8;10;0.7472385551883944;0.9590020705039861;;Edge;0;2188;7.242023169290492;0.0;stalk-color-above-ring_y;<=;0.5;Yes;No;2188.0;0.9617907043056744;0.038209295694325636;0.9617907043056744;0.038209295694325636;Edible
Tree 7;Tree 7_E_9;9;10;0.7758347386194956;1.0688773293169844;stalk-color-above-ring: y;Split;1;2188;6.897276065451804;0.0;stalk-color-above-ring_y;<=;0.5;Yes;No;2188.0;0.9617907043056744;0.038209295694325636;0.9617907043056744;0.038209295694325636;Edible
Tree 7;Tree 7_E_10;0;10;0.7758347386194956;1.0688773293169844;stalk-color-above-ring: y;Split;1;2184;6.897276065451804;0.0;stalk-color-above-ring_y;<=;0.5;Yes;No;2188.0;0.9617907043056744;0.038209295694325636;0.9617907043056744;0.038209295694325636;Edible
Tree 7;Tree 7_E_10;1;11;0.7522585769700163;1.1699401968837413;;Edge;0;2184;6.896676839998469;0.0;spore-print-color_r;<=;0.5;Yes;No;2184.0;0.9637142857142857;0.03628571428571428;0.9637142857142857;0.03628571428571428;Edible
Tree 7;Tree 7_E_10;2;11;0.7289299313823258;1.2710030644504984;;Edge;0;2184;6.896077614545135;0.0;spore-print-color_r;<=;0.5;Yes;No;2184.0;0.9637142857142857;0.03628571428571428;0.9637142857142857;0.03628571428571428;Edible
Tree 7;Tree 7_E_10;3;11;0.7060664638282129;1.3720659320172552;;Edge;0;2184;6.8954783890918;0.0;spore-print-color_r;<=;0.5;Yes;No;2184.0;0.9637142857142857;0.03628571428571428;0.9637142857142857;0.03628571428571428;Edible
Tree 7;Tree 7_E_10;4;11;0.6838297289433211;1.4731287995840123;;Edge;0;2184;6.894879163638466;0.0;spore-print-color_r;<=;0.5;Yes;No;2184.0;0.9637142857142857;0.03628571428571428;0.9637142857142857;0.03628571428571428;Edible
Tree 7;Tree 7_E_10;5;11;0.6623056881537958;1.5741916671507692;;Edge;0;2184;6.894279938185131;0.0;spore-print-color_r;<=;0.5;Yes;No;2184.0;0.9637142857142857;0.03628571428571428;0.9637142857142857;0.03628571428571428;Edible
Tree 7;Tree 7_E_10;6;11;0.641494341459637;1.675254534717526;;Edge;0;2184;6.893680712731797;0.0;spore-print-color_r;<=;0.5;Yes;No;2184.0;0.9637142857142857;0.03628571428571428;0.9637142857142857;0.03628571428571428;Edible
Tree 7;Tree 7_E_10;7;11;0.621309727434699;1.776317402284283;;Edge;0;2184;6.8930814872784625;0.0;spore-print-color_r;<=;0.5;Yes;No;2184.0;0.9637142857142857;0.03628571428571428;0.9637142857142857;0.03628571428571428;Edible
Tree 7;Tree 7_E_10;8;11;0.601590291443339;1.8773802698510402;;Edge;0;2184;6.892482261825128;0.0;spore-print-color_r;<=;0.5;Yes;No;2184.0;0.9637142857142857;0.03628571428571428;0.9637142857142857;0.03628571428571428;Edible
Tree 7;Tree 7_E_10;9;11;0.5821183715137677;1.978443137417797;spore-print-color: r;Split;1;2184;6.891883036371794;0.0;spore-print-color_r;<=;0.5;Yes;No;2184.0;0.9637142857142857;0.03628571428571428;0.9637142857142857;0.03628571428571428;Edible
Tree 7;Tree 7_E_11;0;11;0.5821183715137677;1.978443137417797;spore-print-color: r;Split;1;2133;6.891883036371794;0.0;spore-print-color_r;<=;0.5;Yes;No;2184.0;0.9637142857142857;0.03628571428571428;0.9637142857142857;0.03628571428571428;Edible
Tree 7;Tree 7_E_11;1;12;0.5798559774917955;2.083061210509905;;Edge;0;2133;6.8841942636898725;0.0;spore-print-color_n;<=;0.5;Yes;No;2133.0;0.9882801054790507;0.011719894520949311;0.9882801054790507;0.011719894520949311;Edible
Tree 7;Tree 7_E_11;2;12;0.577841099531612;2.187679283602013;;Edge;0;2133;6.8765054910079515;0.0;spore-print-color_n;<=;0.5;Yes;No;2133.0;0.9882801054790507;0.011719894520949311;0.9882801054790507;0.011719894520949311;Edible
Tree 7;Tree 7_E_11;3;12;0.5762913996050064;2.292297356694121;;Edge;0;2133;6.8688167183260305;0.0;spore-print-color_n;<=;0.5;Yes;No;2133.0;0.9882801054790507;0.011719894520949311;0.9882801054790507;0.011719894520949311;Edible
Tree 7;Tree 7_E_11;4;12;0.5753684323476217;2.396915429786229;;Edge;0;2133;6.861127945644109;0.0;spore-print-color_n;<=;0.5;Yes;No;2133.0;0.9882801054790507;0.011719894520949311;0.9882801054790507;0.011719894520949311;Edible
Tree 7;Tree 7_E_11;5;12;0.5751581591856034;2.501533502878337;;Edge;0;2133;6.8534391729621875;0.0;spore-print-color_n;<=;0.5;Yes;No;2133.0;0.9882801054790507;0.011719894520949311;0.9882801054790507;0.011719894520949311;Edible
Tree 7;Tree 7_E_11;6;12;0.5756605801189518;2.6061515759704452;;Edge;0;2133;6.8457504002802665;0.0;spore-print-color_n;<=;0.5;Yes;No;2133.0;0.9882801054790507;0.011719894520949311;0.9882801054790507;0.011719894520949311;Edible
Tree 7;Tree 7_E_11;7;12;0.5767897337215211;2.710769649062553;;Edge;0;2133;6.8380616275983455;0.0;spore-print-color_n;<=;0.5;Yes;No;2133.0;0.9882801054790507;0.011719894520949311;0.9882801054790507;0.011719894520949311;Edible
Tree 7;Tree 7_E_11;8;12;0.5783840653576681;2.815387722154661;;Edge;0;2133;6.830372854916424;0.0;spore-print-color_n;<=;0.5;Yes;No;2133.0;0.9882801054790507;0.011719894520949311;0.9882801054790507;0.011719894520949311;Edible
Tree 7;Tree 7_E_11;9;12;0.5802259130556039;2.920005795246769;spore-print-color: n;Split;1;2133;6.822684082234503;0.0;spore-print-color_n;<=;0.5;Yes;No;2133.0;0.9882801054790507;0.011719894520949311;0.9882801054790507;0.011719894520949311;Edible
Tree 7;Tree 7_E_12;0;12;0.5802259130556039;2.920005795246769;spore-print-color: n;Split;1;1290;6.822684082234503;0.0;spore-print-color_n;<=;0.5;Yes;No;2133.0;0.9882801054790507;0.011719894520949311;0.9882801054790507;0.011719894520949311;Edible
Tree 7;Tree 7_E_12;1;13;0.5728123859701854;3.0378166897733627;;Edge;0;1290;6.678849105228289;1.0;;;;;;1290.0;0.9807969275084013;0.019203072491598656;0.9807969275084013;0.019203072491598656;Edible
Tree 7;Tree 7_E_12;2;13;0.5656463749465556;3.1556275842999564;;Edge;0;1290;6.535014128222074;1.0;;;;;;1290.0;0.9807969275084013;0.019203072491598656;0.9807969275084013;0.019203072491598656;Edible
Tree 7;Tree 7_E_12;3;13;0.5589455419565036;3.27343847882655;;Edge;0;1290;6.3911791512158596;1.0;;;;;;1290.0;0.9807969275084013;0.019203072491598656;0.9807969275084013;0.019203072491598656;Edible
Tree 7;Tree 7_E_12;4;13;0.5528714416356725;3.3912493733531432;;Edge;0;1290;6.247344174209645;1.0;;;;;;1290.0;0.9807969275084013;0.019203072491598656;0.9807969275084013;0.019203072491598656;Edible
Tree 7;Tree 7_E_12;5;13;0.5475100354102079;3.509060267879737;;Edge;0;1290;6.10350919720343;1.0;;;;;;1290.0;0.9807969275084013;0.019203072491598656;0.9807969275084013;0.019203072491598656;Edible
Tree 7;Tree 7_E_12;6;13;0.5428613232801099;3.6268711624063306;;Edge;0;1290;5.959674220197216;1.0;;;;;;1290.0;0.9807969275084013;0.019203072491598656;0.9807969275084013;0.019203072491598656;Edible
Tree 7;Tree 7_E_12;7;13;0.5388393438192328;3.744682056932924;;Edge;0;1290;5.815839243191001;1.0;;;;;;1290.0;0.9807969275084013;0.019203072491598656;0.9807969275084013;0.019203072491598656;Edible
Tree 7;Tree 7_E_12;8;13;0.5352825423919335;3.862492951459518;;Edge;0;1290;5.6720042661847865;1.0;;;;;;1290.0;0.9807969275084013;0.019203072491598656;0.9807969275084013;0.019203072491598656;Edible
Tree 7;Tree 7_E_12;9;13;0.531973257026423;3.9803038459861115;YES;YES;1;1290;5.528169289178572;1.0;;;;;;1290.0;0.9807969275084013;0.019203072491598656;0.9807969275084013;0.019203072491598656;Edible
Tree 7;Tree 7_E_13;0;12;0.5802259130556039;2.920005795246769;spore-print-color: n;Split;1;843;6.822684082234503;0.0;spore-print-color_n;<=;0.5;Yes;No;2133.0;0.9882801054790507;0.011719894520949311;0.9882801054790507;0.011719894520949311;Edible
Tree 7;Tree 7_E_13;1;14;0.5827052914828051;3.0477648065356537;;Edge;0;843;6.582442507675928;1.0;;;;;;843.0;1.0;0.0;1.0;0.0;Edible
Tree 7;Tree 7_E_13;2;14;0.5849371538482175;3.1755238178245384;;Edge;0;843;6.342200933117354;1.0;;;;;;843.0;1.0;0.0;1.0;0.0;Edible
Tree 7;Tree 7_E_13;3;14;0.5867038381800522;3.303282829113423;;Edge;0;843;6.101959358558779;1.0;;;;;;843.0;1.0;0.0;1.0;0.0;Edible
Tree 7;Tree 7_E_13;4;14;0.5878437898426659;3.431041840402308;;Edge;0;843;5.861717784000204;1.0;;;;;;843.0;1.0;0.0;1.0;0.0;Edible
Tree 7;Tree 7_E_13;5;14;0.5882710474099132;3.558800851691193;;Edge;0;843;5.62147620944163;1.0;;;;;;843.0;1.0;0.0;1.0;0.0;Edible
Tree 7;Tree 7_E_13;6;14;0.5879856108817938;3.6865598629800775;;Edge;0;843;5.381234634883055;1.0;;;;;;843.0;1.0;0.0;1.0;0.0;Edible
Tree 7;Tree 7_E_13;7;14;0.5870734416844536;3.814318874268962;;Edge;0;843;5.14099306032448;1.0;;;;;;843.0;1.0;0.0;1.0;0.0;Edible
Tree 7;Tree 7_E_13;8;14;0.5856960944535355;3.942077885557847;;Edge;0;843;4.900751485765905;1.0;;;;;;843.0;1.0;0.0;1.0;0.0;Edible
Tree 7;Tree 7_E_13;9;14;0.5840712311608288;4.0698368968467316;YES;YES;1;843;4.66050991120733;1.0;;;;;;843.0;1.0;0.0;1.0;0.0;Edible
Tree 7;Tree 7_E_14;0;11;0.5821183715137677;1.978443137417797;spore-print-color: r;Split;1;51;6.891883036371794;0.0;spore-print-color_r;<=;0.5;Yes;No;2184.0;0.9637142857142857;0.03628571428571428;0.9637142857142857;0.03628571428571428;Edible
Tree 7;Tree 7_E_14;1;15;0.5981449188667473;2.098139571733787;;Edge;0;51;6.33726860443323;1.0;;;;;;51.0;0.0;1.0;0.0;1.0;Poisonous
Tree 7;Tree 7_E_14;2;15;0.6139239501579381;2.2178360060497777;;Edge;0;51;5.782654172494665;1.0;;;;;;51.0;0.0;1.0;0.0;1.0;Poisonous
Tree 7;Tree 7_E_14;3;15;0.6292378034155511;2.337532440365768;;Edge;0;51;5.228039740556101;1.0;;;;;;51.0;0.0;1.0;0.0;1.0;Poisonous
Tree 7;Tree 7_E_14;4;15;0.6439249240039433;2.457228874681758;;Edge;0;51;4.673425308617537;1.0;;;;;;51.0;0.0;1.0;0.0;1.0;Poisonous
Tree 7;Tree 7_E_14;5;15;0.6578993504969688;2.5769253089977484;;Edge;0;51;4.118810876678972;1.0;;;;;;51.0;0.0;1.0;0.0;1.0;Poisonous
Tree 7;Tree 7_E_14;6;15;0.6711610828946278;2.6966217433137385;;Edge;0;51;3.564196444740408;1.0;;;;;;51.0;0.0;1.0;0.0;1.0;Poisonous
Tree 7;Tree 7_E_14;7;15;0.683796082623066;2.8163181776297286;;Edge;0;51;3.009582012801844;1.0;;;;;;51.0;0.0;1.0;0.0;1.0;Poisonous
Tree 7;Tree 7_E_14;8;15;0.6959659043179264;2.936014611945719;;Edge;0;51;2.45496758086328;1.0;;;;;;51.0;0.0;1.0;0.0;1.0;Poisonous
Tree 7;Tree 7_E_14;9;15;0.707888209950998;3.055711046261709;NO;NO;1;51;1.9003531489247152;1.0;;;;;;51.0;0.0;1.0;0.0;1.0;Poisonous
Tree 7;Tree 7_E_15;0;10;0.7758347386194956;1.0688773293169844;stalk-color-above-ring: y;Split;1;4;6.897276065451804;0.0;stalk-color-above-ring_y;<=;0.5;Yes;No;2188.0;0.9617907043056744;0.038209295694325636;0.9617907043056744;0.038209295694325636;Edible
Tree 7;Tree 7_E_15;1;16;0.7880963876667146;1.167767991985685;;Edge;0;4;6.270039760024519;1.0;;;;;;4.0;0.0;1.0;0.0;1.0;Poisonous
Tree 7;Tree 7_E_15;2;16;0.800110520652145;1.2666586546543857;;Edge;0;4;5.642803454597233;1.0;;;;;;4.0;0.0;1.0;0.0;1.0;Poisonous
Tree 7;Tree 7_E_15;3;16;0.8116594756039975;1.3655493173230862;;Edge;0;4;5.015567149169948;1.0;;;;;;4.0;0.0;1.0;0.0;1.0;Poisonous
Tree 7;Tree 7_E_15;4;16;0.8225816978866292;1.4644399799917869;;Edge;0;4;4.388330843742663;1.0;;;;;;4.0;0.0;1.0;0.0;1.0;Poisonous
Tree 7;Tree 7_E_15;5;16;0.8327912260738943;1.5633306426604874;;Edge;0;4;3.7610945383153775;1.0;;;;;;4.0;0.0;1.0;0.0;1.0;Poisonous
Tree 7;Tree 7_E_15;6;16;0.8422880601657928;1.6622213053291879;;Edge;0;4;3.1338582328880924;1.0;;;;;;4.0;0.0;1.0;0.0;1.0;Poisonous
Tree 7;Tree 7_E_15;7;16;0.8511581615884705;1.7611119679978886;;Edge;0;4;2.5066219274608077;1.0;;;;;;4.0;0.0;1.0;0.0;1.0;Poisonous
Tree 7;Tree 7_E_15;8;16;0.8595630849775704;1.8600026306665893;;Edge;0;4;1.8793856220335217;1.0;;;;;;4.0;0.0;1.0;0.0;1.0;Poisonous
Tree 7;Tree 7_E_15;9;16;0.8677204923048815;1.9588932933352898;NO;NO;1;4;1.2521493166062365;1.0;;;;;;4.0;0.0;1.0;0.0;1.0;Poisonous
Tree 8;Tree 8_TRUNK;0;-1;0.5;-0.92;;Trunk;0;5136;11.0;;;;;;;;;;;;
Tree 8;Tree 8_TRUNK;1;-1;0.5065082560867634;-0.7771428571428571;;Trunk;0;5136;10.714285714285714;;;;;;;;;;;;
Tree 8;Tree 8_TRUNK;2;-1;0.5117274722370204;-0.6342857142857143;;Trunk;0;5136;10.428571428571429;;;;;;;;;;;;
Tree 8;Tree 8_TRUNK;3;-1;0.5146239186827274;-0.4914285714285715;;Trunk;0;5136;10.142857142857142;;;;;;;;;;;;
Tree 8;Tree 8_TRUNK;4;-1;0.5146239186827274;-0.34857142857142864;;Trunk;0;5136;9.857142857142858;;;;;;;;;;;;
Tree 8;Tree 8_TRUNK;5;-1;0.5117274722370204;-0.20571428571428574;;Trunk;0;5136;9.571428571428571;;;;;;;;;;;;
Tree 8;Tree 8_TRUNK;6;-1;0.5065082560867634;-0.06285714285714294;;Trunk;0;5136;9.285714285714286;;;;;;;;;;;;
Tree 8;Tree 8_TRUNK;7;-1;0.5;0.07999999999999996;;Trunk;0;5136;9.0;;;;;;;;;;;;
Tree 8;Tree 8_E_0;0;0;0.5;0.08;bruises: f;Split;1;2137;10.0;0.0;bruises_f;<=;0.5;Yes;No;5136.0;0.5176021664204825;0.4823978335795175;0.5176021664204825;0.4823978335795175;Edible
Tree 8;Tree 8_E_0;1;1;0.4784279512933243;0.1845142225114015;;Edge;0;2137;9.645044614361778;0.0;habitat_g;<=;0.5;Yes;No;2137.0;0.8191458026509573;0.1808541973490427;0.8191458026509573;0.1808541973490427;Edible
Tree 8;Tree 8_E_0;2;1;0.4571034186484374;0.289028445022803;;Edge;0;2137;9.290089228723554;0.0;habitat_g;<=;0.5;Yes;No;2137.0;0.8191458026509573;0.1808541973490427;0.8191458026509573;0.1808541973490427;Edible
Tree 8;Tree 8_E_0;3;1;0.43624406403712823;0.3935426675342045;;Edge;0;2137;8.935133843085332;0.0;habitat_g;<=;0.5;Yes;No;2137.0;0.8191458026509573;0.1808541973490427;0.8191458026509573;0.1808541973490427;Edible
Tree 8;Tree 8_E_0;4;1;0.41601144209503993;0.49805689004560605;;Edge;0;2137;8.58017845744711;0.0;habitat_g;<=;0.5;Yes;No;2137.0;0.8191458026509573;0.1808541973490427;0.8191458026509573;0.1808541973490427;Edible
Tree 8;Tree 8_E_0;5;1;0.39649151424831824;0.6025711125570076;;Edge;0;2137;8.225223071808886;0.0;habitat_g;<=;0.5;Yes;No;2137.0;0.8191458026509573;0.1808541973490427;0.8191458026509573;0.1808541973490427;Edible
Tree 8;Tree 8_E_0;6;1;0.3776842804969632;0.707085335068409;;Edge;0;2137;7.8702676861706635;0.0;habitat_g;<=;0.5;Yes;No;2137.0;0.8191458026509573;0.1808541973490427;0.8191458026509573;0.1808541973490427;Edible
Tree 8;Tree 8_E_0;7;1;0.3595037794148289;0.8115995575798104;;Edge;0;2137;7.515312300532441;0.0;habitat_g;<=;0.5;Yes;No;2137.0;0.8191458026509573;0.1808541973490427;0.8191458026509573;0.1808541973490427;Edible
Tree 8;Tree 8_E_0;8;1;0.3417884563662724;0.916113780091212;;Edge;0;2137;7.160356914894218;0.0;habitat_g;<=;0.5;Yes;No;2137.0;0.8191458026509573;0.1808541973490427;0.8191458026509573;0.1808541973490427;Edible
Tree 8;Tree 8_E_0;9;1;0.3243206493795047;1.0206280026026135;habitat: g;Split;1;2137;6.805401529255995;0.0;habitat_g;<=;0.5;Yes;No;2137.0;0.8191458026509573;0.1808541973490427;0.8191458026509573;0.1808541973490427;Edible
Tree 8;Tree 8_E_1;0;1;0.3243206493795047;1.0206280026026135;habitat: g;Split;1;1716;6.805401529255995;0.0;habitat_g;<=;0.5;Yes;No;2137.0;0.8191458026509573;0.1808541973490427;0.8191458026509573;0.1808541973490427;Edible
Tree 8;Tree 8_E_1;1;2;0.29546448573083955;1.121740209233916;;Edge;0;1716;6.738381265188139;0.0;habitat_u;<=;0.5;Yes;No;1716.0;0.8884388807069219;0.11156111929307806;0.8884388807069219;0.11156111929307806;Edible
Tree 8;Tree 8_E_1;2;2;0.26685583814396313;1.2228524158652185;;Edge;0;1716;6.671361001120284;0.0;habitat_u;<=;0.5;Yes;No;1716.0;0.8884388807069219;0.11156111929307806;0.8884388807069219;0.11156111929307806;Edible
Tree 8;Tree 8_E_1;3;2;0.23871236859066455;1.323964622496521;;Edge;0;1716;6.6043407370524285;0.0;habitat_u;<=;0.5;Yes;No;1716.0;0.8884388807069219;0.11156111929307806;0.8884388807069219;0.11156111929307806;Edible
Tree 8;Tree 8_E_1;4;2;0.21119563170658676;1.4250768291278235;;Edge;0;1716;6.5373204729845735;0.0;habitat_u;<=;0.5;Yes;No;1716.0;0.8884388807069219;0.11156111929307806;0.8884388807069219;0.11156111929307806;Edible
Tree 8;Tree 8_E_1;5;2;0.18439158891787558;1.526189035759126;;Edge;0;1716;6.470300208916718;0.0;habitat_u;<=;0.5;Yes;No;1716.0;0.8884388807069219;0.11156111929307806;0.8884388807069219;0.11156111929307806;Edible
Tree 8;Tree 8_E_1;6;2;0.158300240224531;1.6273012423904283;;Edge;0;1716;6.403279944848863;0.0;habitat_u;<=;0.5;Yes;No;1716.0;0.8884388807069219;0.11156111929307806;0.8884388807069219;0.11156111929307806;Edible
Tree 8;Tree 8_E_1;7;2;0.13283562420040726;1.7284134490217307;;Edge;0;1716;6.336259680781007;0.0;habitat_u;<=;0.5;Yes;No;1716.0;0.8884388807069219;0.11156111929307806;0.8884388807069219;0.11156111929307806;Edible
Tree 8;Tree 8_E_1;8;2;0.10783618620986127;1.8295256556530335;;Edge;0;1716;6.269239416713152;0.0;habitat_u;<=;0.5;Yes;No;1716.0;0.8884388807069219;0.11156111929307806;0.8884388807069219;0.11156111929307806;Edible
Tree 8;Tree 8_E_1;9;2;0.0830842642811041;1.9306378622843359;habitat: u;Split;1;1716;6.202219152645296;0.0;habitat_u;<=;0.5;Yes;No;1716.0;0.8884388807069219;0.11156111929307806;0.8884388807069219;0.11156111929307806;Edible
Tree 8;Tree 8_E_2;0;2;0.08308426428110409;1.9306378622843359;habitat: u;Split;1;1548;6.202219152645296;0.0;habitat_u;<=;0.5;Yes;No;1716.0;0.8884388807069219;0.11156111929307806;0.8884388807069219;0.11156111929307806;Edible
Tree 8;Tree 8_E_2;1;3;0.07930719030965068;2.043189426304337;;Edge;0;1548;6.173195593934482;0.0;spore-print-color_k;<=;0.5;Yes;No;1548.0;0.9832925835370823;0.016707416462917686;0.9832925835370823;0.016707416462917686;Edible
Tree 8;Tree 8_E_2;2;3;0.07577763239998607;2.1557409903243383;;Edge;0;1548;6.144172035223667;0.0;spore-print-color_k;<=;0.5;Yes;No;1548.0;0.9832925835370823;0.016707416462917686;0.9832925835370823;0.016707416462917686;Edible
Tree 8;Tree 8_E_2;3;3;0.07271325252389926;2.2682925543443395;;Edge;0;1548;6.115148476512853;0.0;spore-print-color_k;<=;0.5;Yes;No;1548.0;0.9832925835370823;0.016707416462917686;0.9832925835370823;0.016707416462917686;Edible
Tree 8;Tree 8_E_2;4;3;0.07027560531703325;2.3808441183643407;;Edge;0;1548;6.086124917802038;0.0;spore-print-color_k;<=;0.5;Yes;No;1548.0;0.9832925835370823;0.016707416462917686;0.9832925835370823;0.016707416462917686;Edible
Tree 8;Tree 8_E_2;5;3;0.06855065220553386;2.4933956823843424;;Edge;0;1548;6.057101359091224;0.0;spore-print-color_k;<=;0.5;Yes;No;1548.0;0.9832925835370823;0.016707416462917686;0.9832925835370823;0.016707416462917686;Edible
Tree 8;Tree 8_E_2;6;3;0.06753839318940108;2.6059472464043436;;Edge;0;1548;6.028077800380409;0.0;spore-print-color_k;<=;0.5;Yes;No;1548.0;0.9832925835370823;0.016707416462917686;0.9832925835370823;0.016707416462917686;Edible
Tree 8;Tree 8_E_2;7;3;0.06715286684248908;2.718498810424345;;Edge;0;1548;5.999054241669595;0.0;spore-print-color_k;<=;0.5;Yes;No;1548.0;0.9832925835370823;0.016707416462917686;0.9832925835370823;0.016707416462917686;Edible
Tree 8;Tree 8_E_2;8;3;0.06723251852915489;2.831050374444346;;Edge;0;1548;5.97003068295878;0.0;spore-print-color_k;<=;0.5;Yes;No;1548.0;0.9832925835370823;0.016707416462917686;0.9832925835370823;0.016707416462917686;Edible
Tree 8;Tree 8_E_2;9;3;0.06755968627760951;2.9436019384643473;spore-print-color: k;Split;1;1548;5.941007124247966;0.0;spore-print-color_k;<=;0.5;Yes;No;1548.0;0.9832925835370823;0.016707416462917686;0.9832925835370823;0.016707416462917686;Edible
Tree 8;Tree 8_E_3;0;3;0.06755968627760951;2.9436019384643473;spore-print-color: k;Split;1;875;5.941007124247966;0.0;spore-print-color_k;<=;0.5;Yes;No;1548.0;0.9832925835370823;0.016707416462917686;0.9832925835370823;0.016707416462917686;Edible
Tree 8;Tree 8_E_3;1;4;0.06232041655049479;3.065454795714105;;Edge;0;875;5.80476054961934;1.0;;;;;;875.0;0.9703757225433526;0.029624277456647398;0.9703757225433526;0.029624277456647398;Edible
Tree 8;Tree 8_E_3;2;4;0.05732866288516888;3.187307652963863;;Edge;0;875;5.668513974990714;1.0;;;;;;875.0;0.9703757225433526;0.029624277456647398;0.9703757225433526;0.029624277456647398;Edible
Tree 8;Tree 8_E_3;3;4;0.05280208725342079;3.3091605102136215;;Edge;0;875;5.532267400362088;1.0;;;;;;875.0;0.9703757225433526;0.029624277456647398;0.9703757225433526;0.029624277456647398;Edible
Tree 8;Tree 8_E_3;4;4;0.04890224429089347;3.4310133674633794;;Edge;0;875;5.396020825733462;1.0;;;;;;875.0;0.9703757225433526;0.029624277456647398;0.9703757225433526;0.029624277456647398;Edible
Tree 8;Tree 8_E_3;5;4;0.04571509542373277;3.5528662247131373;;Edge;0;875;5.259774251104837;1.0;;;;;;875.0;0.9703757225433526;0.029624277456647398;0.9703757225433526;0.029624277456647398;Edible
Tree 8;Tree 8_E_3;6;4;0.043240640651938694;3.674719081962895;;Edge;0;875;5.12352767647621;1.0;;;;;;875.0;0.9703757225433526;0.029624277456647398;0.9703757225433526;0.029624277456647398;Edible
Tree 8;Tree 8_E_3;7;4;0.04139291854936538;3.796571939212653;;Edge;0;875;4.987281101847585;1.0;;;;;;875.0;0.9703757225433526;0.029624277456647398;0.9703757225433526;0.029624277456647398;Edible
Tree 8;Tree 8_E_3;8;4;0.04001037448036991;3.9184247964624115;;Edge;0;875;4.851034527218959;1.0;;;;;;875.0;0.9703757225433526;0.029624277456647398;0.9703757225433526;0.029624277456647398;Edible
Tree 8;Tree 8_E_3;9;4;0.03887534647316322;4.040277653712169;YES;YES;1;875;4.714787952590333;1.0;;;;;;875.0;0.9703757225433526;0.029624277456647398;0.9703757225433526;0.029624277456647398;Edible
Tree 8;Tree 8_E_4;0;3;0.06755968627760951;2.9436019384643473;spore-print-color: k;Split;1;673;5.941007124247966;0.0;spore-print-color_k;<=;0.5;Yes;No;1548.0;0.9832925835370823;0.016707416462917686;0.9832925835370823;0.016707416462917686;Edible
Tree 8;Tree 8_E_4;1;5;0.07128506354248335;3.0695538619878304;;Edge;0;673;5.753995041805311;1.0;;;;;;673.0;1.0;0.0;1.0;0.0;Edible
Tree 8;Tree 8_E_4;2;5;0.0747629247455684;3.195505785511314;;Edge;0;673;5.566982959362656;1.0;;;;;;673.0;1.0;0.0;1.0;0.0;Edible
Tree 8;Tree 8_E_4;3;5;0.07777560791507561;3.321457709034797;;Edge;0;673;5.3799708769200025;1.0;;;;;;673.0;1.0;0.0;1.0;0.0;Edible
Tree 8;Tree 8_E_4;4;5;0.08016155841536206;3.447409632558281;;Edge;0;673;5.192958794477348;1.0;;;;;;673.0;1.0;0.0;1.0;0.0;Edible
Tree 8;Tree 8_E_4;5;5;0.08183481482028188;3.573361556081764;;Edge;0;673;5.005946712034693;1.0;;;;;;673.0;1.0;0.0;1.0;0.0;Edible
Tree 8;Tree 8_E_4;6;5;0.08279537712983509;3.699313479605247;;Edge;0;673;4.818934629592039;1.0;;;;;;673.0;1.0;0.0;1.0;0.0;Edible
Tree 8;Tree 8_E_4;7;5;0.08312920677016751;3.8252654031287308;;Edge;0;673;4.631922547149385;1.0;;;;;;673.0;1.0;0.0;1.0;0.0;Edible
Tree 8;Tree 8_E_4;8;5;0.08299785837692211;3.9512173266522144;;Edge;0;673;4.44491046470673;1.0;;;;;;673.0;1.0;0.0;1.0;0.0;Edible
Tree 8;Tree 8_E_4;9;5;0.08261899392188793;4.0771692501756975;YES;YES;1;673;4.2578983822640755;1.0;;;;;;673.0;1.0;0.0;1.0;0.0;Edible
Tree 8;Tree 8_E_5;0;2;0.08308426428110409;1.9306378622843359;habitat: u;Split;1;168;6.202219152645296;0.0;habitat_u;<=;0.5;Yes;No;1716.0;0.8884388807069219;0.11156111929307806;0.8884388807069219;0.11156111929307806;Edible
Tree 8;Tree 8_E_5;1;6;0.09783371038413004;2.04940238132213;;Edge;0;168;5.805054638616455;1.0;;;;;;168.0;0.0;1.0;0.0;1.0;Poisonous
Tree 8;Tree 8_E_5;2;6;0.11233564042536719;2.1681669003599238;;Edge;0;168;5.407890124587613;1.0;;;;;;168.0;0.0;1.0;0.0;1.0;Poisonous
Tree 8;Tree 8_E_5;3;6;0.12637239243302653;2.286931419397718;;Edge;0;168;5.010725610558772;1.0;;;;;;168.0;0.0;1.0;0.0;1.0;Poisonous
Tree 8;Tree 8_E_5;4;6;0.13978241177146508;2.4056959384355117;;Edge;0;168;4.613561096529931;1.0;;;;;;168.0;0.0;1.0;0.0;1.0;Poisonous
Tree 8;Tree 8_E_5;5;6;0.15247973701453701;2.524460457473306;;Edge;0;168;4.2163965825010905;1.0;;;;;;168.0;0.0;1.0;0.0;1.0;Poisonous
Tree 8;Tree 8_E_5;6;6;0.16446436816224233;2.6432249765110996;;Edge;0;168;3.819232068472249;1.0;;;;;;168.0;0.0;1.0;0.0;1.0;Poisonous
Tree 8;Tree 8_E_5;7;6;0.17582226664072687;2.7619894955488937;;Edge;0;168;3.4220675544434083;1.0;;;;;;168.0;0.0;1.0;0.0;1.0;Poisonous
Tree 8;Tree 8_E_5;8;6;0.18671498708563358;2.8807540145866875;;Edge;0;168;3.024903040414567;1.0;;;;;;168.0;0.0;1.0;0.0;1.0;Poisonous
Tree 8;Tree 8_E_5;9;6;0.1973601914687515;2.9995185336244816;NO;NO;1;168;2.6277385263857256;1.0;;;;;;168.0;0.0;1.0;0.0;1.0;Poisonous
Tree 8;Tree 8_E_6;0;1;0.3243206493795047;1.0206280026026135;habitat: g;Split;1;421;6.805401529255995;0.0;habitat_g;<=;0.5;Yes;No;2137.0;0.8191458026509573;0.1808541973490427;0.8191458026509573;0.1808541973490427;Edible
Tree 8;Tree 8_E_6;1;7;0.33447936716394167;1.1208451642671144;;Edge;0;421;6.446661656357617;0.0;gill-size_n;<=;0.5;Yes;No;421.0;0.5419734904270986;0.4580265095729013;0.5419734904270986;0.4580265095729013;Edible
Tree 8;Tree 8_E_6;2;7;0.34439056888658987;1.2210623259316151;;Edge;0;421;6.0879217834592385;0.0;gill-size_n;<=;0.5;Yes;No;421.0;0.5419734904270986;0.4580265095729013;0.5419734904270986;0.4580265095729013;Edible
Tree 8;Tree 8_E_6;3;7;0.35383659257566025;1.321279487596116;;Edge;0;421;5.72918191056086;0.0;gill-size_n;<=;0.5;Yes;No;421.0;0.5419734904270986;0.4580265095729013;0.5419734904270986;0.4580265095729013;Edible
Tree 8;Tree 8_E_6;4;7;0.3626558835955098;1.4214966492606167;;Edge;0;421;5.370442037662482;0.0;gill-size_n;<=;0.5;Yes;No;421.0;0.5419734904270986;0.4580265095729013;0.5419734904270986;0.4580265095729013;Edible
Tree 8;Tree 8_E_6;5;7;0.37076248051999283;1.5217138109251178;;Edge;0;421;5.011702164764103;0.0;gill-size_n;<=;0.5;Yes;No;421.0;0.5419734904270986;0.4580265095729013;0.5419734904270986;0.4580265095729013;Edible
Tree 8;Tree 8_E_6;6;7;0.37815638334910917;1.6219309725896185;;Edge;0;421;4.652962291865725;0.0;gill-size_n;<=;0.5;Yes;No;421.0;0.5419734904270986;0.4580265095729013;0.5419734904270986;0.4580265095729013;Edible
Tree 8;Tree 8_E_6;7;7;0.3849235535090047;1.7221481342541192;;Edge;0;421;4.2942224189673475;0.0;gill-size_n;<=;0.5;Yes;No;421.0;0.5419734904270986;0.4580265095729013;0.5419734904270986;0.4580265095729013;Edible
Tree 8;Tree 8_E_6;8;7;0.3912255456353224;1.82236529591862;;Edge;0;421;3.9354825460689686;0.0;gill-size_n;<=;0.5;Yes;No;421.0;0.5419734904270986;0.4580265095729013;0.5419734904270986;0.4580265095729013;Edible
Tree 8;Tree 8_E_6;9;7;0.3972800216998514;1.922582457583121;gill-size: n;Split;1;421;3.5767426731705902;0.0;gill-size_n;<=;0.5;Yes;No;421.0;0.5419734904270986;0.4580265095729013;0.5419734904270986;0.4580265095729013;Edible
Tree 8;Tree 8_E_7;0;7;0.3972800216998514;1.922582457583121;gill-size: n;Split;1;340;3.5767426731705902;0.0;gill-size_n;<=;0.5;Yes;No;421.0;0.5419734904270986;0.4580265095729013;0.5419734904270986;0.4580265095729013;Edible
Tree 8;Tree 8_E_7;1;8;0.3833161438966039;2.037912988375434;;Edge;0;340;3.5477303275276673;0.0;spore-print-color_n;<=;0.5;Yes;No;340.0;0.6703096539162113;0.3296903460837887;0.6703096539162113;0.3296903460837887;Edible
Tree 8;Tree 8_E_7;2;8;0.3695997821551452;2.1532435191677464;;Edge;0;340;3.5187179818847443;0.0;spore-print-color_n;<=;0.5;Yes;No;340.0;0.6703096539162113;0.3296903460837887;0.6703096539162113;0.3296903460837887;Edible
Tree 8;Tree 8_E_7;3;8;0.3563485984472643;2.2685740499600593;;Edge;0;340;3.4897056362418213;0.0;spore-print-color_n;<=;0.5;Yes;No;340.0;0.6703096539162113;0.3296903460837887;0.6703096539162113;0.3296903460837887;Edible
Tree 8;Tree 8_E_7;4;8;0.3437241474086042;2.3839045807523718;;Edge;0;340;3.4606932905988983;0.0;spore-print-color_n;<=;0.5;Yes;No;340.0;0.6703096539162113;0.3296903460837887;0.6703096539162113;0.3296903460837887;Edible
Tree 8;Tree 8_E_7;5;8;0.33181239046531075;2.4992351115446847;;Edge;0;340;3.4316809449559758;0.0;spore-print-color_n;<=;0.5;Yes;No;340.0;0.6703096539162113;0.3296903460837887;0.6703096539162113;0.3296903460837887;Edible
Tree 8;Tree 8_E_7;6;8;0.32061332761738387;2.614565642336997;;Edge;0;340;3.4026685993130528;0.0;spore-print-color_n;<=;0.5;Yes;No;340.0;0.6703096539162113;0.3296903460837887;0.6703096539162113;0.3296903460837887;Edible
Tree 8;Tree 8_E_7;7;8;0.31004099743867786;2.72989617312931;;Edge;0;340;3.37365625367013;0.0;spore-print-color_n;<=;0.5;Yes;No;340.0;0.6703096539162113;0.3296903460837887;0.6703096539162113;0.3296903460837887;Edible
Tree 8;Tree 8_E_7;8;8;0.2999338452935496;2.8452267039216226;;Edge;0;340;3.344643908027207;0.0;spore-print-color_n;<=;0.5;Yes;No;340.0;0.6703096539162113;0.3296903460837887;0.6703096539162113;0.3296903460837887;Edible
Tree 8;Tree 8_E_7;9;8;0.2900742092102101;2.9605572347139355;spore-print-color: n;Split;1;340;3.315631562384284;0.0;spore-print-color_n;<=;0.5;Yes;No;340.0;0.6703096539162113;0.3296903460837887;0.6703096539162113;0.3296903460837887;Edible
Tree 8;Tree 8_E_8;0;8;0.2900742092102101;2.9605572347139355;spore-print-color: n;Split;1;222;3.315631562384284;0.0;spore-print-color_n;<=;0.5;Yes;No;340.0;0.6703096539162113;0.3296903460837887;0.6703096539162113;0.3296903460837887;Edible
Tree 8;Tree 8_E_8;1;9;0.28782804349186125;3.0823927537226647;;Edge;0;222;3.2662437097210475;1.0;;;;;;222.0;0.49299719887955185;0.5070028011204482;0.49299719887955185;0.5070028011204482;Poisonous
Tree 8;Tree 8_E_8;2;9;0.28582939383530115;3.204228272731394;;Edge;0;222;3.216855857057811;1.0;;;;;;222.0;0.49299719887955185;0.5070028011204482;0.49299719887955185;0.5070028011204482;Poisonous
Tree 8;Tree 8_E_8;3;9;0.28429592221231886;3.3260637917401232;;Edge;0;222;3.1674680043945753;1.0;;;;;;222.0;0.49299719887955185;0.5070028011204482;0.49299719887955185;0.5070028011204482;Poisonous
Tree 8;Tree 8_E_8;4;9;0.2833891832585574;3.447899310748852;;Edge;0;222;3.118080151731339;1.0;;;;;;222.0;0.49299719887955185;0.5070028011204482;0.49299719887955185;0.5070028011204482;Poisonous
Tree 8;Tree 8_E_8;5;9;0.2831951384001625;3.5697348297575813;;Edge;0;222;3.0686922990681027;1.0;;;;;;222.0;0.49299719887955185;0.5070028011204482;0.49299719887955185;0.5070028011204482;Poisonous
Tree 8;Tree 8_E_8;6;9;0.2837137876371343;3.6915703487663105;;Edge;0;222;3.0193044464048664;1.0;;;;;;222.0;0.49299719887955185;0.5070028011204482;0.49299719887955185;0.5070028011204482;Poisonous
Tree 8;Tree 8_E_8;7;9;0.28485916954332685;3.8134058677750398;;Edge;0;222;2.9699165937416305;1.0;;;;;;222.0;0.49299719887955185;0.5070028011204482;0.49299719887955185;0.5070028011204482;Poisonous
Tree 8;Tree 8_E_8;8;9;0.28646972948309724;3.935241386783769;;Edge;0;222;2.920528741078394;1.0;;;;;;222.0;0.49299719887955185;0.5070028011204482;0.49299719887955185;0.5070028011204482;Poisonous
Tree 8;Tree 8_E_8;9;9;0.28832780548465636;4.057076905792498;NO;NO;1;222;2.871140888415158;1.0;;;;;;222.0;0.49299719887955185;0.5070028011204482;0.49299719887955185;0.5070028011204482;Poisonous
Tree 8;Tree 8_E_9;0;8;0.2900742092102101;2.9605572347139355;spore-print-color: n;Split;1;118;3.315631562384284;0.0;spore-print-color_n;<=;0.5;Yes;No;340.0;0.6703096539162113;0.3296903460837887;0.6703096539162113;0.3296903460837887;Edible
Tree 8;Tree 8_E_9;1;10;0.29844912263874485;3.083703911892052;;Edge;0;118;3.2099144873835903;1.0;;;;;;118.0;1.0;0.0;1.0;0.0;Edible
Tree 8;Tree 8_E_9;2;10;0.30657652000549085;3.206850589070169;;Edge;0;118;3.1041974123828964;1.0;;;;;;118.0;1.0;0.0;1.0;0.0;Edible
Tree 8;Tree 8_E_9;3;10;0.31423873933865903;3.3299972662482853;;Edge;0;118;2.998480337382203;1.0;;;;;;118.0;1.0;0.0;1.0;0.0;Edible
Tree 8;Tree 8_E_9;4;10;0.3212742260026064;3.4531439434264017;;Edge;0;118;2.8927632623815094;1.0;;;;;;118.0;1.0;0.0;1.0;0.0;Edible
Tree 8;Tree 8_E_9;5;10;0.32759701857118717;3.5762906206045186;;Edge;0;118;2.7870461873808154;1.0;;;;;;118.0;1.0;0.0;1.0;0.0;Edible
Tree 8;Tree 8_E_9;6;10;0.3332071170444013;3.699437297782635;;Edge;0;118;2.681329112380122;1.0;;;;;;118.0;1.0;0.0;1.0;0.0;Edible
Tree 8;Tree 8_E_9;7;10;0.33819048284839465;3.8225839749607515;;Edge;0;118;2.5756120373794285;1.0;;;;;;118.0;1.0;0.0;1.0;0.0;Edible
Tree 8;Tree 8_E_9;8;10;0.34270867061881016;3.9457306521388684;;Edge;0;118;2.469894962378735;1.0;;;;;;118.0;1.0;0.0;1.0;0.0;Edible
Tree 8;Tree 8_E_9;9;10;0.34697934232743693;4.068877329316985;YES;YES;1;118;2.364177887378041;1.0;;;;;;118.0;1.0;0.0;1.0;0.0;Edible
Tree 8;Tree 8_E_10;0;7;0.3972800216998514;1.922582457583121;gill-size: n;Split;1;81;3.5767426731705902;0.0;gill-size_n;<=;0.5;Yes;No;421.0;0.5419734904270986;0.4580265095729013;0.5419734904270986;0.4580265095729013;Edible
Tree 8;Tree 8_E_10;1;11;0.40141871634392007;2.039900310898085;;Edge;0;81;3.4160206854490296;1.0;;;;;;81.0;0.0;1.0;0.0;1.0;Poisonous
Tree 8;Tree 8_E_10;2;11;0.40530989492620006;2.157218164213049;;Edge;0;81;3.255298697727469;1.0;;;;;;81.0;0.0;1.0;0.0;1.0;Poisonous
Tree 8;Tree 8_E_10;3;11;0.4087358954749022;2.274536017528013;;Edge;0;81;3.094576710005908;1.0;;;;;;81.0;0.0;1.0;0.0;1.0;Poisonous
Tree 8;Tree 8_E_10;4;11;0.4115351633543835;2.391853870842977;;Edge;0;81;2.933854722284347;1.0;;;;;;81.0;0.0;1.0;0.0;1.0;Poisonous
Tree 8;Tree 8_E_10;5;11;0.41362173713849826;2.509171724157941;;Edge;0;81;2.7731327345627865;1.0;;;;;;81.0;0.0;1.0;0.0;1.0;Poisonous
Tree 8;Tree 8_E_10;6;11;0.41499561682724634;2.626489577472905;;Edge;0;81;2.612410746841226;1.0;;;;;;81.0;0.0;1.0;0.0;1.0;Poisonous
Tree 8;Tree 8_E_10;7;11;0.4157427638467736;2.743807430787869;;Edge;0;81;2.451688759119665;1.0;;;;;;81.0;0.0;1.0;0.0;1.0;Poisonous
Tree 8;Tree 8_E_10;8;11;0.4160247328327231;2.861125284102833;;Edge;0;81;2.2909667713981046;1.0;;;;;;81.0;0.0;1.0;0.0;1.0;Poisonous
Tree 8;Tree 8_E_10;9;11;0.41605918575688383;2.978443137417797;NO;NO;1;81;2.1302447836765435;1.0;;;;;;81.0;0.0;1.0;0.0;1.0;Poisonous
Tree 8;Tree 8_E_11;0;0;0.5;0.08;bruises: f;Split;1;2999;10.0;0.0;bruises_f;<=;0.5;Yes;No;5136.0;0.5176021664204825;0.4823978335795175;0.5176021664204825;0.4823978335795175;Edible
Tree 8;Tree 8_E_11;1;12;0.5377080822180001;0.173333977249641;;Edge;0;2999;9.764144911311242;0.0;gill-color_k;<=;0.5;Yes;No;2999.0;0.30112074434341296;0.698879255656587;0.30112074434341296;0.698879255656587;Poisonous
Tree 8;Tree 8_E_11;2;12;0.5751686483742116;0.266667954499282;;Edge;0;2999;9.528289822622485;0.0;gill-color_k;<=;0.5;Yes;No;2999.0;0.30112074434341296;0.698879255656587;0.30112074434341296;0.698879255656587;Poisonous
Tree 8;Tree 8_E_11;3;12;0.6121640364968451;0.360001931748923;;Edge;0;2999;9.292434733933726;0.0;gill-color_k;<=;0.5;Yes;No;2999.0;0.30112074434341296;0.698879255656587;0.30112074434341296;0.698879255656587;Poisonous
Tree 8;Tree 8_E_11;4;12;0.6485326919502579;0.45333590899856396;;Edge;0;2999;9.056579645244968;0.0;gill-color_k;<=;0.5;Yes;No;2999.0;0.30112074434341296;0.698879255656587;0.30112074434341296;0.698879255656587;Poisonous
Tree 8;Tree 8_E_11;5;12;0.6841886533083041;0.5466698862482049;;Edge;0;2999;8.820724556556211;0.0;gill-color_k;<=;0.5;Yes;No;2999.0;0.30112074434341296;0.698879255656587;0.30112074434341296;0.698879255656587;Poisonous
Tree 8;Tree 8_E_11;6;12;0.7191319205709836;0.6400038634978459;;Edge;0;2999;8.584869467867453;0.0;gill-color_k;<=;0.5;Yes;No;2999.0;0.30112074434341296;0.698879255656587;0.30112074434341296;0.698879255656587;Poisonous
Tree 8;Tree 8_E_11;7;12;0.7534484551644425;0.7333378407474868;;Edge;0;2999;8.349014379178694;0.0;gill-color_k;<=;0.5;Yes;No;2999.0;0.30112074434341296;0.698879255656587;0.30112074434341296;0.698879255656587;Poisonous
Tree 8;Tree 8_E_11;8;12;0.7872998117243233;0.8266718179971279;;Edge;0;2999;8.113159290489937;0.0;gill-color_k;<=;0.5;Yes;No;2999.0;0.30112074434341296;0.698879255656587;0.30112074434341296;0.698879255656587;Poisonous
Tree 8;Tree 8_E_11;9;12;0.8209036522224156;0.9200057952467688;gill-color: k;Split;1;2999;7.877304201801179;0.0;gill-color_k;<=;0.5;Yes;No;2999.0;0.30112074434341296;0.698879255656587;0.30112074434341296;0.698879255656587;Poisonous
Tree 8;Tree 8_E_12;0;12;0.8209036522224156;0.9200057952467688;gill-color: k;Split;1;2860;7.877304201801179;0.0;gill-color_k;<=;0.5;Yes;No;2999.0;0.30112074434341296;0.698879255656587;0.30112074434341296;0.698879255656587;Poisonous
Tree 8;Tree 8_E_12;1;13;0.7974059064606034;1.0378166897733625;;Edge;0;2860;7.859385517953511;0.0;ring-type_p;<=;0.5;Yes;No;2860.0;0.2668589174800355;0.7331410825199645;0.2668589174800355;0.7331410825199645;Poisonous
Tree 8;Tree 8_E_12;2;13;0.77415567676058;1.1556275842999562;;Edge;0;2860;7.841466834105842;0.0;ring-type_p;<=;0.5;Yes;No;2860.0;0.2668589174800355;0.7331410825199645;0.2668589174800355;0.7331410825199645;Poisonous
Tree 8;Tree 8_E_12;3;13;0.7513706250941343;1.2734384788265496;;Edge;0;2860;7.823548150258174;0.0;ring-type_p;<=;0.5;Yes;No;2860.0;0.2668589174800355;0.7331410825199645;0.2668589174800355;0.7331410825199645;Poisonous
Tree 8;Tree 8_E_12;4;13;0.7292123060969096;1.3912493733531432;;Edge;0;2860;7.805629466410505;0.0;ring-type_p;<=;0.5;Yes;No;2860.0;0.2668589174800355;0.7331410825199645;0.2668589174800355;0.7331410825199645;Poisonous
Tree 8;Tree 8_E_12;5;13;0.7077666811950514;1.509060267879737;;Edge;0;2860;7.787710782562836;0.0;ring-type_p;<=;0.5;Yes;No;2860.0;0.2668589174800355;0.7331410825199645;0.2668589174800355;0.7331410825199645;Poisonous
Tree 8;Tree 8_E_12;6;13;0.6870337503885597;1.6268711624063306;;Edge;0;2860;7.769792098715167;0.0;ring-type_p;<=;0.5;Yes;No;2860.0;0.2668589174800355;0.7331410825199645;0.2668589174800355;0.7331410825199645;Poisonous
Tree 8;Tree 8_E_12;7;13;0.666927552251289;1.7446820569329242;;Edge;0;2860;7.751873414867499;0.0;ring-type_p;<=;0.5;Yes;No;2860.0;0.2668589174800355;0.7331410825199645;0.2668589174800355;0.7331410825199645;Poisonous
Tree 8;Tree 8_E_12;8;13;0.647286532147596;1.8624929514595179;;Edge;0;2860;7.73395473101983;0.0;ring-type_p;<=;0.5;Yes;No;2860.0;0.2668589174800355;0.7331410825199645;0.2668589174800355;0.7331410825199645;Poisonous
Tree 8;Tree 8_E_12;9;13;0.6278930281056918;1.9803038459861115;ring-type: p;Split;1;2860;7.716036047172162;0.0;ring-type_p;<=;0.5;Yes;No;2860.0;0.2668589174800355;0.7331410825199645;0.2668589174800355;0.7331410825199645;Poisonous
Tree 8;Tree 8_E_13;0;13;0.6278930281056918;1.9803038459861115;ring-type: p;Split;1;2386;7.716036047172162;0.0;ring-type_p;<=;0.5;Yes;No;2860.0;0.2668589174800355;0.7331410825199645;0.2668589174800355;0.7331410825199645;Poisonous
Tree 8;Tree 8_E_13;1;14;0.6164241777141785;2.1013630738595137;;Edge;0;2386;7.651399038320759;0.0;stalk-surface-above-ring_f;<=;0.5;Yes;No;2386.0;0.16868117109857642;0.8313188289014236;0.16868117109857642;0.8313188289014236;Poisonous
Tree 8;Tree 8_E_13;2;14;0.6052028433844538;2.222422301732916;;Edge;0;2386;7.586762029469356;0.0;stalk-surface-above-ring_f;<=;0.5;Yes;No;2386.0;0.16868117109857642;0.8313188289014236;0.16868117109857642;0.8313188289014236;Poisonous
Tree 8;Tree 8_E_13;3;14;0.5944466870883071;2.3434815296063185;;Edge;0;2386;7.522125020617953;0.0;stalk-surface-above-ring_f;<=;0.5;Yes;No;2386.0;0.16868117109857642;0.8313188289014236;0.16868117109857642;0.8313188289014236;Poisonous
Tree 8;Tree 8_E_13;4;14;0.5843172634613811;2.4645407574797207;;Edge;0;2386;7.457488011766549;0.0;stalk-surface-above-ring_f;<=;0.5;Yes;No;2386.0;0.16868117109857642;0.8313188289014236;0.16868117109857642;0.8313188289014236;Poisonous
Tree 8;Tree 8_E_13;5;14;0.5749005339298219;2.585599985353123;;Edge;0;2386;7.392851002915147;0.0;stalk-surface-above-ring_f;<=;0.5;Yes;No;2386.0;0.16868117109857642;0.8313188289014236;0.16868117109857642;0.8313188289014236;Poisonous
Tree 8;Tree 8_E_13;6;14;0.5661964984936291;2.706659213226525;;Edge;0;2386;7.328213994063743;0.0;stalk-surface-above-ring_f;<=;0.5;Yes;No;2386.0;0.16868117109857642;0.8313188289014236;0.16868117109857642;0.8313188289014236;Poisonous
Tree 8;Tree 8_E_13;7;14;0.5581191957266571;2.827718441099927;;Edge;0;2386;7.26357698521234;0.0;stalk-surface-above-ring_f;<=;0.5;Yes;No;2386.0;0.16868117109857642;0.8313188289014236;0.16868117109857642;0.8313188289014236;Poisonous
Tree 8;Tree 8_E_13;8;14;0.550507070993263;2.94877766897333;;Edge;0;2386;7.198939976360937;0.0;stalk-surface-above-ring_f;<=;0.5;Yes;No;2386.0;0.16868117109857642;0.8313188289014236;0.16868117109857642;0.8313188289014236;Poisonous
Tree 8;Tree 8_E_13;9;14;0.5431424623216576;3.069836896846732;stalk-surface-above-ring: f;Split;1;2386;7.134302967509534;0.0;stalk-surface-above-ring_f;<=;0.5;Yes;No;2386.0;0.16868117109857642;0.8313188289014236;0.16868117109857642;0.8313188289014236;Poisonous
Tree 8;Tree 8_E_14;0;14;0.5431424623216576;3.069836896846732;stalk-surface-above-ring: f;Split;1;2201;7.134302967509534;0.0;stalk-surface-above-ring_f;<=;0.5;Yes;No;2386.0;0.16868117109857642;0.8313188289014236;0.16868117109857642;0.8313188289014236;Poisonous
Tree 8;Tree 8_E_14;1;15;0.5409016350899083;3.179378469003952;;Edge;0;2201;7.10734617530715;1.0;;;;;;2201.0;0.09898107714701601;0.901018922852984;0.09898107714701601;0.901018922852984;Poisonous
Tree 8;Tree 8_E_14;2;15;0.5389083239199476;3.2889200411611714;;Edge;0;2201;7.080389383104767;1.0;;;;;;2201.0;0.09898107714701601;0.901018922852984;0.09898107714701601;0.901018922852984;Poisonous
Tree 8;Tree 8_E_14;3;15;0.5373801907835648;3.3984616133183914;;Edge;0;2201;7.053432590902383;1.0;;;;;;2201.0;0.09898107714701601;0.901018922852984;0.09898107714701601;0.901018922852984;Poisonous
Tree 8;Tree 8_E_14;4;15;0.5364787903164028;3.508003185475611;;Edge;0;2201;7.0264757987;1.0;;;;;;2201.0;0.09898107714701601;0.901018922852984;0.09898107714701601;0.901018922852984;Poisonous
Tree 8;Tree 8_E_14;5;15;0.5362900839446074;3.617544757632831;;Edge;0;2201;6.999519006497616;1.0;;;;;;2201.0;0.09898107714701601;0.901018922852984;0.09898107714701601;0.901018922852984;Poisonous
Tree 8;Tree 8_E_14;6;15;0.5368140716681785;3.7270863297900503;;Edge;0;2201;6.972562214295233;1.0;;;;;;2201.0;0.09898107714701601;0.901018922852984;0.09898107714701601;0.901018922852984;Poisonous
Tree 8;Tree 8_E_14;7;15;0.5379647920609706;3.83662790194727;;Edge;0;2201;6.945605422092849;1.0;;;;;;2201.0;0.09898107714701601;0.901018922852984;0.09898107714701601;0.901018922852984;Poisonous
Tree 8;Tree 8_E_14;8;15;0.5395806904873404;3.9461694741044897;;Edge;0;2201;6.918648629890466;1.0;;;;;;2201.0;0.09898107714701601;0.901018922852984;0.09898107714701601;0.901018922852984;Poisonous
Tree 8;Tree 8_E_14;9;15;0.541444104975499;4.05571104626171;NO;NO;1;2201;6.891691837688082;1.0;;;;;;2201.0;0.09898107714701601;0.901018922852984;0.09898107714701601;0.901018922852984;Poisonous
Tree 8;Tree 8_E_15;0;14;0.5431424623216576;3.069836896846732;stalk-surface-above-ring: f;Split;1;185;7.134302967509534;0.0;stalk-surface-above-ring_f;<=;0.5;Yes;No;2386.0;0.16868117109857642;0.8313188289014236;0.16868117109857642;0.8313188289014236;Poisonous
Tree 8;Tree 8_E_15;1;16;0.550615434376563;3.168620940901016;;Edge;0;185;6.642503762389074;1.0;;;;;;185.0;1.0;0.0;1.0;0.0;Edible
Tree 8;Tree 8_E_15;2;16;0.5578408903696797;3.2674049849553004;;Edge;0;185;6.1507045572686145;1.0;;;;;;185.0;1.0;0.0;1.0;0.0;Edible
Tree 8;Tree 8_E_15;3;16;0.5646011683292186;3.3661890290095844;;Edge;0;185;5.658905352148155;1.0;;;;;;185.0;1.0;0.0;1.0;0.0;Edible
Tree 8;Tree 8_E_15;4;16;0.5707347136195365;3.464973073063869;;Edge;0;185;5.167106147027695;1.0;;;;;;185.0;1.0;0.0;1.0;0.0;Edible
Tree 8;Tree 8_E_15;5;16;0.5761555648144879;3.563757117118153;;Edge;0;185;4.675306941907236;1.0;;;;;;185.0;1.0;0.0;1.0;0.0;Edible
Tree 8;Tree 8_E_15;6;16;0.5808637219140728;3.662541161172437;;Edge;0;185;4.183507736786776;1.0;;;;;;185.0;1.0;0.0;1.0;0.0;Edible
Tree 8;Tree 8_E_15;7;16;0.5849451463444368;3.761325205226721;;Edge;0;185;3.691708531666317;1.0;;;;;;185.0;1.0;0.0;1.0;0.0;Edible
Tree 8;Tree 8_E_15;8;16;0.588561392741223;3.860109249281005;;Edge;0;185;3.199909326545857;1.0;;;;;;185.0;1.0;0.0;1.0;0.0;Edible
Tree 8;Tree 8_E_15;9;16;0.5919301230762204;3.9588932933352896;YES;YES;1;185;2.7081101214253973;1.0;;;;;;185.0;1.0;0.0;1.0;0.0;Edible
Tree 8;Tree 8_E_16;0;13;0.6278930281056918;1.9803038459861115;ring-type: p;Split;1;474;7.716036047172162;0.0;ring-type_p;<=;0.5;Yes;No;2860.0;0.2668589174800355;0.7331410825199645;0.2668589174800355;0.7331410825199645;Poisonous
Tree 8;Tree 8_E_16;1;17;0.6347589595778479;2.085057887813952;;Edge;0;474;7.273602050725394;0.0;stalk-root_?;<=;0.5;Yes;No;474.0;0.732484076433121;0.267515923566879;0.732484076433121;0.267515923566879;Edible
Tree 8;Tree 8_E_16;2;17;0.6413773749882151;2.189811929641793;;Edge;0;474;6.831168054278626;0.0;stalk-root_?;<=;0.5;Yes;No;474.0;0.732484076433121;0.267515923566879;0.732484076433121;0.267515923566879;Edible
Tree 8;Tree 8_E_16;3;17;0.6475306123650046;2.2945659714696336;;Edge;0;474;6.388734057831858;0.0;stalk-root_?;<=;0.5;Yes;No;474.0;0.732484076433121;0.267515923566879;0.732484076433121;0.267515923566879;Edible
Tree 8;Tree 8_E_16;4;17;0.6530571170725733;2.399320013297474;;Edge;0;474;5.946300061385091;0.0;stalk-root_?;<=;0.5;Yes;No;474.0;0.732484076433121;0.267515923566879;0.732484076433121;0.267515923566879;Edible
Tree 8;Tree 8_E_16;5;17;0.6578709276847753;2.504074055125315;;Edge;0;474;5.503866064938322;0.0;stalk-root_?;<=;0.5;Yes;No;474.0;0.732484076433121;0.267515923566879;0.732484076433121;0.267515923566879;Edible
Tree 8;Tree 8_E_16;6;17;0.6619720442016108;2.6088280969531557;;Edge;0;474;5.061432068491555;0.0;stalk-root_?;<=;0.5;Yes;No;474.0;0.732484076433121;0.267515923566879;0.732484076433121;0.267515923566879;Edible
Tree 8;Tree 8_E_16;7;17;0.6654464280492255;2.713582138780996;;Edge;0;474;4.618998072044787;0.0;stalk-root_?;<=;0.5;Yes;No;474.0;0.732484076433121;0.267515923566879;0.732484076433121;0.267515923566879;Edible
Tree 8;Tree 8_E_16;8;17;0.6684556338632622;2.8183361806088367;;Edge;0;474;4.176564075598019;0.0;stalk-root_?;<=;0.5;Yes;No;474.0;0.732484076433121;0.267515923566879;0.732484076433121;0.267515923566879;Edible
Tree 8;Tree 8_E_16;9;17;0.6712173236155103;2.9230902224366777;stalk-root: ?;Split;1;474;3.734130079151251;0.0;stalk-root_?;<=;0.5;Yes;No;474.0;0.732484076433121;0.267515923566879;0.732484076433121;0.267515923566879;Edible
Tree 8;Tree 8_E_17;0;17;0.6712173236155103;2.9230902224366777;stalk-root: ?;Split;1;181;3.734130079151251;0.0;stalk-root_?;<=;0.5;Yes;No;474.0;0.732484076433121;0.267515923566879;0.732484076433121;0.267515923566879;Edible
Tree 8;Tree 8_E_17;1;18;0.6687247293651519;3.0429073454293962;;Edge;0;181;3.6180648654276597;1.0;;;;;;181.0;0.3114754098360656;0.6885245901639344;0.3114754098360656;0.6885245901639344;Poisonous
Tree 8;Tree 8_E_17;2;18;0.6664796511765821;3.1627244684221147;;Edge;0;181;3.5019996517040686;1.0;;;;;;181.0;0.3114754098360656;0.6885245901639344;0.3114754098360656;0.6885245901639344;Poisonous
Tree 8;Tree 8_E_17;3;18;0.6646997510215903;3.2825415914148333;;Edge;0;181;3.3859344379804774;1.0;;;;;;181.0;0.3114754098360656;0.6885245901639344;0.3114754098360656;0.6885245901639344;Poisonous
Tree 8;Tree 8_E_17;4;18;0.6635465835358193;3.4023587144075513;;Edge;0;181;3.2698692242568863;1.0;;;;;;181.0;0.3114754098360656;0.6885245901639344;0.3114754098360656;0.6885245901639344;Poisonous
Tree 8;Tree 8_E_17;5;18;0.6631061101454148;3.52217583740027;;Edge;0;181;3.153804010533295;1.0;;;;;;181.0;0.3114754098360656;0.6885245901639344;0.3114754098360656;0.6885245901639344;Poisonous
Tree 8;Tree 8_E_17;6;18;0.6633783308503769;3.6419929603929884;;Edge;0;181;3.0377387968097036;1.0;;;;;;181.0;0.3114754098360656;0.6885245901639344;0.3114754098360656;0.6885245901639344;Poisonous
Tree 8;Tree 8_E_17;7;18;0.6642772842245599;3.761810083385707;;Edge;0;181;2.921673583086113;1.0;;;;;;181.0;0.3114754098360656;0.6885245901639344;0.3114754098360656;0.6885245901639344;Poisonous
Tree 8;Tree 8_E_17;8;18;0.6656414156323206;3.8816272063784254;;Edge;0;181;2.8056083693625213;1.0;;;;;;181.0;0.3114754098360656;0.6885245901639344;0.3114754098360656;0.6885245901639344;Poisonous
Tree 8;Tree 8_E_17;9;18;0.6672530631018702;4.001444329371144;NO;NO;1;181;2.68954315563893;1.0;;;;;;181.0;0.3114754098360656;0.6885245901639344;0.3114754098360656;0.6885245901639344;Poisonous
Tree 8;Tree 8_E_18;0;17;0.6712173236155103;2.9230902224366777;stalk-root: ?;Split;1;293;3.734130079151251;0.0;stalk-root_?;<=;0.5;Yes;No;474.0;0.732484076433121;0.267515923566879;0.732484076433121;0.267515923566879;Edible
Tree 8;Tree 8_E_18;1;19;0.6780764320557797;3.0513751553119355;;Edge;0;293;3.669185679617926;1.0;;;;;;293.0;1.0;0.0;1.0;0.0;Edible
Tree 8;Tree 8_E_18;2;19;0.6846880244342604;3.1796600881871933;;Edge;0;293;3.6042412800846018;1.0;;;;;;293.0;1.0;0.0;1.0;0.0;Edible
Tree 8;Tree 8_E_18;3;19;0.6908344387791632;3.307945021062451;;Edge;0;293;3.539296880551277;1.0;;;;;;293.0;1.0;0.0;1.0;0.0;Edible
Tree 8;Tree 8_E_18;4;19;0.6963541204548451;3.4362299539377084;;Edge;0;293;3.4743524810179527;1.0;;;;;;293.0;1.0;0.0;1.0;0.0;Edible
Tree 8;Tree 8_E_18;5;19;0.7011611080351604;3.564514886812966;;Edge;0;293;3.409408081484628;1.0;;;;;;293.0;1.0;0.0;1.0;0.0;Edible
Tree 8;Tree 8_E_18;6;19;0.7052554015201092;3.692799819688224;;Edge;0;293;3.3444636819513036;1.0;;;;;;293.0;1.0;0.0;1.0;0.0;Edible
Tree 8;Tree 8_E_18;7;19;0.7087229623358372;3.8210847525634817;;Edge;0;293;3.279519282417979;1.0;;;;;;293.0;1.0;0.0;1.0;0.0;Edible
Tree 8;Tree 8_E_18;8;19;0.7117253451179874;3.9493696854387395;;Edge;0;293;3.214574882884654;1.0;;;;;;293.0;1.0;0.0;1.0;0.0;Edible
Tree 8;Tree 8_E_18;9;19;0.7144802118383488;4.077654618313997;YES;YES;1;293;3.14963048335133;1.0;;;;;;293.0;1.0;0.0;1.0;0.0;Edible
Tree 8;Tree 8_E_19;0;12;0.8209036522224156;0.9200057952467688;gill-color: k;Split;1;139;7.877304201801179;0.0;gill-color_k;<=;0.5;Yes;No;2999.0;0.30112074434341296;0.698879255656587;0.30112074434341296;0.698879255656587;Poisonous
Tree 8;Tree 8_E_19;1;20;0.8262167585431883;1.0442942804800177;;Edge;0;139;7.277670271668547;1.0;;;;;;139.0;1.0;0.0;1.0;0.0;Edible
Tree 8;Tree 8_E_19;2;20;0.8312823488021723;1.1685827657132664;;Edge;0;139;6.678036341535915;1.0;;;;;;139.0;1.0;0.0;1.0;0.0;Edible
Tree 8;Tree 8_E_19;3;20;0.8358827610275785;1.2928712509465152;;Edge;0;139;6.078402411403282;1.0;;;;;;139.0;1.0;0.0;1.0;0.0;Edible
Tree 8;Tree 8_E_19;4;20;0.8398564405837639;1.417159736179764;;Edge;0;139;5.4787684812706505;1.0;;;;;;139.0;1.0;0.0;1.0;0.0;Edible
Tree 8;Tree 8_E_19;5;20;0.8431174260445825;1.541448221413013;;Edge;0;139;4.8791345511380175;1.0;;;;;;139.0;1.0;0.0;1.0;0.0;Edible
Tree 8;Tree 8_E_19;6;20;0.8456657174100347;1.6657367066462618;;Edge;0;139;4.279500621005385;1.0;;;;;;139.0;1.0;0.0;1.0;0.0;Edible
Tree 8;Tree 8_E_19;7;20;0.847587276106266;1.7900251918795105;;Edge;0;139;3.6798666908727533;1.0;;;;;;139.0;1.0;0.0;1.0;0.0;Edible
Tree 8;Tree 8_E_19;8;20;0.8490436567689196;1.9143136771127593;;Edge;0;139;3.080232760740121;1.0;;;;;;139.0;1.0;0.0;1.0;0.0;Edible
Tree 8;Tree 8_E_19;9;20;0.8502525213697844;2.038602162346008;YES;YES;1;139;2.480598830607488;1.0;;;;;;139.0;1.0;0.0;1.0;0.0;Edible
Tree 9;Tree 9_TRUNK;0;-1;0.5;-0.92;;Trunk;0;5138;11.0;;;;;;;;;;;;
Tree 9;Tree 9_TRUNK;1;-1;0.5065082560867634;-0.7771428571428571;;Trunk;0;5138;10.714285714285714;;;;;;;;;;;;
Tree 9;Tree 9_TRUNK;2;-1;0.5117274722370204;-0.6342857142857143;;Trunk;0;5138;10.428571428571429;;;;;;;;;;;;
Tree 9;Tree 9_TRUNK;3;-1;0.5146239186827274;-0.4914285714285715;;Trunk;0;5138;10.142857142857142;;;;;;;;;;;;
Tree 9;Tree 9_TRUNK;4;-1;0.5146239186827274;-0.34857142857142864;;Trunk;0;5138;9.857142857142858;;;;;;;;;;;;
Tree 9;Tree 9_TRUNK;5;-1;0.5117274722370204;-0.20571428571428574;;Trunk;0;5138;9.571428571428571;;;;;;;;;;;;
Tree 9;Tree 9_TRUNK;6;-1;0.5065082560867634;-0.06285714285714294;;Trunk;0;5138;9.285714285714286;;;;;;;;;;;;
Tree 9;Tree 9_TRUNK;7;-1;0.5;0.07999999999999996;;Trunk;0;5138;9.0;;;;;;;;;;;;
Tree 9;Tree 9_E_0;0;0;0.5;0.08;spore-print-color: n;Split;1;3907;10.0;0.0;spore-print-color_n;<=;0.5;Yes;No;5138.0;0.508000984736583;0.49199901526341705;0.508000984736583;0.49199901526341705;Edible
Tree 9;Tree 9_E_0;1;1;0.4784279512933243;0.1845142225114015;;Edge;0;3907;9.872016405758085;0.0;bruises_f;<=;0.5;Yes;No;3907.0;0.39207189857165786;0.6079281014283422;0.39207189857165786;0.6079281014283422;Poisonous
Tree 9;Tree 9_E_0;2;1;0.4571034186484374;0.289028445022803;;Edge;0;3907;9.74403281151617;0.0;bruises_f;<=;0.5;Yes;No;3907.0;0.39207189857165786;0.6079281014283422;0.39207189857165786;0.6079281014283422;Poisonous
Tree 9;Tree 9_E_0;3;1;0.43624406403712823;0.3935426675342045;;Edge;0;3907;9.616049217274256;0.0;bruises_f;<=;0.5;Yes;No;3907.0;0.39207189857165786;0.6079281014283422;0.39207189857165786;0.6079281014283422;Poisonous
Tree 9;Tree 9_E_0;4;1;0.41601144209503993;0.49805689004560605;;Edge;0;3907;9.488065623032341;0.0;bruises_f;<=;0.5;Yes;No;3907.0;0.39207189857165786;0.6079281014283422;0.39207189857165786;0.6079281014283422;Poisonous
Tree 9;Tree 9_E_0;5;1;0.39649151424831824;0.6025711125570076;;Edge;0;3907;9.360082028790426;0.0;bruises_f;<=;0.5;Yes;No;3907.0;0.39207189857165786;0.6079281014283422;0.39207189857165786;0.6079281014283422;Poisonous
Tree 9;Tree 9_E_0;6;1;0.3776842804969632;0.707085335068409;;Edge;0;3907;9.232098434548512;0.0;bruises_f;<=;0.5;Yes;No;3907.0;0.39207189857165786;0.6079281014283422;0.39207189857165786;0.6079281014283422;Poisonous
Tree 9;Tree 9_E_0;7;1;0.3595037794148289;0.8115995575798104;;Edge;0;3907;9.104114840306597;0.0;bruises_f;<=;0.5;Yes;No;3907.0;0.39207189857165786;0.6079281014283422;0.39207189857165786;0.6079281014283422;Poisonous
Tree 9;Tree 9_E_0;8;1;0.3417884563662724;0.916113780091212;;Edge;0;3907;8.976131246064682;0.0;bruises_f;<=;0.5;Yes;No;3907.0;0.39207189857165786;0.6079281014283422;0.39207189857165786;0.6079281014283422;Poisonous
Tree 9;Tree 9_E_0;9;1;0.3243206493795047;1.0206280026026135;bruises: f;Split;1;3907;8.848147651822767;0.0;bruises_f;<=;0.5;Yes;No;3907.0;0.39207189857165786;0.6079281014283422;0.39207189857165786;0.6079281014283422;Poisonous
Tree 9;Tree 9_E_1;0;1;0.3243206493795047;1.0206280026026135;bruises: f;Split;1;1212;8.848147651822767;0.0;bruises_f;<=;0.5;Yes;No;3907.0;0.39207189857165786;0.6079281014283422;0.39207189857165786;0.6079281014283422;Poisonous
Tree 9;Tree 9_E_1;1;2;0.29546448573083955;1.121740209233916;;Edge;0;1212;8.461815764191734;0.0;odor_f;<=;0.5;Yes;No;1212.0;0.7547568710359408;0.2452431289640592;0.7547568710359408;0.2452431289640592;Edible
Tree 9;Tree 9_E_1;2;2;0.26685583814396313;1.2228524158652185;;Edge;0;1212;8.075483876560702;0.0;odor_f;<=;0.5;Yes;No;1212.0;0.7547568710359408;0.2452431289640592;0.7547568710359408;0.2452431289640592;Edible
Tree 9;Tree 9_E_1;3;2;0.23871236859066455;1.323964622496521;;Edge;0;1212;7.689151988929668;0.0;odor_f;<=;0.5;Yes;No;1212.0;0.7547568710359408;0.2452431289640592;0.7547568710359408;0.2452431289640592;Edible
Tree 9;Tree 9_E_1;4;2;0.21119563170658676;1.4250768291278235;;Edge;0;1212;7.302820101298635;0.0;odor_f;<=;0.5;Yes;No;1212.0;0.7547568710359408;0.2452431289640592;0.7547568710359408;0.2452431289640592;Edible
Tree 9;Tree 9_E_1;5;2;0.18439158891787558;1.526189035759126;;Edge;0;1212;6.916488213667601;0.0;odor_f;<=;0.5;Yes;No;1212.0;0.7547568710359408;0.2452431289640592;0.7547568710359408;0.2452431289640592;Edible
Tree 9;Tree 9_E_1;6;2;0.158300240224531;1.6273012423904283;;Edge;0;1212;6.530156326036568;0.0;odor_f;<=;0.5;Yes;No;1212.0;0.7547568710359408;0.2452431289640592;0.7547568710359408;0.2452431289640592;Edible
Tree 9;Tree 9_E_1;7;2;0.13283562420040726;1.7284134490217307;;Edge;0;1212;6.143824438405535;0.0;odor_f;<=;0.5;Yes;No;1212.0;0.7547568710359408;0.2452431289640592;0.7547568710359408;0.2452431289640592;Edible
Tree 9;Tree 9_E_1;8;2;0.10783618620986127;1.8295256556530335;;Edge;0;1212;5.7574925507745025;0.0;odor_f;<=;0.5;Yes;No;1212.0;0.7547568710359408;0.2452431289640592;0.7547568710359408;0.2452431289640592;Edible
Tree 9;Tree 9_E_1;9;2;0.0830842642811041;1.9306378622843359;odor: f;Split;1;1212;5.371160663143469;0.0;odor_f;<=;0.5;Yes;No;1212.0;0.7547568710359408;0.2452431289640592;0.7547568710359408;0.2452431289640592;Edible
Tree 9;Tree 9_E_2;0;2;0.08308426428110409;1.9306378622843359;odor: f;Split;1;1035;5.371160663143469;0.0;odor_f;<=;0.5;Yes;No;1212.0;0.7547568710359408;0.2452431289640592;0.7547568710359408;0.2452431289640592;Edible
Tree 9;Tree 9_E_2;1;3;0.07930719030965068;2.043189426304337;;Edge;0;1035;5.334297099433846;0.0;gill-size_n;<=;0.5;Yes;No;1035.0;0.8836633663366337;0.11633663366336634;0.8836633663366337;0.11633663366336634;Edible
Tree 9;Tree 9_E_2;2;3;0.07577763239998607;2.1557409903243383;;Edge;0;1035;5.297433535724225;0.0;gill-size_n;<=;0.5;Yes;No;1035.0;0.8836633663366337;0.11633663366336634;0.8836633663366337;0.11633663366336634;Edible
Tree 9;Tree 9_E_2;3;3;0.07271325252389926;2.2682925543443395;;Edge;0;1035;5.260569972014602;0.0;gill-size_n;<=;0.5;Yes;No;1035.0;0.8836633663366337;0.11633663366336634;0.8836633663366337;0.11633663366336634;Edible
Tree 9;Tree 9_E_2;4;3;0.07027560531703325;2.3808441183643407;;Edge;0;1035;5.223706408304981;0.0;gill-size_n;<=;0.5;Yes;No;1035.0;0.8836633663366337;0.11633663366336634;0.8836633663366337;0.11633663366336634;Edible
Tree 9;Tree 9_E_2;5;3;0.06855065220553386;2.4933956823843424;;Edge;0;1035;5.1868428445953585;0.0;gill-size_n;<=;0.5;Yes;No;1035.0;0.8836633663366337;0.11633663366336634;0.8836633663366337;0.11633663366336634;Edible
Tree 9;Tree 9_E_2;6;3;0.06753839318940108;2.6059472464043436;;Edge;0;1035;5.149979280885737;0.0;gill-size_n;<=;0.5;Yes;No;1035.0;0.8836633663366337;0.11633663366336634;0.8836633663366337;0.11633663366336634;Edible
Tree 9;Tree 9_E_2;7;3;0.06715286684248908;2.718498810424345;;Edge;0;1035;5.113115717176115;0.0;gill-size_n;<=;0.5;Yes;No;1035.0;0.8836633663366337;0.11633663366336634;0.8836633663366337;0.11633663366336634;Edible
Tree 9;Tree 9_E_2;8;3;0.06723251852915489;2.831050374444346;;Edge;0;1035;5.076252153466493;0.0;gill-size_n;<=;0.5;Yes;No;1035.0;0.8836633663366337;0.11633663366336634;0.8836633663366337;0.11633663366336634;Edible
Tree 9;Tree 9_E_2;9;3;0.06755968627760951;2.9436019384643473;gill-size: n;Split;1;1035;5.039388589756871;0.0;gill-size_n;<=;0.5;Yes;No;1035.0;0.8836633663366337;0.11633663366336634;0.8836633663366337;0.11633663366336634;Edible
Tree 9;Tree 9_E_3;0;3;0.06755968627760951;2.9436019384643473;gill-size: n;Split;1;935;5.039388589756871;0.0;gill-size_n;<=;0.5;Yes;No;1035.0;0.8836633663366337;0.11633663366336634;0.8836633663366337;0.11633663366336634;Edible
Tree 9;Tree 9_E_3;1;4;0.06232041655049479;3.065454795714105;;Edge;0;935;5.017155754163485;1.0;;;;;;935.0;0.9447852760736196;0.05521472392638037;0.9447852760736196;0.05521472392638037;Edible
Tree 9;Tree 9_E_3;2;4;0.05732866288516888;3.187307652963863;;Edge;0;935;4.9949229185701;1.0;;;;;;935.0;0.9447852760736196;0.05521472392638037;0.9447852760736196;0.05521472392638037;Edible
Tree 9;Tree 9_E_3;3;4;0.05280208725342079;3.3091605102136215;;Edge;0;935;4.972690082976714;1.0;;;;;;935.0;0.9447852760736196;0.05521472392638037;0.9447852760736196;0.05521472392638037;Edible
Tree 9;Tree 9_E_3;4;4;0.04890224429089347;3.4310133674633794;;Edge;0;935;4.950457247383329;1.0;;;;;;935.0;0.9447852760736196;0.05521472392638037;0.9447852760736196;0.05521472392638037;Edible
Tree 9;Tree 9_E_3;5;4;0.04571509542373277;3.5528662247131373;;Edge;0;935;4.9282244117899445;1.0;;;;;;935.0;0.9447852760736196;0.05521472392638037;0.9447852760736196;0.05521472392638037;Edible
Tree 9;Tree 9_E_3;6;4;0.043240640651938694;3.674719081962895;;Edge;0;935;4.905991576196559;1.0;;;;;;935.0;0.9447852760736196;0.05521472392638037;0.9447852760736196;0.05521472392638037;Edible
Tree 9;Tree 9_E_3;7;4;0.04139291854936538;3.796571939212653;;Edge;0;935;4.883758740603174;1.0;;;;;;935.0;0.9447852760736196;0.05521472392638037;0.9447852760736196;0.05521472392638037;Edible
Tree 9;Tree 9_E_3;8;4;0.04001037448036991;3.9184247964624115;;Edge;0;935;4.861525905009788;1.0;;;;;;935.0;0.9447852760736196;0.05521472392638037;0.9447852760736196;0.05521472392638037;Edible
Tree 9;Tree 9_E_3;9;4;0.03887534647316322;4.040277653712169;YES;YES;1;935;4.839293069416403;1.0;;;;;;935.0;0.9447852760736196;0.05521472392638037;0.9447852760736196;0.05521472392638037;Edible
Tree 9;Tree 9_E_4;0;3;0.06755968627760951;2.9436019384643473;gill-size: n;Split;1;100;5.039388589756871;0.0;gill-size_n;<=;0.5;Yes;No;1035.0;0.8836633663366337;0.11633663366336634;0.8836633663366337;0.11633663366336634;Edible
Tree 9;Tree 9_E_4;1;5;0.07128506354248335;3.0695538619878304;;Edge;0;100;4.730076868017194;1.0;;;;;;100.0;0.28187919463087246;0.7181208053691275;0.28187919463087246;0.7181208053691275;Poisonous
Tree 9;Tree 9_E_4;2;5;0.0747629247455684;3.195505785511314;;Edge;0;100;4.4207651462775175;1.0;;;;;;100.0;0.28187919463087246;0.7181208053691275;0.28187919463087246;0.7181208053691275;Poisonous
Tree 9;Tree 9_E_4;3;5;0.07777560791507561;3.321457709034797;;Edge;0;100;4.1114534245378405;1.0;;;;;;100.0;0.28187919463087246;0.7181208053691275;0.28187919463087246;0.7181208053691275;Poisonous
Tree 9;Tree 9_E_4;4;5;0.08016155841536206;3.447409632558281;;Edge;0;100;3.8021417027981643;1.0;;;;;;100.0;0.28187919463087246;0.7181208053691275;0.28187919463087246;0.7181208053691275;Poisonous
Tree 9;Tree 9_E_4;5;5;0.08183481482028188;3.573361556081764;;Edge;0;100;3.4928299810584873;1.0;;;;;;100.0;0.28187919463087246;0.7181208053691275;0.28187919463087246;0.7181208053691275;Poisonous
Tree 9;Tree 9_E_4;6;5;0.08279537712983509;3.699313479605247;;Edge;0;100;3.183518259318811;1.0;;;;;;100.0;0.28187919463087246;0.7181208053691275;0.28187919463087246;0.7181208053691275;Poisonous
Tree 9;Tree 9_E_4;7;5;0.08312920677016751;3.8252654031287308;;Edge;0;100;2.8742065375791346;1.0;;;;;;100.0;0.28187919463087246;0.7181208053691275;0.28187919463087246;0.7181208053691275;Poisonous
Tree 9;Tree 9_E_4;8;5;0.08299785837692211;3.9512173266522144;;Edge;0;100;2.5648948158394576;1.0;;;;;;100.0;0.28187919463087246;0.7181208053691275;0.28187919463087246;0.7181208053691275;Poisonous
Tree 9;Tree 9_E_4;9;5;0.08261899392188793;4.0771692501756975;NO;NO;1;100;2.255583094099781;1.0;;;;;;100.0;0.28187919463087246;0.7181208053691275;0.28187919463087246;0.7181208053691275;Poisonous
Tree 9;Tree 9_E_5;0;2;0.08308426428110409;1.9306378622843359;odor: f;Split;1;177;5.371160663143469;0.0;odor_f;<=;0.5;Yes;No;1212.0;0.7547568710359408;0.2452431289640592;0.7547568710359408;0.2452431289640592;Edible
Tree 9;Tree 9_E_5;1;6;0.09783371038413004;2.04940238132213;;Edge;0;177;5.0710811072995785;1.0;;;;;;177.0;0.0;1.0;0.0;1.0;Poisonous
Tree 9;Tree 9_E_5;2;6;0.11233564042536719;2.1681669003599238;;Edge;0;177;4.771001551455688;1.0;;;;;;177.0;0.0;1.0;0.0;1.0;Poisonous
Tree 9;Tree 9_E_5;3;6;0.12637239243302653;2.286931419397718;;Edge;0;177;4.470921995611798;1.0;;;;;;177.0;0.0;1.0;0.0;1.0;Poisonous
Tree 9;Tree 9_E_5;4;6;0.13978241177146508;2.4056959384355117;;Edge;0;177;4.170842439767908;1.0;;;;;;177.0;0.0;1.0;0.0;1.0;Poisonous
Tree 9;Tree 9_E_5;5;6;0.15247973701453701;2.524460457473306;;Edge;0;177;3.8707628839240167;1.0;;;;;;177.0;0.0;1.0;0.0;1.0;Poisonous
Tree 9;Tree 9_E_5;6;6;0.16446436816224233;2.6432249765110996;;Edge;0;177;3.570683328080127;1.0;;;;;;177.0;0.0;1.0;0.0;1.0;Poisonous
Tree 9;Tree 9_E_5;7;6;0.17582226664072687;2.7619894955488937;;Edge;0;177;3.2706037722362367;1.0;;;;;;177.0;0.0;1.0;0.0;1.0;Poisonous
Tree 9;Tree 9_E_5;8;6;0.18671498708563358;2.8807540145866875;;Edge;0;177;2.9705242163923464;1.0;;;;;;177.0;0.0;1.0;0.0;1.0;Poisonous
Tree 9;Tree 9_E_5;9;6;0.1973601914687515;2.9995185336244816;NO;NO;1;177;2.6704446605484558;1.0;;;;;;177.0;0.0;1.0;0.0;1.0;Poisonous
Tree 9;Tree 9_E_6;0;1;0.3243206493795047;1.0206280026026135;bruises: f;Split;1;2695;8.848147651822767;0.0;bruises_f;<=;0.5;Yes;No;3907.0;0.39207189857165786;0.6079281014283422;0.39207189857165786;0.6079281014283422;Poisonous
Tree 9;Tree 9_E_6;1;7;0.33447936716394167;1.1208451642671144;;Edge;0;2695;8.700370958289124;0.0;gill-spacing_c;<=;0.5;Yes;No;2695.0;0.2339248674809864;0.7660751325190136;0.2339248674809864;0.7660751325190136;Poisonous
Tree 9;Tree 9_E_6;2;7;0.34439056888658987;1.2210623259316151;;Edge;0;2695;8.55259426475548;0.0;gill-spacing_c;<=;0.5;Yes;No;2695.0;0.2339248674809864;0.7660751325190136;0.2339248674809864;0.7660751325190136;Poisonous
Tree 9;Tree 9_E_6;3;7;0.35383659257566025;1.321279487596116;;Edge;0;2695;8.404817571221837;0.0;gill-spacing_c;<=;0.5;Yes;No;2695.0;0.2339248674809864;0.7660751325190136;0.2339248674809864;0.7660751325190136;Poisonous
Tree 9;Tree 9_E_6;4;7;0.3626558835955098;1.4214966492606167;;Edge;0;2695;8.257040877688194;0.0;gill-spacing_c;<=;0.5;Yes;No;2695.0;0.2339248674809864;0.7660751325190136;0.2339248674809864;0.7660751325190136;Poisonous
Tree 9;Tree 9_E_6;5;7;0.37076248051999283;1.5217138109251178;;Edge;0;2695;8.109264184154553;0.0;gill-spacing_c;<=;0.5;Yes;No;2695.0;0.2339248674809864;0.7660751325190136;0.2339248674809864;0.7660751325190136;Poisonous
Tree 9;Tree 9_E_6;6;7;0.37815638334910917;1.6219309725896185;;Edge;0;2695;7.961487490620908;0.0;gill-spacing_c;<=;0.5;Yes;No;2695.0;0.2339248674809864;0.7660751325190136;0.2339248674809864;0.7660751325190136;Poisonous
Tree 9;Tree 9_E_6;7;7;0.3849235535090047;1.7221481342541192;;Edge;0;2695;7.813710797087266;0.0;gill-spacing_c;<=;0.5;Yes;No;2695.0;0.2339248674809864;0.7660751325190136;0.2339248674809864;0.7660751325190136;Poisonous
Tree 9;Tree 9_E_6;8;7;0.3912255456353224;1.82236529591862;;Edge;0;2695;7.665934103553623;0.0;gill-spacing_c;<=;0.5;Yes;No;2695.0;0.2339248674809864;0.7660751325190136;0.2339248674809864;0.7660751325190136;Poisonous
Tree 9;Tree 9_E_6;9;7;0.3972800216998514;1.922582457583121;gill-spacing: c;Split;1;2695;7.518157410019979;0.0;gill-spacing_c;<=;0.5;Yes;No;2695.0;0.2339248674809864;0.7660751325190136;0.2339248674809864;0.7660751325190136;Poisonous
Tree 9;Tree 9_E_7;0;7;0.3972800216998514;1.922582457583121;gill-spacing: c;Split;1;504;7.518157410019979;0.0;gill-spacing_c;<=;0.5;Yes;No;2695.0;0.2339248674809864;0.7660751325190136;0.2339248674809864;0.7660751325190136;Poisonous
Tree 9;Tree 9_E_7;1;8;0.3833161438966039;2.037912988375434;;Edge;0;504;7.107115148378665;0.0;stalk-surface-above-ring_y;<=;0.5;Yes;No;504.0;0.935;0.065;0.935;0.065;Edible
Tree 9;Tree 9_E_7;2;8;0.3695997821551452;2.1532435191677464;;Edge;0;504;6.696072886737352;0.0;stalk-surface-above-ring_y;<=;0.5;Yes;No;504.0;0.935;0.065;0.935;0.065;Edible
Tree 9;Tree 9_E_7;3;8;0.3563485984472643;2.2685740499600593;;Edge;0;504;6.285030625096038;0.0;stalk-surface-above-ring_y;<=;0.5;Yes;No;504.0;0.935;0.065;0.935;0.065;Edible
Tree 9;Tree 9_E_7;4;8;0.3437241474086042;2.3839045807523718;;Edge;0;504;5.873988363454725;0.0;stalk-surface-above-ring_y;<=;0.5;Yes;No;504.0;0.935;0.065;0.935;0.065;Edible
Tree 9;Tree 9_E_7;5;8;0.33181239046531075;2.4992351115446847;;Edge;0;504;5.46294610181341;0.0;stalk-surface-above-ring_y;<=;0.5;Yes;No;504.0;0.935;0.065;0.935;0.065;Edible
Tree 9;Tree 9_E_7;6;8;0.32061332761738387;2.614565642336997;;Edge;0;504;5.051903840172097;0.0;stalk-surface-above-ring_y;<=;0.5;Yes;No;504.0;0.935;0.065;0.935;0.065;Edible
Tree 9;Tree 9_E_7;7;8;0.31004099743867786;2.72989617312931;;Edge;0;504;4.640861578530783;0.0;stalk-surface-above-ring_y;<=;0.5;Yes;No;504.0;0.935;0.065;0.935;0.065;Edible
Tree 9;Tree 9_E_7;8;8;0.2999338452935496;2.8452267039216226;;Edge;0;504;4.229819316889469;0.0;stalk-surface-above-ring_y;<=;0.5;Yes;No;504.0;0.935;0.065;0.935;0.065;Edible
Tree 9;Tree 9_E_7;9;8;0.2900742092102101;2.9605572347139355;stalk-surface-above-ring: y;Split;1;504;3.8187770552481552;0.0;stalk-surface-above-ring_y;<=;0.5;Yes;No;504.0;0.935;0.065;0.935;0.065;Edible
Tree 9;Tree 9_E_8;0;8;0.2900742092102101;2.9605572347139355;stalk-surface-above-ring: y;Split;1;500;3.8187770552481552;0.0;stalk-surface-above-ring_y;<=;0.5;Yes;No;504.0;0.935;0.065;0.935;0.065;Edible
Tree 9;Tree 9_E_8;1;9;0.28782804349186125;3.0823927537226647;;Edge;0;500;3.8175317324213185;1.0;;;;;;500.0;0.9432534678436317;0.05674653215636822;0.9432534678436317;0.05674653215636822;Edible
Tree 9;Tree 9_E_8;2;9;0.28582939383530115;3.204228272731394;;Edge;0;500;3.8162864095944817;1.0;;;;;;500.0;0.9432534678436317;0.05674653215636822;0.9432534678436317;0.05674653215636822;Edible
Tree 9;Tree 9_E_8;3;9;0.28429592221231886;3.3260637917401232;;Edge;0;500;3.815041086767645;1.0;;;;;;500.0;0.9432534678436317;0.05674653215636822;0.9432534678436317;0.05674653215636822;Edible
Tree 9;Tree 9_E_8;4;9;0.2833891832585574;3.447899310748852;;Edge;0;500;3.813795763940808;1.0;;;;;;500.0;0.9432534678436317;0.05674653215636822;0.9432534678436317;0.05674653215636822;Edible
Tree 9;Tree 9_E_8;5;9;0.2831951384001625;3.5697348297575813;;Edge;0;500;3.812550441113972;1.0;;;;;;500.0;0.9432534678436317;0.05674653215636822;0.9432534678436317;0.05674653215636822;Edible
Tree 9;Tree 9_E_8;6;9;0.2837137876371343;3.6915703487663105;;Edge;0;500;3.811305118287135;1.0;;;;;;500.0;0.9432534678436317;0.05674653215636822;0.9432534678436317;0.05674653215636822;Edible
Tree 9;Tree 9_E_8;7;9;0.28485916954332685;3.8134058677750398;;Edge;0;500;3.8100597954602984;1.0;;;;;;500.0;0.9432534678436317;0.05674653215636822;0.9432534678436317;0.05674653215636822;Edible
Tree 9;Tree 9_E_8;8;9;0.28646972948309724;3.935241386783769;;Edge;0;500;3.8088144726334616;1.0;;;;;;500.0;0.9432534678436317;0.05674653215636822;0.9432534678436317;0.05674653215636822;Edible
Tree 9;Tree 9_E_8;9;9;0.28832780548465636;4.057076905792498;YES;YES;1;500;3.807569149806625;1.0;;;;;;500.0;0.9432534678436317;0.05674653215636822;0.9432534678436317;0.05674653215636822;Edible
Tree 9;Tree 9_E_9;0;8;0.2900742092102101;2.9605572347139355;stalk-surface-above-ring: y;Split;1;4;3.8187770552481552;0.0;stalk-surface-above-ring_y;<=;0.5;Yes;No;504.0;0.935;0.065;0.935;0.065;Edible
Tree 9;Tree 9_E_9;1;10;0.29844912263874485;3.083703911892052;;Edge;0;4;3.5334814512005774;1.0;;;;;;4.0;0.0;1.0;0.0;1.0;Poisonous
Tree 9;Tree 9_E_9;2;10;0.30657652000549085;3.206850589070169;;Edge;0;4;3.2481858471529996;1.0;;;;;;4.0;0.0;1.0;0.0;1.0;Poisonous
Tree 9;Tree 9_E_9;3;10;0.31423873933865903;3.3299972662482853;;Edge;0;4;2.9628902431054223;1.0;;;;;;4.0;0.0;1.0;0.0;1.0;Poisonous
Tree 9;Tree 9_E_9;4;10;0.3212742260026064;3.4531439434264017;;Edge;0;4;2.6775946390578445;1.0;;;;;;4.0;0.0;1.0;0.0;1.0;Poisonous
Tree 9;Tree 9_E_9;5;10;0.32759701857118717;3.5762906206045186;;Edge;0;4;2.3922990350102666;1.0;;;;;;4.0;0.0;1.0;0.0;1.0;Poisonous
Tree 9;Tree 9_E_9;6;10;0.3332071170444013;3.699437297782635;;Edge;0;4;2.1070034309626893;1.0;;;;;;4.0;0.0;1.0;0.0;1.0;Poisonous
Tree 9;Tree 9_E_9;7;10;0.33819048284839465;3.8225839749607515;;Edge;0;4;1.8217078269151115;1.0;;;;;;4.0;0.0;1.0;0.0;1.0;Poisonous
Tree 9;Tree 9_E_9;8;10;0.34270867061881016;3.9457306521388684;;Edge;0;4;1.5364122228675337;1.0;;;;;;4.0;0.0;1.0;0.0;1.0;Poisonous
Tree 9;Tree 9_E_9;9;10;0.34697934232743693;4.068877329316985;NO;NO;1;4;1.2511166188199558;1.0;;;;;;4.0;0.0;1.0;0.0;1.0;Poisonous
Tree 9;Tree 9_E_10;0;7;0.3972800216998514;1.922582457583121;gill-spacing: c;Split;1;2191;7.518157410019979;0.0;gill-spacing_c;<=;0.5;Yes;No;2695.0;0.2339248674809864;0.7660751325190136;0.2339248674809864;0.7660751325190136;Poisonous
Tree 9;Tree 9_E_10;1;11;0.40141871634392007;2.039900310898085;;Edge;0;2191;7.4469341736299315;0.0;population_c;<=;0.5;Yes;No;2191.0;0.07544504097202599;0.924554959027974;0.07544504097202599;0.924554959027974;Poisonous
Tree 9;Tree 9_E_10;2;11;0.40530989492620006;2.157218164213049;;Edge;0;2191;7.375710937239883;0.0;population_c;<=;0.5;Yes;No;2191.0;0.07544504097202599;0.924554959027974;0.07544504097202599;0.924554959027974;Poisonous
Tree 9;Tree 9_E_10;3;11;0.4087358954749022;2.274536017528013;;Edge;0;2191;7.304487700849835;0.0;population_c;<=;0.5;Yes;No;2191.0;0.07544504097202599;0.924554959027974;0.07544504097202599;0.924554959027974;Poisonous
Tree 9;Tree 9_E_10;4;11;0.4115351633543835;2.391853870842977;;Edge;0;2191;7.233264464459787;0.0;population_c;<=;0.5;Yes;No;2191.0;0.07544504097202599;0.924554959027974;0.07544504097202599;0.924554959027974;Poisonous
Tree 9;Tree 9_E_10;5;11;0.41362173713849826;2.509171724157941;;Edge;0;2191;7.1620412280697385;0.0;population_c;<=;0.5;Yes;No;2191.0;0.07544504097202599;0.924554959027974;0.07544504097202599;0.924554959027974;Poisonous
Tree 9;Tree 9_E_10;6;11;0.41499561682724634;2.626489577472905;;Edge;0;2191;7.090817991679691;0.0;population_c;<=;0.5;Yes;No;2191.0;0.07544504097202599;0.924554959027974;0.07544504097202599;0.924554959027974;Poisonous
Tree 9;Tree 9_E_10;7;11;0.4157427638467736;2.743807430787869;;Edge;0;2191;7.019594755289643;0.0;population_c;<=;0.5;Yes;No;2191.0;0.07544504097202599;0.924554959027974;0.07544504097202599;0.924554959027974;Poisonous
Tree 9;Tree 9_E_10;8;11;0.4160247328327231;2.861125284102833;;Edge;0;2191;6.948371518899594;0.0;population_c;<=;0.5;Yes;No;2191.0;0.07544504097202599;0.924554959027974;0.07544504097202599;0.924554959027974;Poisonous
Tree 9;Tree 9_E_10;9;11;0.41605918575688383;2.978443137417797;population: c;Split;1;2191;6.8771482825095465;0.0;population_c;<=;0.5;Yes;No;2191.0;0.07544504097202599;0.924554959027974;0.07544504097202599;0.924554959027974;Poisonous
Tree 9;Tree 9_E_11;0;11;0.41605918575688383;2.978443137417797;population: c;Split;1;2119;6.8771482825095465;0.0;population_c;<=;0.5;Yes;No;2191.0;0.07544504097202599;0.924554959027974;0.07544504097202599;0.924554959027974;Poisonous
Tree 9;Tree 9_E_11;1;12;0.41390192831592076;3.083061210509905;;Edge;0;2119;6.8663290372745145;1.0;;;;;;2119.0;0.05706760316066725;0.9429323968393327;0.05706760316066725;0.9429323968393327;Poisonous
Tree 9;Tree 9_E_11;2;12;0.4119921869367464;3.187679283602013;;Edge;0;2119;6.8555097920394825;1.0;;;;;;2119.0;0.05706760316066725;0.9429323968393327;0.05706760316066725;0.9429323968393327;Poisonous
Tree 9;Tree 9_E_11;3;12;0.4105476235911499;3.292297356694121;;Edge;0;2119;6.8446905468044505;1.0;;;;;;2119.0;0.05706760316066725;0.9429323968393327;0.05706760316066725;0.9429323968393327;Poisonous
Tree 9;Tree 9_E_11;4;12;0.4097297929147742;3.396915429786229;;Edge;0;2119;6.833871301569419;1.0;;;;;;2119.0;0.05706760316066725;0.9429323968393327;0.05706760316066725;0.9429323968393327;Poisonous
Tree 9;Tree 9_E_11;5;12;0.40962465633376505;3.501533502878337;;Edge;0;2119;6.823052056334386;1.0;;;;;;2119.0;0.05706760316066725;0.9429323968393327;0.05706760316066725;0.9429323968393327;Poisonous
Tree 9;Tree 9_E_11;6;12;0.4102322138481226;3.6061515759704452;;Edge;0;2119;6.812232811099354;1.0;;;;;;2119.0;0.05706760316066725;0.9429323968393327;0.05706760316066725;0.9429323968393327;Poisonous
Tree 9;Tree 9_E_11;7;12;0.41146650403170093;3.710769649062553;;Edge;0;2119;6.801413565864322;1.0;;;;;;2119.0;0.05706760316066725;0.9429323968393327;0.05706760316066725;0.9429323968393327;Poisonous
Tree 9;Tree 9_E_11;8;12;0.41316597224885704;3.815387722154661;;Edge;0;2119;6.79059432062929;1.0;;;;;;2119.0;0.05706760316066725;0.9429323968393327;0.05706760316066725;0.9429323968393327;Poisonous
Tree 9;Tree 9_E_11;9;12;0.41511295652780195;3.920005795246769;NO;NO;1;2119;6.779775075394258;1.0;;;;;;2119.0;0.05706760316066725;0.9429323968393327;0.05706760316066725;0.9429323968393327;Poisonous
Tree 9;Tree 9_E_12;0;11;0.41605918575688383;2.978443137417797;population: c;Split;1;72;6.8771482825095465;0.0;population_c;<=;0.5;Yes;No;2191.0;0.07544504097202599;0.924554959027974;0.07544504097202599;0.924554959027974;Poisonous
Tree 9;Tree 9_E_12;1;13;0.4240462034245644;3.0897609939253874;;Edge;0;72;6.342509316032638;1.0;;;;;;72.0;0.5901639344262295;0.4098360655737705;0.5901639344262295;0.4098360655737705;Edible
Tree 9;Tree 9_E_12;2;13;0.4317857050304562;3.201078850432978;;Edge;0;72;5.80787034955573;1.0;;;;;;72.0;0.5901639344262295;0.4098360655737705;0.5901639344262295;0.4098360655737705;Edible
Tree 9;Tree 9_E_12;3;13;0.4390600286027702;3.3123967069405684;;Edge;0;72;5.273231383078821;1.0;;;;;;72.0;0.5901639344262295;0.4098360655737705;0.5901639344262295;0.4098360655737705;Edible
Tree 9;Tree 9_E_12;4;13;0.4457076195058634;3.423714563448159;;Edge;0;72;4.738592416601913;1.0;;;;;;72.0;0.5901639344262295;0.4098360655737705;0.5901639344262295;0.4098360655737705;Edible
Tree 9;Tree 9_E_12;5;13;0.4516425163135899;3.5350324199557495;;Edge;0;72;4.203953450125004;1.0;;;;;;72.0;0.5901639344262295;0.4098360655737705;0.5901639344262295;0.4098360655737705;Edible
Tree 9;Tree 9_E_12;6;13;0.4568647190259499;3.64635027646334;;Edge;0;72;3.6693144836480958;1.0;;;;;;72.0;0.5901639344262295;0.4098360655737705;0.5901639344262295;0.4098360655737705;Edible
Tree 9;Tree 9_E_12;7;13;0.46146018906908903;3.7576681329709305;;Edge;0;72;3.1346755171711878;1.0;;;;;;72.0;0.5901639344262295;0.4098360655737705;0.5901639344262295;0.4098360655737705;Edible
Tree 9;Tree 9_E_12;8;13;0.46559048107865036;3.868985989478521;;Edge;0;72;2.600036550694279;1.0;;;;;;72.0;0.5901639344262295;0.4098360655737705;0.5901639344262295;0.4098360655737705;Edible
Tree 9;Tree 9_E_12;9;13;0.46947325702642295;3.9803038459861115;YES;YES;1;72;2.0653975842173704;1.0;;;;;;72.0;0.5901639344262295;0.4098360655737705;0.5901639344262295;0.4098360655737705;Edible
Tree 9;Tree 9_E_13;0;0;0.5;0.08;spore-print-color: n;Split;1;1231;10.0;0.0;spore-print-color_n;<=;0.5;Yes;No;5138.0;0.508000984736583;0.49199901526341705;0.508000984736583;0.49199901526341705;Edible
Tree 9;Tree 9_E_13;1;14;0.5212265485584685;0.18998187742741468;;Edge;0;1231;9.489476647133191;0.0;odor_n;<=;0.5;Yes;No;1231.0;0.8895932382461701;0.1104067617538299;0.8895932382461701;0.1104067617538299;Edible
Tree 9;Tree 9_E_13;2;14;0.5422055810551482;0.29996375485482935;;Edge;0;1231;8.978953294266383;0.0;odor_n;<=;0.5;Yes;No;1231.0;0.8895932382461701;0.1104067617538299;0.8895932382461701;0.1104067617538299;Edible
Tree 9;Tree 9_E_13;3;14;0.5627194355182501;0.409945632282244;;Edge;0;1231;8.468429941399574;0.0;odor_n;<=;0.5;Yes;No;1231.0;0.8895932382461701;0.1104067617538299;0.8895932382461701;0.1104067617538299;Edible
Tree 9;Tree 9_E_13;4;14;0.5826065573121312;0.5199275097096586;;Edge;0;1231;7.957906588532764;0.0;odor_n;<=;0.5;Yes;No;1231.0;0.8895932382461701;0.1104067617538299;0.8895932382461701;0.1104067617538299;Edible
Tree 9;Tree 9_E_13;5;14;0.6017809850106456;0.6299093871370733;;Edge;0;1231;7.4473832356659555;0.0;odor_n;<=;0.5;Yes;No;1231.0;0.8895932382461701;0.1104067617538299;0.8895932382461701;0.1104067617538299;Edible
Tree 9;Tree 9_E_13;6;14;0.6202427186137935;0.739891264564488;;Edge;0;1231;6.936859882799147;0.0;odor_n;<=;0.5;Yes;No;1231.0;0.8895932382461701;0.1104067617538299;0.8895932382461701;0.1104067617538299;Edible
Tree 9;Tree 9_E_13;7;14;0.6380777195477205;0.8498731419919026;;Edge;0;1231;6.426336529932338;0.0;odor_n;<=;0.5;Yes;No;1231.0;0.8895932382461701;0.1104067617538299;0.8895932382461701;0.1104067617538299;Edible
Tree 9;Tree 9_E_13;8;14;0.6554475424480698;0.9598550194193173;;Edge;0;1231;5.9158131770655284;0.0;odor_n;<=;0.5;Yes;No;1231.0;0.8895932382461701;0.1104067617538299;0.8895932382461701;0.1104067617538299;Edible
Tree 9;Tree 9_E_13;9;14;0.6725698492866303;1.069836896846732;odor: n;Split;1;1231;5.40528982419872;0.0;odor_n;<=;0.5;Yes;No;1231.0;0.8895932382461701;0.1104067617538299;0.8895932382461701;0.1104067617538299;Edible
Tree 9;Tree 9_E_14;0;14;0.6725698492866303;1.069836896846732;odor: n;Split;1;387;5.40528982419872;0.0;odor_n;<=;0.5;Yes;No;1231.0;0.8895932382461701;0.1104067617538299;0.8895932382461701;0.1104067617538299;Edible
Tree 9;Tree 9_E_14;1;15;0.6697629029394947;1.1793784690039517;;Edge;0;387;5.190260142122602;0.0;stalk-root_e;<=;0.5;Yes;No;387.0;0.6475548060708263;0.3524451939291737;0.6475548060708263;0.3524451939291737;Edible
Tree 9;Tree 9_E_14;2;15;0.6672034726541479;1.2889200411611714;;Edge;0;387;4.975230460046484;0.0;stalk-root_e;<=;0.5;Yes;No;387.0;0.6475548060708263;0.3524451939291737;0.6475548060708263;0.3524451939291737;Edible
Tree 9;Tree 9_E_14;3;15;0.6651092204023789;1.398461613318391;;Edge;0;387;4.7602007779703674;0.0;stalk-root_e;<=;0.5;Yes;No;387.0;0.6475548060708263;0.3524451939291737;0.6475548060708263;0.3524451939291737;Edible
Tree 9;Tree 9_E_14;4;15;0.6636417008198308;1.5080031854756109;;Edge;0;387;4.54517109589425;0.0;stalk-root_e;<=;0.5;Yes;No;387.0;0.6475548060708263;0.3524451939291737;0.6475548060708263;0.3524451939291737;Edible
Tree 9;Tree 9_E_14;5;15;0.6628868753326491;1.6175447576328303;;Edge;0;387;4.330141413818132;0.0;stalk-root_e;<=;0.5;Yes;No;387.0;0.6475548060708263;0.3524451939291737;0.6475548060708263;0.3524451939291737;Edible
Tree 9;Tree 9_E_14;6;15;0.6628447439408341;1.72708632979005;;Edge;0;387;4.115111731742015;0.0;stalk-root_e;<=;0.5;Yes;No;387.0;0.6475548060708263;0.3524451939291737;0.6475548060708263;0.3524451939291737;Edible
Tree 9;Tree 9_E_14;7;15;0.6634293452182399;1.8366279019472698;;Edge;0;387;3.9000820496658974;0.0;stalk-root_e;<=;0.5;Yes;No;387.0;0.6475548060708263;0.3524451939291737;0.6475548060708263;0.3524451939291737;Edible
Tree 9;Tree 9_E_14;8;15;0.6644791245292236;1.9461694741044895;;Edge;0;387;3.6850523675897797;0.0;stalk-root_e;<=;0.5;Yes;No;387.0;0.6475548060708263;0.3524451939291737;0.6475548060708263;0.3524451939291737;Edible
Tree 9;Tree 9_E_14;9;15;0.665776419901996;2.055711046261709;stalk-root: e;Split;1;387;3.470022685513662;0.0;stalk-root_e;<=;0.5;Yes;No;387.0;0.6475548060708263;0.3524451939291737;0.6475548060708263;0.3524451939291737;Edible
Tree 9;Tree 9_E_15;0;15;0.665776419901996;2.055711046261709;stalk-root: e;Split;1;309;3.470022685513662;0.0;stalk-root_e;<=;0.5;Yes;No;387.0;0.6475548060708263;0.3524451939291737;0.6475548060708263;0.3524451939291737;Edible
Tree 9;Tree 9_E_15;1;16;0.6518447241809803;2.156064629269885;;Edge;0;309;3.4408105718688966;0.0;bruises_t;<=;0.5;Yes;No;309.0;0.8084210526315789;0.19157894736842104;0.8084210526315789;0.19157894736842104;Edible
Tree 9;Tree 9_E_15;2;16;0.6381605445217533;2.2564182122780605;;Edge;0;309;3.411598458224131;0.0;bruises_t;<=;0.5;Yes;No;309.0;0.8084210526315789;0.19157894736842104;0.8084210526315789;0.19157894736842104;Edible
Tree 9;Tree 9_E_15;3;16;0.6249415428961043;2.356771795286236;;Edge;0;309;3.3823863445793654;0.0;bruises_t;<=;0.5;Yes;No;309.0;0.8084210526315789;0.19157894736842104;0.8084210526315789;0.19157894736842104;Edible
Tree 9;Tree 9_E_15;4;16;0.612349273939676;2.4571253782944114;;Edge;0;309;3.3531742309346;0.0;bruises_t;<=;0.5;Yes;No;309.0;0.8084210526315789;0.19157894736842104;0.8084210526315789;0.19157894736842104;Edible
Tree 9;Tree 9_E_15;5;16;0.6004696990786142;2.5574789613025875;;Edge;0;309;3.3239621172898346;0.0;bruises_t;<=;0.5;Yes;No;309.0;0.8084210526315789;0.19157894736842104;0.8084210526315789;0.19157894736842104;Edible
Tree 9;Tree 9_E_15;6;16;0.5893028183129191;2.6578325443107627;;Edge;0;309;3.294750003645069;0.0;bruises_t;<=;0.5;Yes;No;309.0;0.8084210526315789;0.19157894736842104;0.8084210526315789;0.19157894736842104;Edible
Tree 9;Tree 9_E_15;7;16;0.5787626702164449;2.7581861273189383;;Edge;0;309;3.265537890000304;0.0;bruises_t;<=;0.5;Yes;No;309.0;0.8084210526315789;0.19157894736842104;0.8084210526315789;0.19157894736842104;Edible
Tree 9;Tree 9_E_15;8;16;0.5686877001535484;2.858539710327114;;Edge;0;309;3.236325776355538;0.0;bruises_t;<=;0.5;Yes;No;309.0;0.8084210526315789;0.19157894736842104;0.8084210526315789;0.19157894736842104;Edible
Tree 9;Tree 9_E_15;9;16;0.5588602461524407;2.9588932933352896;bruises: t;Split;1;309;3.2071136627107726;0.0;bruises_t;<=;0.5;Yes;No;309.0;0.8084210526315789;0.19157894736842104;0.8084210526315789;0.19157894736842104;Edible
Tree 9;Tree 9_E_16;0;16;0.5588602461524407;2.9588932933352896;bruises: t;Split;1;60;3.2071136627107726;0.0;bruises_t;<=;0.5;Yes;No;309.0;0.8084210526315789;0.19157894736842104;0.8084210526315789;0.19157894736842104;Edible
Tree 9;Tree 9_E_16;1;17;0.552835727031966;3.066026285457666;;Edge;0;60;3.0699421982590875;1.0;;;;;;60.0;0.0;1.0;0.0;1.0;Poisonous
Tree 9;Tree 9_E_16;2;17;0.5470587239732803;3.1731592775800426;;Edge;0;60;2.932770733807402;1.0;;;;;;60.0;0.0;1.0;0.0;1.0;Poisonous
Tree 9;Tree 9_E_16;3;17;0.5417468989481722;3.280292269702419;;Edge;0;60;2.795599269355717;1.0;;;;;;60.0;0.0;1.0;0.0;1.0;Poisonous
Tree 9;Tree 9_E_16;4;17;0.537061806592285;3.3874252618247955;;Edge;0;60;2.658427804904032;1.0;;;;;;60.0;0.0;1.0;0.0;1.0;Poisonous
Tree 9;Tree 9_E_16;5;17;0.5330894083317644;3.494558253947172;;Edge;0;60;2.5212563404523465;1.0;;;;;;60.0;0.0;1.0;0.0;1.0;Poisonous
Tree 9;Tree 9_E_16;6;17;0.5298297041666103;3.6016912460695485;;Edge;0;60;2.384084876000662;1.0;;;;;;60.0;0.0;1.0;0.0;1.0;Poisonous
Tree 9;Tree 9_E_16;7;17;0.5271967326706771;3.7088242381919247;;Edge;0;60;2.2469134115489764;1.0;;;;;;60.0;0.0;1.0;0.0;1.0;Poisonous
Tree 9;Tree 9_E_16;8;17;0.5250289392083218;3.815957230314301;;Edge;0;60;2.1097419470972913;1.0;;;;;;60.0;0.0;1.0;0.0;1.0;Poisonous
Tree 9;Tree 9_E_16;9;17;0.5231086618077552;3.9230902224366777;NO;NO;1;60;1.972570482645606;1.0;;;;;;60.0;0.0;1.0;0.0;1.0;Poisonous
Tree 9;Tree 9_E_17;0;16;0.5588602461524407;2.9588932933352896;bruises: t;Split;1;249;3.2071136627107726;0.0;bruises_t;<=;0.5;Yes;No;309.0;0.8084210526315789;0.19157894736842104;0.8084210526315789;0.19157894736842104;Edible
Tree 9;Tree 9_E_17;1;18;0.5660115688956646;3.0747322973392732;;Edge;0;249;3.1820206672591507;1.0;;;;;;249.0;1.0;0.0;1.0;0.0;Edible
Tree 9;Tree 9_E_17;2;18;0.5729153755770998;3.1905713013432573;;Edge;0;249;3.1569276718075288;1.0;;;;;;249.0;1.0;0.0;1.0;0.0;Edible
Tree 9;Tree 9_E_17;3;18;0.5793540042249572;3.306410305347241;;Edge;0;249;3.131834676355907;1.0;;;;;;249.0;1.0;0.0;1.0;0.0;Edible
Tree 9;Tree 9_E_17;4;18;0.5851659002035937;3.422249309351225;;Edge;0;249;3.106741680904285;1.0;;;;;;249.0;1.0;0.0;1.0;0.0;Edible
Tree 9;Tree 9_E_17;5;18;0.5902651020868636;3.5380883133552086;;Edge;0;249;3.081648685452663;1.0;;;;;;249.0;1.0;0.0;1.0;0.0;Edible
Tree 9;Tree 9_E_17;6;18;0.594651609874767;3.6539273173591926;;Edge;0;249;3.056555690001041;1.0;;;;;;249.0;1.0;0.0;1.0;0.0;Edible
Tree 9;Tree 9_E_17;7;18;0.5984113849934495;3.7697663213631762;;Edge;0;249;3.031462694549419;1.0;;;;;;249.0;1.0;0.0;1.0;0.0;Edible
Tree 9;Tree 9_E_17;8;18;0.6017059820785542;3.88560532536716;;Edge;0;249;3.0063696990977973;1.0;;;;;;249.0;1.0;0.0;1.0;0.0;Edible
Tree 9;Tree 9_E_17;9;18;0.6047530631018702;4.001444329371144;YES;YES;1;249;2.9812767036461754;1.0;;;;;;249.0;1.0;0.0;1.0;0.0;Edible
Tree 9;Tree 9_E_18;0;15;0.665776419901996;2.055711046261709;stalk-root: e;Split;1;78;3.470022685513662;0.0;stalk-root_e;<=;0.5;Yes;No;387.0;0.6475548060708263;0.3524451939291737;0.6475548060708263;0.3524451939291737;Edible
Tree 9;Tree 9_E_18;1;19;0.6692934300702501;2.1692603320452966;;Edge;0;78;3.318786938622069;1.0;;;;;;78.0;0.0;1.0;0.0;1.0;Poisonous
Tree 9;Tree 9_E_18;2;19;0.6725629241767155;2.2828096178288844;;Edge;0;78;3.1675511917304764;1.0;;;;;;78.0;0.0;1.0;0.0;1.0;Poisonous
Tree 9;Tree 9_E_18;3;19;0.6753672402496032;2.3963589036124717;;Edge;0;78;3.016315444838884;1.0;;;;;;78.0;0.0;1.0;0.0;1.0;Poisonous
Tree 9;Tree 9_E_18;4;19;0.6775448236532698;2.5099081893960595;;Edge;0;78;2.8650796979472912;1.0;;;;;;78.0;0.0;1.0;0.0;1.0;Poisonous
Tree 9;Tree 9_E_18;5;19;0.67900971296157;2.623457475179647;;Edge;0;78;2.7138439510556984;1.0;;;;;;78.0;0.0;1.0;0.0;1.0;Poisonous
Tree 9;Tree 9_E_18;6;19;0.6797619081745035;2.7370067609632347;;Edge;0;78;2.562608204164106;1.0;;;;;;78.0;0.0;1.0;0.0;1.0;Poisonous
Tree 9;Tree 9_E_18;7;19;0.6798873707182164;2.850556046746822;;Edge;0;78;2.4113724572725133;1.0;;;;;;78.0;0.0;1.0;0.0;1.0;Poisonous
Tree 9;Tree 9_E_18;8;19;0.6795476552283513;2.9641053325304094;;Edge;0;78;2.2601367103809205;1.0;;;;;;78.0;0.0;1.0;0.0;1.0;Poisonous
Tree 9;Tree 9_E_18;9;19;0.6789604236766974;3.0776546183139972;NO;NO;1;78;2.1089009634893277;1.0;;;;;;78.0;0.0;1.0;0.0;1.0;Poisonous
Tree 9;Tree 9_E_19;0;14;0.6725698492866303;1.069836896846732;odor: n;Split;1;844;5.40528982419872;0.0;odor_n;<=;0.5;Yes;No;1231.0;0.8895932382461701;0.1104067617538299;0.8895932382461701;0.1104067617538299;Edible
Tree 9;Tree 9_E_19;1;20;0.6943644892669347;1.1774774819022071;;Edge;0;844;5.321110908936449;1.0;;;;;;844.0;1.0;0.0;1.0;0.0;Edible
Tree 9;Tree 9_E_19;2;20;0.7159116131854505;1.2851180669576823;;Edge;0;844;5.236931993674177;1.0;;;;;;844.0;1.0;0.0;1.0;0.0;Edible
Tree 9;Tree 9_E_19;3;20;0.7369935590703883;1.3927586520131574;;Edge;0;844;5.152753078411906;1.0;;;;;;844.0;1.0;0.0;1.0;0.0;Edible
Tree 9;Tree 9_E_19;4;20;0.7574487722861053;1.5003992370686325;;Edge;0;844;5.068574163149634;1.0;;;;;;844.0;1.0;0.0;1.0;0.0;Edible
Tree 9;Tree 9_E_19;5;20;0.7771912914064558;1.6080398221241077;;Edge;0;844;4.984395247887363;1.0;;;;;;844.0;1.0;0.0;1.0;0.0;Edible
Tree 9;Tree 9_E_19;6;20;0.7962211164314397;1.7156804071795828;;Edge;0;844;4.900216332625091;1.0;;;;;;844.0;1.0;0.0;1.0;0.0;Edible
Tree 9;Tree 9_E_19;7;20;0.8146242087872027;1.823320992235058;;Edge;0;844;4.81603741736282;1.0;;;;;;844.0;1.0;0.0;1.0;0.0;Edible
Tree 9;Tree 9_E_19;8;20;0.8325621231093878;1.930961577290533;;Edge;0;844;4.731858502100549;1.0;;;;;;844.0;1.0;0.0;1.0;0.0;Edible
Tree 9;Tree 9_E_19;9;20;0.8502525213697844;2.038602162346008;YES;YES;1;844;4.647679586838278;1.0;;;;;;844.0;1.0;0.0;1.0;0.0;Edible
